scrape_date,scrape_timestamp,scrape_id,retailer,product_id,product_name,category,selling_price,reference_price,reference_label,promotion_name,page_url
01/01/2024,01/01/2024 18:18,SCR-F731267B731B,RETAILER A,RET-PROD-001,Wireless Soundbar 494,Audio,,,,,https://www.retailera.co.uk/products/wireless-soundbar-494
02/01/2024,02/01/2024 15:10,SCR-0A6A04C92C6F,Retailer-A,RET-PROD-001,Wireless Soundbar 494,Audio,308.99,,,,https://www.retailera.co.uk/products/wireless-soundbar-494
03/01/2024,03/01/2024 06:45,SCR-C8FFBFBE7D68,Ret. A,RET-PROD-001,Wireless Soundbar 494,Audio,308.99,,,,https://www.retailera.co.uk/products/wireless-soundbar-494
04/01/2024,04/01/2024 17:25,SCR-3FDD73A42E4C,RetailerA,RET-PROD-001,Wireless Soundbar 494,Audio,308.99,,,,https://www.retailera.co.uk/products/wireless-soundbar-494
05/01/2024,05/01/2024 08:35,SCR-4E9B8042FC55,Retailer-A,RET-PROD-001,Wireless Soundbar 494,Audio,308.99,,,,https://www.retailera.co.uk/products/wireless-soundbar-494
06/01/2024,06/01/2024 16:05,SCR-5EADC68C55F1,Retailer-A,RET-PROD-001,Wireless Soundbar 494,Audio,308.99,,,,https://www.retailera.co.uk/products/wireless-soundbar-494
07/01/2024,07/01/2024 19:02,SCR-46E179D4727E,RETAILER A,RET-PROD-001,Wireless Soundbar 494,Audio,308.99,,,,https://www.retailera.co.uk/products/wireless-soundbar-494
08/01/2024,08/01/2024 09:19,SCR-250D63D739C4,RETAILER A,RET-PROD-001,Wireless Soundbar 494,,308.99,,,,https://www.retailera.co.uk/products/wireless-soundbar-494
09/01/2024,09/01/2024 17:06,SCR-3142A87F34D3,Retailer A,RET-PROD-001,Wireless Soundbar 494,Audio,308.99,,,,https://www.retailera.co.uk/products/wireless-soundbar-494
10/01/2024,10/01/2024 19:10,SCR-A0B3FEB4D894,Retailer-A,RET-PROD-001,Wireless Soundbar 494,Audio,308.99,,,,https://www.retailera.co.uk/products/wireless-soundbar-494
11/01/2024,11/01/2024 22:34,SCR-0918BC76F3F5,Ret. A,RET-PROD-001,Wireless Soundbar 494,Audio,199.15,308.99,Was,Clearance,https://www.retailera.co.uk/products/wireless-soundbar-494
12/01/2024,12/01/2024 16:35,SCR-75592D8619B6,RETAILER A,RET-PROD-001,Wireless Soundbar 494,Audio,£199.15,308.99,Was,Clearance,https://www.retailera.co.uk/products/wireless-soundbar-494
13/01/2024,13/01/2024 08:57,SCR-7EBA939DE1D6,Retailer A,RET-PROD-001,Wireless Soundbar 494,Audio,199.15,308.99,Was,Clearance,https://www.retailera.co.uk/products/wireless-soundbar-494
14/01/2024,14/01/2024 13:46,SCR-3A6758A2899C,RETAILER A,RET-PROD-001,Wireless Soundbar 494,Audio,199.15,308.99,Was,Clearance,https://www.retailera.co.uk/products/wireless-soundbar-494
15/01/2024,15/01/2024 10:29,SCR-C41DE19EA309,Retailer A,RET-PROD-001,Wireless Soundbar 494,electronics,199.15,308.99,Was,Clearance,https://www.retailera.co.uk/products/wireless-soundbar-494
16/01/2024,16/01/2024 13:56,SCR-81D62DEE7997,RETAILER A,RET-PROD-001,Wireless Soundbar 494,Audio,199.15,308.99,Was,Clearance,https://www.retailera.co.uk/products/wireless-soundbar-494
17/01/2024,17/01/2024 15:28,SCR-22D5FF3F7A9F,Retailer-A,RET-PROD-001,Wireless Soundbar 494,Audio,£199.15,308.99,Was,Clearance,https://www.retailera.co.uk/products/wireless-soundbar-494
18/01/2024,18/01/2024 22:19,SCR-FDF23C0B5651,retailer a,RET-PROD-001,Wireless Soundbar 494,Audio,199.15,308.99,Previously,Clearance,https://www.retailera.co.uk/products/wireless-soundbar-494
19/01/2024,19/01/2024 20:26,SCR-D6203A4435FB,Retailer-A,RET-PROD-001,Wireless Soundbar 494,Audio,199.15,308.99,,Clearance,https://www.retailera.co.uk/products/wireless-soundbar-494
20/01/2024,20/01/2024 12:49,SCR-DE3D8A6AF9D8,Retailer A,RET-PROD-001,Wireless Soundbar 494,Audio,199.15,308.99,Was,Clearance,https://www.retailera.co.uk/products/wireless-soundbar-494
21/01/2024,21/01/2024 15:08,SCR-1F6F187E0CE6,Ret. A,RET-PROD-001,Wireless Soundbar 494,Audio,199.15,308.99,Was:,Clearance,https://www.retailera.co.uk/products/wireless-soundbar-494
22/01/2024,22/01/2024 11:06,SCR-F544D23AB12E,Retailer-A,RET-PROD-001,Wireless Soundbar 494,Audio,199.15,308.99,was,Clearance,https://www.retailera.co.uk/products/wireless-soundbar-494
23/01/2024,23/01/2024 08:16,SCR-90495A64FF49,RetailerA,RET-PROD-001,Wireless Soundbar 494,Audio,199.15,308.99,Was,Clearance,https://www.retailera.co.uk/products/wireless-soundbar-494
24/01/2024,24/01/2024 18:43,SCR-ED19C40BFC27,Retailer-A,RET-PROD-001,Wireless Soundbar 494,Audio,199.15,308.99,Was,Clearance,https://www.retailera.co.uk/products/wireless-soundbar-494
25/01/2024,25/01/2024 11:06,SCR-E75D0EB7A98D,RetailerA,RET-PROD-001,Wireless Soundbar 494,Audio,199.15,308.99,Was,Clearance,https://www.retailera.co.uk/products/wireless-soundbar-494
26/01/2024,26/01/2024 22:13,SCR-23337C54B5AC,Ret. A,RET-PROD-001,Wireless Soundbar 494,Audio,£199.15,308.99,Was,Clearance,https://www.retailera.co.uk/products/wireless-soundbar-494
27/01/2024,27/01/2024 08:33,SCR-D618033019FC,Retailer A,RET-PROD-001,Wireless Soundbar 494,Audio,199.15,308.99,Previously,Clearance,https://www.retailera.co.uk/products/wireless-soundbar-494
28/01/2024,28/01/2024 11:49,SCR-8E26F8A112AA,RETAILER A,RET-PROD-001,Wireless Soundbar 494,Audio,199.15,,,Clearance,https://www.retailera.co.uk/products/wireless-soundbar-494
29/01/2024,29/01/2024 22:19,SCR-085A2BD86340,RetailerA,RET-PROD-001,Wireless Soundbar 494,Audio,199.15,,,Clearance,https://www.retailera.co.uk/products/wireless-soundbar-494
30/01/2024,,SCR-9B6E446E058D,Ret. A,RET-PROD-001,Wireless Soundbar 494,Audio,199.15,308.99,Was,Clearance,https://www.retailera.co.uk/products/wireless-soundbar-494
31/01/2024,31/01/2024 21:15,SCR-9805F5817BCA,Retailer-A,RET-PROD-001,Wireless Soundbar 494,Audio,199.15,308.99,Was,Clearance,https://www.retailera.co.uk/products/wireless-soundbar-494
01/02/2024,01/02/2024 09:09,SCR-10DE213A9121,Ret. A,RET-PROD-001,Wireless Soundbar 494,Audio,199.15,308.99,Was,Clearance,https://www.retailera.co.uk/products/wireless-soundbar-494
02/02/2024,02/02/2024 11:26,SCR-0A104B8D1903,Retailer A,RET-PROD-001,Wireless Soundbar 494,Audio,199.15,308.99,Was,Clearance,https://www.retailera.co.uk/products/wireless-soundbar-494
03/02/2024,03/02/2024 08:53,SCR-CE3B79CA9643,Ret. A,RET-PROD-001,Wireless Soundbar 494,Audio,199.15,308.99,Was,Clearance,https://www.retailera.co.uk/products/wireless-soundbar-494
04/02/2024,04/02/2024 20:53,SCR-3B6B0485D617,RetailerA,RET-PROD-001,Wireless Soundbar 494,Audio,199.15,,,Clearance,https://www.retailera.co.uk/products/wireless-soundbar-494
05/02/2024,05/02/2024 07:31,SCR-0D8653DAD016,Ret. A,RET-PROD-001,Wireless Soundbar 494,Audio,199.15,,,,https://www.retailera.co.uk/products/wireless-soundbar-494
06/02/2024,06/02/2024 06:46,SCR-4E52D1E71FCF,retailer a,RET-PROD-001,Wireless Soundbar 494,audio,199.15,,,,https://www.retailera.co.uk/products/wireless-soundbar-494
07/02/2024,07/02/2024 12:22,SCR-842961A37D93,Retailer-A,RET-PROD-001,Wireless Soundbar 494,Audio,199.15,,,,https://www.retailera.co.uk/products/wireless-soundbar-494
08/02/2024,08/02/2024 18:44,SCR-4345845ABC0D,Retailer A,RET-PROD-001,Wireless Soundbar 494,Audio,199.15,,,,https://www.retailera.co.uk/products/wireless-soundbar-494
09/02/2024,09/02/2024 06:56,SCR-79BF3CED5EEF,retailer a,RET-PROD-001,Wireless Soundbar 494,Audio,199.15,,,,https://www.retailera.co.uk/products/wireless-soundbar-494
10/02/2024,10/02/2024 06:07,SCR-B02A1C6D1DF9,retailer a,,Wireless Soundbar 494,Audio,199.15,,,,https://www.retailera.co.uk/products/wireless-soundbar-494
11/02/2024,11/02/2024 21:09,SCR-1D053E68F4F0,RetailerA,RET-PROD-001,Wireless Soundbar 494,Audio,199.15,,,,https://www.retailera.co.uk/products/wireless-soundbar-494
12/02/2024,12/02/2024 12:35,SCR-4EF17976B272,retailer a,RET-PROD-001,Wireless Soundbar 494,audio,199.15,,,,https://www.retailera.co.uk/products/wireless-soundbar-494
13/02/2024,13/02/2024 06:11,SCR-ADC8CC3B7103,Ret. A,RET-PROD-001,Wireless Soundbar 494,Audio,199.15,,,,https://www.retailera.co.uk/products/wireless-soundbar-494
14/02/2024,1707950779,SCR-CE8A7D24E4B6,retailer a,RET-PROD-001,Wireless Soundbar 494,Audio,199.15,,,,https://www.retailera.co.uk/products/wireless-soundbar-494
15/02/2024,15/02/2024 14:30,SCR-7FCB864715F5,Ret. A,RET-PROD-001,Wireless Soundbar 494,Audio,199.15,,,,https://www.retailera.co.uk/products/wireless-soundbar-494
16/02/2024,16/02/2024 21:00,SCR-93F57BBF5E7D,Retailer A,RET-PROD-001,Wireless Soundbar 494,Audio,199.15,,,,https://www.retailera.co.uk/products/wireless-soundbar-494
17/02/2024,17/02/2024 10:07,SCR-9E556EAED4F7,retailer a,RET-PROD-001,Wireless Soundbar 494,,199.15,,,,https://www.retailera.co.uk/products/wireless-soundbar-494
18/02/2024,18/02/2024 22:07,SCR-ED47AC111545,RetailerA,RET-PROD-001,Wireless Soundbar 494,Audio,199.15,,,,https://www.retailera.co.uk/products/wireless-soundbar-494
19/02/2024,19/02/2024 21:41,SCR-6E707DBEF8F0,Retailer-A,RET-PROD-001,Wireless Soundbar 494,Audio,199.15,,,,https://www.retailera.co.uk/products/wireless-soundbar-494
20/02/2024,20/02/2024 13:11,SCR-16879848D962,Retailer-A,RET-PROD-001,Wireless Soundbar 494,Audio,199.15,,,,https://www.retailera.co.uk/products/wireless-soundbar-494
21/02/2024,21/02/2024 06:42,SCR-CAD4036E74ED,RetailerA,RET-PROD-001,Wireless Soundbar 494,Audio,199.15,,,,https://www.retailera.co.uk/products/wireless-soundbar-494
22/02/2024,22/02/2024 20:07,SCR-90857194B0EF,RetailerA,RET-PROD-001,Wireless Soundbar 494,Audio,199.15,,,,https://www.retailera.co.uk/products/wireless-soundbar-494
23/02/2024,23/02/2024 15:55,SCR-CD66428B64C7,Retailer A,RET-PROD-001,Wireless Soundbar 494,Audio,199.15,,,,https://www.retailera.co.uk/products/wireless-soundbar-494
24/02/2024,24/02/2024 22:18,SCR-CC9E7D139267,RETAILER A,RET-PROD-001,Wireless Soundbar 494,Audio,199.15,,,,https://www.retailera.co.uk/products/wireless-soundbar-494
25/02/2024,25/02/2024 14:39,SCR-617359298CB7,RETAILER A,RET-PROD-001,Wireless Soundbar 494,Audio,199.15,,,,https://www.retailera.co.uk/products/wireless-soundbar-494
26/02/2024,26/02/2024 14:17,SCR-1227E354EDE5,Ret. A,RET-PROD-001,Wireless Soundbar 494,Audio,199.15,,,,https://www.retailera.co.uk/products/wireless-soundbar-494
27/02/2024,27/02/2024 14:01,SCR-C4D45CC37BA5,Ret. A,RET-PROD-001,Wireless Soundbar 494,Audio,199.15,,,,https://www.retailera.co.uk/products/wireless-soundbar-494
28/02/2024,28/02/2024 08:38,SCR-3FD805AF847A,Retailer-A,RET-PROD-001,Wireless Soundbar 494,Audio,199.15,,,,https://www.retailera.co.uk/products/wireless-soundbar-494
29/02/2024,29/02/2024 18:08,SCR-A188FC8AA1A8,Retailer A,RET-PROD-001,Wireless Soundbar 494,Audio,199.15,,,,https://www.retailera.co.uk/products/wireless-soundbar-494
01/03/2024,01/03/2024 06:57,SCR-C6807CEDBA89,RETAILER A,RET-PROD-001,Wireless Soundbar 494,Audio,199.15,,,,https://www.retailera.co.uk/products/wireless-soundbar-494
02/03/2024,02/03/2024 09:55,SCR-AA404681ED6B,Retailer-A,RET-PROD-001,Wireless Soundbar 494,Audio,199.15,,,,https://www.retailera.co.uk/products/wireless-soundbar-494
03/03/2024,03/03/2024 13:28,SCR-203518D2117C,RetailerA,RET-PROD-001,Wireless Soundbar 494,Audio,199.15,,,,https://www.retailera.co.uk/products/wireless-soundbar-494
04/03/2024,04/03/2024 20:01,SCR-C704AE3AC0CE,RetailerA,RET-PROD-001,Wireless Soundbar 494,Audio,199.15,,,,https://www.retailera.co.uk/products/wireless-soundbar-494
05/03/2024,05/03/2024 10:49,SCR-BF61E156A258,Retailer A,RET-PROD-001,Wireless Soundbar 494,audio,199.15,,,,https://www.retailera.co.uk/products/wireless-soundbar-494
06/03/2024,06/03/2024 13:13,SCR-E95AAFE5FD93,RetailerA,RET-PROD-001,Wireless Soundbar 494,Audio,£199.15,,,,https://www.retailera.co.uk/products/wireless-soundbar-494
07/03/2024,07/03/2024 19:36,SCR-13BBC0A51778,Retailer-A,RET-PROD-001,Wireless Soundbar 494,Audio,199.15,,,,https://www.retailera.co.uk/products/wireless-soundbar-494
08/03/2024,08/03/2024 18:36,SCR-8CF15C3B5FCE,Ret. A,RET-PROD-001,Wireless Soundbar 494,Audio,199.15,,,,https://www.retailera.co.uk/products/wireless-soundbar-494
09/03/2024,09/03/2024 08:22,SCR-19A4E65F39B8,RETAILER A,RET-PROD-001,Wireless Soundbar 494,Audio,199.15,,,,https://www.retailera.co.uk/products/wireless-soundbar-494
10/03/2024,10/03/2024 07:39,SCR-04673C27369E,RETAILER A,RET-PROD-001,Wireless Soundbar 494,Audio,199.15,,,,https://www.retailera.co.uk/products/wireless-soundbar-494
11/03/2024,11/03/2024 10:27,SCR-4C9231A10B2D,Ret. A,RET-PROD-001,Wireless Soundbar 494,Audio,199.15,,,,https://www.retailera.co.uk/products/wireless-soundbar-494
12/03/2024,12/03/2024 10:14,SCR-E4F09C709C68,retailer a,RET-PROD-001,Wireless Soundbar 494,Audio,199.15,,,,https://www.retailera.co.uk/products/wireless-soundbar-494
13/03/2024,13/03/2024 20:48,SCR-EA8DFD048A87,RetailerA,RET-PROD-001,Wireless Soundbar 494,Audio,199.15,,,,https://www.retailera.co.uk/products/wireless-soundbar-494
14/03/2024,14/03/2024 20:03,SCR-7CBD26AB0F9E,Retailer A,RET-PROD-001,Wireless Soundbar 494,Audio,199.15,,,,https://www.retailera.co.uk/products/wireless-soundbar-494
15/03/2024,15/03/2024 12:08,SCR-C02F2D86B3C4,Retailer-A,RET-PROD-001,Wireless Soundbar 494,Audio,199.15,,,,https://www.retailera.co.uk/products/wireless-soundbar-494
16/03/2024,16/03/2024 11:18,SCR-259F367F56CA,RetailerA,RET-PROD-001,Wireless Soundbar 494,Audio,199.15,,,,https://www.retailera.co.uk/products/wireless-soundbar-494
17/03/2024,17/03/2024 21:55,SCR-A99AC5DC3A01,Retailer A,RET-PROD-001,Wireless Soundbar 494,Audio,199.15,,,,https://www.retailera.co.uk/products/wireless-soundbar-494
18/03/2024,18/03/2024 08:17,SCR-F274506CF81A,Retailer A,RET-PROD-001,Wireless Soundbar 494,Audio,199.15,,,,https://www.retailera.co.uk/products/wireless-soundbar-494
19/03/2024,19/03/2024 13:06,SCR-603B84E4FD54,Retailer A,RET-PROD-001,Wireless Soundbar 494,,199.15,,,,https://www.retailera.co.uk/products/wireless-soundbar-494
20/03/2024,20/03/2024 18:03,SCR-CCEF36B7D8E0,Retailer A,RET-PROD-001,Wireless Soundbar 494,ELECTRONICS,199.15,,,,https://www.retailera.co.uk/products/wireless-soundbar-494
21/03/2024,21/03/2024 20:03,SCR-1586B7D87AE6,retailer a,RET-PROD-001,Wireless Soundbar 494,Audio,199.15,,,,https://www.retailera.co.uk/products/wireless-soundbar-494
22/03/2024,22/03/2024 14:40,SCR-1E61653E21C1,Retailer-A,RET-PROD-001,Wireless Soundbar 494,Audio,199.15,,,,https://www.retailera.co.uk/products/wireless-soundbar-494
23/03/2024,23/03/2024 20:19,SCR-F06E6D2815F6,RETAILER A,RET-PROD-001,Wireless Soundbar 494,Audio,199.15,,,,https://www.retailera.co.uk/products/wireless-soundbar-494
24/03/2024,24/03/2024 18:52,SCR-C3FC7C231D44,Retailer-A,RET-PROD-001,Wireless Soundbar 494,Audio,199.15,,,,https://www.retailera.co.uk/products/wireless-soundbar-494
25/03/2024,25/03/2024 15:02,SCR-F8896DC9C94B,Ret. A,RET-PROD-001,Wireless Soundbar 494,AUDIO,199.15,,,,https://www.retailera.co.uk/products/wireless-soundbar-494
26/03/2024,26/03/2024 21:14,SCR-CE7F7859DD5A,retailer a,RET-PROD-001,Wireless Soundbar 494,Audio,199.15,,,,https://www.retailera.co.uk/products/wireless-soundbar-494
27/03/2024,27/03/2024 16:34,SCR-9D28858C81EE,retailer a,RET-PROD-001,Wireless Soundbar 494,Audio,199.15,,,,https://www.retailera.co.uk/products/wireless-soundbar-494
28/03/2024,28/03/2024 10:02,SCR-BE4BA7116674,RETAILER A,RET-PROD-001,Wireless Soundbar 494,Audio,199.15,,,,https://www.retailera.co.uk/products/wireless-soundbar-494
29/03/2024,29/03/2024 21:31,SCR-1DEEF2F4BC76,RETAILER A,RET-PROD-001,Wireless Soundbar 494,Audio,199.15,,,,https://www.retailera.co.uk/products/wireless-soundbar-494
30/03/2024,30/03/2024 07:50,SCR-BD4718E0AE58,Retailer A,RET-PROD-001,Wireless Soundbar 494,Audio,199.15,,,,https://www.retailera.co.uk/products/wireless-soundbar-494
01/01/2024,01/01/2024 19:54,SCR-39A288572784,Retailer A,RET-PROD-002,Compact Headphones 184,Audio,342.93,,,,https://www.retailera.co.uk/products/compact-headphones-184
02/01/2024,02/01/2024 11:48,SCR-5B581A2584CA,Ret. A,RET-PROD-002,Compact Headphones 184,Audio,342.93,,,,https://www.retailera.co.uk/products/compact-headphones-184
03/01/2024,03/01/2024 16:38,SCR-7EDE4AE67C90,RetailerA,RET-PROD-002,Compact Headphones 184,Audio,342.93,,,,https://www.retailera.co.uk/products/compact-headphones-184
04/01/2024,04/01/2024 18:08,SCR-085623459FC3,RetailerA,RET-PROD-002,,audio,342.93,,,,https://www.retailera.co.uk/products/compact-headphones-184
05/01/2024,05/01/2024 11:30,SCR-8E9644815153,Retailer-A,RET-PROD-002,Compact Headphones 184,Audio,342.93,,,,https://www.retailera.co.uk/products/compact-headphones-184
06/01/2024,06/01/2024 20:27,SCR-49B784510FDE,Ret. A,RET-PROD-002,Compact Headphones 184,Audio,342.93,,,,https://www.retailera.co.uk/products/compact-headphones-184
07/01/2024,07/01/2024 17:38,SCR-0A4A4A622804,RETAILER A,RET-PROD-002,Compact Headphones 184,Audio,342.93,,,,https://www.retailera.co.uk/products/compact-headphones-184
08/01/2024,08/01/2024 07:08,SCR-1A02162785D8,retailer a,RET-PROD-002,Compact Headphones 184,,342.93,,,,https://www.retailera.co.uk/products/compact-headphones-184
09/01/2024,09/01/2024 08:25,SCR-2E101494F1B8,RETAILER A,RET-PROD-002,Compact Headphones 184,Audio,342.93,,,,https://www.retailera.co.uk/products/compact-headphones-184
10/01/2024,10/01/2024 11:22,SCR-295D3802CE0C,retailer a,RET-PROD-002,Compact Headphones 184,Audio,342.93,,,,https://www.retailera.co.uk/products/compact-headphones-184
11/01/2024,11/01/2024 18:19,SCR-A2DFC1CCBA52,RETAILER A,RET-PROD-002,Compact Headphones 184,Audio,342.93,,,,https://www.retailera.co.uk/products/compact-headphones-184
12/01/2024,12/01/2024 09:41,SCR-3F0B2B19B22C,RETAILER A,RET-PROD-002,Compact Headphones 184,,342.93,,,,https://www.retailera.co.uk/products/compact-headphones-184
13/01/2024,13/01/2024 19:56,SCR-F6545C62E90A,retailer a,RET-PROD-002,Compact Headphones 184,Audio,342.93,,,,https://www.retailera.co.uk/products/compact-headphones-184
14/01/2024,14/01/2024 20:28,SCR-A0A7AE989DED,Ret. A,RET-PROD-002,Compact Headphones 184,Audio,342.93,,,,https://www.retailera.co.uk/products/compact-headphones-184
15/01/2024,15/01/2024 13:32,SCR-78AE068EFD3A,retailer a,RET-PROD-002,Compact Headphones 184,Audio,342.93,,,,https://www.retailera.co.uk/products/compact-headphones-184
16/01/2024,16/01/2024 14:39,SCR-9A91782AE9FF,Ret. A,RET-PROD-002,Compact Headphones 184,Audio,342.93,,,,https://www.retailera.co.uk/products/compact-headphones-184
17/01/2024,17/01/2024 15:31,SCR-5E11FB9DF1C0,RetailerA,RET-PROD-002,Compact Headphones 184,Audio,£342.93,,,,https://www.retailera.co.uk/products/compact-headphones-184
18/01/2024,18/01/2024 07:17,SCR-B4C8B14CBDD5,Retailer-A,RET-PROD-002,Compact Headphones 184,Audio,342.93,,,,https://www.retailera.co.uk/products/compact-headphones-184
19/01/2024,19/01/2024 06:12,SCR-6EAE8466E6EE,RetailerA,RET-PROD-002,Compact Headphones 184,AUDIO,342.93,,,,https://www.retailera.co.uk/products/compact-headphones-184
20/01/2024,20/01/2024 14:51,SCR-41F23AD3353F,RetailerA,RET-PROD-002,Compact Headphones 184,Audio,342.93,,,,https://www.retailera.co.uk/products/compact-headphones-184
21/01/2024,21/01/2024 22:36,SCR-C3B5C846CF2A,Retailer A,RET-PROD-002,Compact Headphones 184,Audio,342.93,,,,https://www.retailera.co.uk/products/compact-headphones-184
22/01/2024,22/01/2024 16:43,SCR-A7585AFA8C7D,Retailer A,RET-PROD-002,Compact Headphones 184,Audio,342.93,,,,https://www.retailera.co.uk/products/compact-headphones-184
23/01/2024,23/01/2024 14:56,SCR-D04D66F07354,Retailer A,RET-PROD-002,Compact Headphones 184,Audio,342.93,,,,https://www.retailera.co.uk/products/compact-headphones-184
24/01/2024,24/01/2024 22:57,SCR-EE5726DD6570,Retailer A,RET-PROD-002,Compact Headphones 184,Audio,342.93,,,,https://www.retailera.co.uk/products/compact-headphones-184
25/01/2024,25/01/2024 12:35,SCR-9958B9E3D68F,RetailerA,RET-PROD-002,Compact Headphones 184,Audio,342.93,,,,https://www.retailera.co.uk/products/compact-headphones-184
26/01/2024,26/01/2024 22:47,SCR-C82907CD9D5B,RetailerA,RET-PROD-002,Compact Headphones 184,Audio,342.93,,,,https://www.retailera.co.uk/products/compact-headphones-184
27/01/2024,27/01/2024 07:15,SCR-7D2B907F78B3,Ret. A,RET-PROD-002,Compact Headphones 184,Audio,342.93,,,,https://www.retailera.co.uk/products/compact-headphones-184
28/01/2024,28/01/2024 06:05,SCR-346723F6E15D,Retailer-A,RET-PROD-002,Compact Headphones 184,Audio,342.93,,,,https://www.retailera.co.uk/products/compact-headphones-184
29/01/2024,29/01/2024 08:10,SCR-7EAB6C71491B,Retailer-A,RET-PROD-002,Compact Headphones 184,Audio,342.93,,,,https://www.retailera.co.uk/products/compact-headphones-184
30/01/2024,30/01/2024 06:34,SCR-8F7855BA35C3,Retailer-A,,Compact Headphones 184,Audio,342.93,,,,https://www.retailera.co.uk/products/compact-headphones-184
31/01/2024,31/01/2024 17:31,SCR-5FE7557A5D97,RETAILER A,RET-PROD-002,Compact Headphones 184,Audio,342.93,,,,https://www.retailera.co.uk/products/compact-headphones-184
01/02/2024,01/02/2024 21:47,SCR-CAD01D7ADC94,RetailerA,RET-PROD-002,Compact Headphones 184,Audio,342.93,,,,https://www.retailera.co.uk/products/compact-headphones-184
02/02/2024,02/02/2024 10:35,SCR-D709C401430F,RETAILER A,RET-PROD-002,Compact Headphones 184,Audio,342.93,,,,https://www.retailera.co.uk/products/compact-headphones-184
03/02/2024,03/02/2024 20:07,SCR-040511F49717,Ret. A,RET-PROD-002,Compact Headphones 184,Audio,£342.93,,,,https://www.retailera.co.uk/products/compact-headphones-184
04/02/2024,04/02/2024 18:05,SCR-7FA64746BB5E,Retailer A,RET-PROD-002,Compact Headphones 184,Audio,342.93,,,,https://www.retailera.co.uk/products/compact-headphones-184
05/02/2024,05/02/2024 18:25,SCR-9AB5E65FC22C,Retailer-A,,Compact Headphones 184,Audio,342.93,,,,https://www.retailera.co.uk/products/compact-headphones-184
06/02/2024,06/02/2024 09:40,SCR-EB6CD461A36E,RetailerA,RET-PROD-002,Compact Headphones 184,Audio,342.93,,,,https://www.retailera.co.uk/products/compact-headphones-184
07/02/2024,07/02/2024 18:53,SCR-CCEA5867D9E5,RETAILER A,RET-PROD-002,Compact Headphones 184,Audio,342.93,,,,https://www.retailera.co.uk/products/compact-headphones-184
08/02/2024,1707409007,SCR-F66B920F0FF7,RetailerA,RET-PROD-002,Compact Headphones 184,Audio,342.93,,,,https://www.retailera.co.uk/products/compact-headphones-184
09/02/2024,09/02/2024 15:18,SCR-400C71BC76E9,RETAILER A,RET-PROD-002,Compact Headphones 184,Audio,342.93,,,,https://www.retailera.co.uk/products/compact-headphones-184
10/02/2024,10/02/2024 22:08,SCR-D41460F4F579,Retailer A,RET-PROD-002,Compact Headphones 184,,342.93,,,,https://www.retailera.co.uk/products/compact-headphones-184
11/02/2024,11/02/2024 15:26,SCR-0BB295CA3CCC,Ret. A,RET-PROD-002,Compact Headphones 184,Audio,342.93,,,,https://www.retailera.co.uk/products/compact-headphones-184
12/02/2024,12/02/2024 08:43,SCR-F88D4CD620CF,RETAILER A,RET-PROD-002,Compact Headphones 184,Audio,342.93,,,,https://www.retailera.co.uk/products/compact-headphones-184
13/02/2024,13/02/2024 22:56,SCR-FEC203728B5C,Retailer-A,RET-PROD-002,Compact Headphones 184,Audio,342.93,,,,https://www.retailera.co.uk/products/compact-headphones-184
14/02/2024,14/02/2024 16:28,SCR-C45D6FB2F41F,RetailerA,RET-PROD-002,Compact Headphones 184,Audio,342.93,,,,https://www.retailera.co.uk/products/compact-headphones-184
15/02/2024,15/02/2024 17:59,SCR-6007D360A56B,RETAILER A,RET-PROD-002,,Audio,342.93,,,,https://www.retailera.co.uk/products/compact-headphones-184
16/02/2024,16/02/2024 20:57,SCR-EBF1B65AE51E,RetailerA,,Compact Headphones 184,Audio,342.93,,,,https://www.retailera.co.uk/products/compact-headphones-184
17/02/2024,17/02/2024 10:51,SCR-AABD4E4A302B,Retailer A,RET-PROD-002,Compact Headphones 184,Audio,342.93,,,,https://www.retailera.co.uk/products/compact-headphones-184
18/02/2024,18/02/2024 08:07,SCR-EA89D70D09B5,Retailer-A,RET-PROD-002,Compact Headphones 184,AUDIO,,,,,https://www.retailera.co.uk/products/compact-headphones-184
19/02/2024,19/02/2024 06:41,SCR-8B4635F4120C,Retailer-A,RET-PROD-002,Compact Headphones 184,Audio,342.93,,,,https://www.retailera.co.uk/products/compact-headphones-184
20/02/2024,20/02/2024 07:27,SCR-522089EB7140,Retailer A,RET-PROD-002,Compact Headphones 184,Audio,342.93,,,,https://www.retailera.co.uk/products/compact-headphones-184
21/02/2024,21/02/2024 13:17,SCR-86EC13E5B7D3,RetailerA,RET-PROD-002,Compact Headphones 184,,342.93,,,,https://www.retailera.co.uk/products/compact-headphones-184
22/02/2024,22/02/2024 11:26,SCR-22AB8A4DBFC4,RETAILER A,RET-PROD-002,Compact Headphones 184,Audio,342.93,,,,https://www.retailera.co.uk/products/compact-headphones-184
23/02/2024,23/02/2024 14:55,SCR-01648D568A1C,retailer a,RET-PROD-002,Compact Headphones 184,Audio,342.93,,,,https://www.retailera.co.uk/products/compact-headphones-184
24/02/2024,24/02/2024 15:06,SCR-5931061AB65A,RetailerA,RET-PROD-002,Compact Headphones 184,Audio,342.93,,,,https://www.retailera.co.uk/products/compact-headphones-184
25/02/2024,25/02/2024 06:52,SCR-5D7A313203DC,Ret. A,RET-PROD-002,Compact Headphones 184,Audio,342.93,,,,https://www.retailera.co.uk/products/compact-headphones-184
26/02/2024,26/02/2024 19:50,SCR-57975EB1BC98,retailer a,RET-PROD-002,Compact Headphones 184,Audio,342.93,,,,https://www.retailera.co.uk/products/compact-headphones-184
27/02/2024,27/02/2024 17:59,SCR-38EE8F1E7D39,Retailer A,RET-PROD-002,Compact Headphones 184,Audio,342.93,,,,https://www.retailera.co.uk/products/compact-headphones-184
28/02/2024,28/02/2024 08:39,SCR-83F8FBE610D5,Retailer-A,RET-PROD-002,Compact Headphones 184,Audio,278.08,342.93,Was:,Clearance,https://www.retailera.co.uk/products/compact-headphones-184
29/02/2024,29/02/2024 17:53,SCR-C66021E882AC,Retailer A,RET-PROD-002,Compact Headphones 184,Audio,278.08,342.93,Was,Clearance,https://www.retailera.co.uk/products/compact-headphones-184
01/03/2024,01/03/2024 10:14,SCR-6D26E1A5F114,Retailer A,RET-PROD-002,Compact Headphones 184,Audio,278.08,342.93,Orig.,Clearance,https://www.retailera.co.uk/products/compact-headphones-184
02/03/2024,02/03/2024 20:46,SCR-0A36EB722B79,Retailer A,RET-PROD-002,Compact Headphones 184,Audio,278.08,342.93,Was,Clearance,https://www.retailera.co.uk/products/compact-headphones-184
03/03/2024,03/03/2024 06:54,SCR-DD4D839A1D3F,retailer a,RET-PROD-002,Compact Headphones 184,Audio,278.08,342.93,Was,Clearance,https://www.retailera.co.uk/products/compact-headphones-184
04/03/2024,04/03/2024 21:02,SCR-DD1764F410D5,Retailer-A,RET-PROD-002,Compact Headphones 184,Audio,278.08,342.93,Previously,Clearance,https://www.retailera.co.uk/products/compact-headphones-184
05/03/2024,05/03/2024 08:03,SCR-C40904272168,Retailer A,RET-PROD-002,Compact Headphones 184,Audio,278.08,342.93,,Clearance,https://www.retailera.co.uk/products/compact-headphones-184
06/03/2024,06/03/2024 22:48,SCR-CBF924BC8C58,Retailer-A,RET-PROD-002,Compact Headphones 184,Audio,278.08,342.93,Was,Clearance,https://www.retailera.co.uk/products/compact-headphones-184
07/03/2024,07/03/2024 10:50,SCR-F19AE2C22A89,retailer a,RET-PROD-002,Compact Headphones 184,Audio,278.08,342.93,,Clearance,https://www.retailera.co.uk/products/compact-headphones-184
08/03/2024,08/03/2024 17:48,SCR-B38FAAA65AD6,Retailer A,RET-PROD-002,Compact Headphones 184,Audio,278.08,,,Clearance,https://www.retailera.co.uk/products/compact-headphones-184
09/03/2024,09/03/2024 08:46,SCR-21EEBCC31F28,Ret. A,RET-PROD-002,Compact Headphones 184,Audio,278.08,342.93,Was,Clearance,https://www.retailera.co.uk/products/compact-headphones-184
10/03/2024,10/03/2024 19:50,SCR-88EB9DC7F13D,RetailerA,RET-PROD-002,Compact Headphones 184,AUDIO,278.08,,,Clearance,https://www.retailera.co.uk/products/compact-headphones-184
11/03/2024,11/03/2024 13:12,SCR-EC13E3FA2A67,Retailer A,RET-PROD-002,Compact Headphones 184,audio,278.08,342.93,Was,Clearance,https://www.retailera.co.uk/products/compact-headphones-184
12/03/2024,12/03/2024 17:30,SCR-A733EFA89AED,Retailer A,RET-PROD-002,Compact Headphones 184,Audio,278.08,342.93,Orig.,Clearance,https://www.retailera.co.uk/products/compact-headphones-184
13/03/2024,13/03/2024 15:37,SCR-7B471BBA5955,RetailerA,RET-PROD-002,Compact Headphones 184,Audio,278.08,342.93,Was,Clearance,https://www.retailera.co.uk/products/compact-headphones-184
14/03/2024,14/03/2024 13:09,SCR-FE155768C628,Ret. A,RET-PROD-002,Compact Headphones 184,Audio,278.08,342.93,Was,Clearance,https://www.retailera.co.uk/products/compact-headphones-184
15/03/2024,15/03/2024 06:11,SCR-AA40F54750F2,RetailerA,RET-PROD-002,Compact Headphones 184,Audio,278.08,342.93,Was,Clearance,https://www.retailera.co.uk/products/compact-headphones-184
16/03/2024,16/03/2024 07:42,SCR-548E1E2E8417,retailer a,RET-PROD-002,Compact Headphones 184,Audio,278.08,342.93,Was,Clearance,https://www.retailera.co.uk/products/compact-headphones-184
17/03/2024,17/03/2024 18:36,SCR-C68F87C1C866,Ret. A,RET-PROD-002,Compact Headphones 184,Audio,278.08,342.93,Was,Clearance,https://www.retailera.co.uk/products/compact-headphones-184
18/03/2024,18/03/2024 07:36,SCR-95FE7954512D,Retailer A,RET-PROD-002,Compact Headphones 184,Audio,278.08,342.93,Was,Clearance,https://www.retailera.co.uk/products/compact-headphones-184
19/03/2024,19/03/2024 09:53,SCR-9088A51B0036,Retailer A,RET-PROD-002,Compact Headphones 184,Audio,278.08,342.93,Was,Clearance,https://www.retailera.co.uk/products/compact-headphones-184
20/03/2024,20/03/2024 12:10,SCR-7CEC3D60EDAB,RetailerA,RET-PROD-002,Compact Headphones 184,Audio,278.08,,,,https://www.retailera.co.uk/products/compact-headphones-184
21/03/2024,21/03/2024 19:11,SCR-EC92B7DC4AA5,Retailer A,RET-PROD-002,Compact Headphones 184,Audio,278.08,,,,https://www.retailera.co.uk/products/compact-headphones-184
22/03/2024,22/03/2024 16:27,SCR-CEFB4EF158DC,Ret. A,RET-PROD-002,Compact Headphones 184,Audio,278.08,,,,https://www.retailera.co.uk/products/compact-headphones-184
23/03/2024,23/03/2024 10:38,SCR-616C4F1FB960,RetailerA,RET-PROD-002,Compact Headphones 184,Audio,278.08,,,,https://www.retailera.co.uk/products/compact-headphones-184
24/03/2024,24/03/2024 13:08,SCR-9DCD3D49AC9D,Retailer-A,RET-PROD-002,Compact Headphones 184,Audio,278.08,,,,https://www.retailera.co.uk/products/compact-headphones-184
25/03/2024,25/03/2024 15:18,SCR-6919C767B6E6,Ret. A,RET-PROD-002,Compact Headphones 184,Audio,278.08,,,,https://www.retailera.co.uk/products/compact-headphones-184
26/03/2024,26/03/2024 15:41,SCR-57B49D6A1FF0,Retailer-A,RET-PROD-002,Compact Headphones 184,Audio,278.08,,,,https://www.retailera.co.uk/products/compact-headphones-184
27/03/2024,27/03/2024 13:56,SCR-6F1842679AC2,Retailer-A,RET-PROD-002,Compact Headphones 184,Audio,278.08,,,,https://www.retailera.co.uk/products/compact-headphones-184
28/03/2024,28/03/2024 13:30,SCR-90B2065C2167,Retailer A,RET-PROD-002,Compact Headphones 184,AUDIO,278.08,,,,https://www.retailera.co.uk/products/compact-headphones-184
29/03/2024,29/03/2024 21:28,SCR-254485A6A33C,RETAILER A,RET-PROD-002,Compact Headphones 184,,278.08,,,,https://www.retailera.co.uk/products/compact-headphones-184
30/03/2024,30/03/2024 22:08,SCR-DBAF3D627FDA,Retailer A,RET-PROD-002,Compact Headphones 184,Audio,278.08,,,,https://www.retailera.co.uk/products/compact-headphones-184
01/01/2024,01/01/2024 16:36,SCR-B75B731656B3,RETAILER B,RET-PROD-003,Wireless Dishwasher 806,Appliances,122.38,,,,https://www.retailerb.co.uk/products/wireless-dishwasher-806
02/01/2024,02/01/2024 06:17,SCR-95089DBBA648,RETAILER B,RET-PROD-003,Wireless Dishwasher 806,Appliances,122.38,,,,https://www.retailerb.co.uk/products/wireless-dishwasher-806
20/01/2024,20/01/2024 20:24,SCR-77A34EA2B8EF,Retailer B.,RET-PROD-003,Wireless Dishwasher 806,Appliances,122.38,,,,https://www.retailerb.co.uk/products/wireless-dishwasher-806
18/02/2024,18/02/2024 20:23,SCR-6875E7816F43,Retailer B,RET-PROD-003,Wireless Dishwasher 806,,122.38,,,,https://www.retailerb.co.uk/products/wireless-dishwasher-806
04/03/2024,04/03/2024 18:48,SCR-F861459F10BE,retailer b,RET-PROD-003,Wireless Dishwasher 806,Appliances,129.26,,,,https://www.retailerb.co.uk/products/wireless-dishwasher-806
07/03/2024,07/03/2024 10:49,SCR-F97248E7A902,Retailer B,RET-PROD-003,Wireless Dishwasher 806,Appliances,129.26,,,,https://www.retailerb.co.uk/products/wireless-dishwasher-806
08/03/2024,08/03/2024 18:38,SCR-847B83A06AA7,RETAILER B,RET-PROD-003,Wireless Dishwasher 806,Appliances,64.63,,,,https://www.retailerb.co.uk/products/wireless-dishwasher-806
28/03/2024,28/03/2024 20:54,SCR-599207628897,Retailer B.,RET-PROD-003,Wireless Dishwasher 806,Appliances,129.26,,,,https://www.retailerb.co.uk/products/wireless-dishwasher-806
01/01/2024,01/01/2024 19:32,SCR-1F4213D04ABC,RETAILER E,RET-PROD-004,Advanced Action Camera 433,Cameras,1576.78,,,,https://www.retailere.co.uk/products/advanced-action-camera-433
02/01/2024,02/01/2024 11:46,SCR-ED173757FDAF,Ret. E,RET-PROD-004,Advanced Action Camera 433,Cameras,1576.78,,,,https://www.retailere.co.uk/products/advanced-action-camera-433
03/01/2024,03/01/2024 08:07,SCR-CBC4386E69A6,RETAILER E,RET-PROD-004,Advanced Action Camera 433,Cameras,1576.78,,,,https://www.retailere.co.uk/products/advanced-action-camera-433
04/01/2024,04/01/2024 22:51,SCR-A451C065A9FD,Retailer E,RET-PROD-004,Advanced Action Camera 433,Cameras,1576.78,,,,https://www.retailere.co.uk/products/advanced-action-camera-433
05/01/2024,05/01/2024 16:03,SCR-2080DA48925E,Ret. E,RET-PROD-004,Advanced Action Camera 433,Cameras,1576.78,,,,https://www.retailere.co.uk/products/advanced-action-camera-433
06/01/2024,06/01/2024 21:13,SCR-364E0D1C72DE,RETAILER E,RET-PROD-004,Advanced Action Camera 433,Cameras,1576.78,,,,https://www.retailere.co.uk/products/advanced-action-camera-433
07/01/2024,07/01/2024 08:06,SCR-55598D9FAF86,retailer e,RET-PROD-004,Advanced Action Camera 433,Cameras,1576.78,,,,https://www.retailere.co.uk/products/advanced-action-camera-433
08/01/2024,08/01/2024 07:21,SCR-4D7BB189143F,Retailer E,RET-PROD-004,Advanced Action Camera 433,Cameras,1576.78,,,,https://www.retailere.co.uk/products/advanced-action-camera-433
09/01/2024,09/01/2024 06:18,SCR-3C87DAD2FF1F,RETAILER E,RET-PROD-004,Advanced Action Camera 433,Cameras,1576.78,,,,https://www.retailere.co.uk/products/advanced-action-camera-433
10/01/2024,,SCR-6B391BBF71F6,Retailer-E,RET-PROD-004,Advanced Action Camera 433,CAMERAS,1576.78,,,,https://www.retailere.co.uk/products/advanced-action-camera-433
11/01/2024,11/01/2024 13:53,SCR-AAB337F9B7E7,RETAILER E,,Advanced Action Camera 433,Cameras,1576.78,,,,https://www.retailere.co.uk/products/advanced-action-camera-433
12/01/2024,12/01/2024 18:30,SCR-3DD259C623DA,Retailer-E,RET-PROD-004,Advanced Action Camera 433,Cameras,1576.78,,,,https://www.retailere.co.uk/products/advanced-action-camera-433
13/01/2024,13/01/2024 10:20,SCR-F3FC0A0C2484,Retailer-E,RET-PROD-004,Advanced Action Camera 433,Cameras,1576.78,,,,https://www.retailere.co.uk/products/advanced-action-camera-433
14/01/2024,14/01/2024 09:33,SCR-8513A4348E49,retailer e,RET-PROD-004,Advanced Action Camera 433,Cameras,1576.78,,,,https://www.retailere.co.uk/products/advanced-action-camera-433
15/01/2024,15/01/2024 21:18,SCR-597E32E8A5AF,Retailer-E,RET-PROD-004,Advanced Action Camera 433,Cameras,1576.78,,,,https://www.retailere.co.uk/products/advanced-action-camera-433
16/01/2024,16/01/2024 18:12,SCR-6F4254E32936,Retailer-E,RET-PROD-004,Advanced Action Camera 433,Cameras,1576.78,,,,https://www.retailere.co.uk/products/advanced-action-camera-433
17/01/2024,17/01/2024 17:01,SCR-4756CCF9DB85,Ret. E,RET-PROD-004,Advanced Action Camera 433,Cameras,1576.78,,,,https://www.retailere.co.uk/products/advanced-action-camera-433
18/01/2024,18/01/2024 10:17,SCR-1CC6679C2172,Retailer-E,RET-PROD-004,Advanced Action Camera 433,Cameras,1576.78,,,,https://www.retailere.co.uk/products/advanced-action-camera-433
19/01/2024,19/01/2024 08:20,SCR-81A6F339AAC9,Retailer E,RET-PROD-004,Advanced Action Camera 433,Cameras,1576.78,,,,https://www.retailere.co.uk/products/advanced-action-camera-433
20/01/2024,20/01/2024 10:03,SCR-3A578A2B4E37,Retailer E,RET-PROD-004,Advanced Action Camera 433,Cameras,1576.78,,,,https://www.retailere.co.uk/products/advanced-action-camera-433
21/01/2024,21/01/2024 19:35,SCR-AB03A6E214D6,retailer e,RET-PROD-004,Advanced Action Camera 433,Cameras,1576.78,,,,https://www.retailere.co.uk/products/advanced-action-camera-433
22/01/2024,22/01/2024 13:51,SCR-219F1B992133,Ret. E,RET-PROD-004,Advanced Action Camera 433,Cameras,1576.78,,,,https://www.retailere.co.uk/products/advanced-action-camera-433
23/01/2024,23/01/2024 22:35,SCR-C33FAC3802F5,Retailer-E,RET-PROD-004,Advanced Action Camera 433,Cameras,1576.78,,,,https://www.retailere.co.uk/products/advanced-action-camera-433
24/01/2024,24/01/2024 19:40,SCR-CFEF914FA2FC,retailer e,RET-PROD-004,Advanced Action Camera 433,Cameras,1576.78,,,,https://www.retailere.co.uk/products/advanced-action-camera-433
25/01/2024,25/01/2024 19:28,SCR-9C025330AF06,retailer e,RET-PROD-004,Advanced Action Camera 433,Cameras,1576.78,,,,https://www.retailere.co.uk/products/advanced-action-camera-433
26/01/2024,26/01/2024 15:19,SCR-0A7956784F3A,Retailer E,RET-PROD-004,Advanced Action Camera 433,Cameras,1576.78,,,,https://www.retailere.co.uk/products/advanced-action-camera-433
27/01/2024,27/01/2024 17:19,SCR-BA04502AC162,RETAILER E,RET-PROD-004,Advanced Action Camera 433,Cameras,1576.78,,,,https://www.retailere.co.uk/products/advanced-action-camera-433
28/01/2024,28/01/2024 14:56,SCR-BFACAC8F8048,Ret. E,RET-PROD-004,Advanced Action Camera 433,Cameras,1576.78,,,,https://www.retailere.co.uk/products/advanced-action-camera-433
29/01/2024,29/01/2024 06:56,SCR-3BC4317F45F4,Retailer E,RET-PROD-004,Advanced Action Camera 433,Cameras,1576.78,,,,https://www.retailere.co.uk/products/advanced-action-camera-433
30/01/2024,30/01/2024 07:17,SCR-4B12AC62D438,Ret. E,RET-PROD-004,Advanced Action Camera 433,Cameras,1576.78,,,,https://www.retailere.co.uk/products/advanced-action-camera-433
31/01/2024,31/01/2024 10:34,SCR-32B07E3E4C62,Retailer E,RET-PROD-004,Advanced Action Camera 433,Cameras,1576.78,,,,https://www.retailere.co.uk/products/advanced-action-camera-433
01/02/2024,01/02/2024 13:15,SCR-2AE274FA7643,Retailer-E,RET-PROD-004,Advanced Action Camera 433,Cameras,1576.78,,,,https://www.retailere.co.uk/products/advanced-action-camera-433
02/02/2024,02/02/2024 11:02,SCR-2EC0614C0C01,Ret. E,RET-PROD-004,Advanced Action Camera 433,Cameras,1576.78,,,,https://www.retailere.co.uk/products/advanced-action-camera-433
03/02/2024,03/02/2024 07:38,SCR-18F81638CA8E,Retailer-E,RET-PROD-004,Advanced Action Camera 433,Cameras,1576.78,,,,https://www.retailere.co.uk/products/advanced-action-camera-433
04/02/2024,04/02/2024 07:53,SCR-D1C112EB30E9,Ret. E,RET-PROD-004,Advanced Action Camera 433,Cameras,1576.78,,,,https://www.retailere.co.uk/products/advanced-action-camera-433
05/02/2024,05/02/2024 09:58,SCR-802516D6DC42,RETAILER E,RET-PROD-004,Advanced Action Camera 433,Cameras,1576.78,,,,https://www.retailere.co.uk/products/advanced-action-camera-433
06/02/2024,06/02/2024 12:13,SCR-347D65A0C4F5,RETAILER E,RET-PROD-004,Advanced Action Camera 433,Cameras,1576.78,,,,https://www.retailere.co.uk/products/advanced-action-camera-433
07/02/2024,07/02/2024 06:17,SCR-EF8203C319B5,Retailer E,RET-PROD-004,Advanced Action Camera 433,Cameras,1576.78,,,,https://www.retailere.co.uk/products/advanced-action-camera-433
08/02/2024,08/02/2024 20:09,SCR-388DAE1A50A9,RETAILER E,RET-PROD-004,Advanced Action Camera 433,Cameras,1576.78,,,,https://www.retailere.co.uk/products/advanced-action-camera-433
09/02/2024,09/02/2024 14:16,SCR-32487AAEB0D2,Retailer E,RET-PROD-004,Advanced Action Camera 433,Cameras,1576.78,,,,https://www.retailere.co.uk/products/advanced-action-camera-433
10/02/2024,1707564265,SCR-0234ECF147C1,Retailer E,RET-PROD-004,Advanced Action Camera 433,Cameras,1576.78,2827.57,Was,Winter Sale,https://www.retailere.co.uk/products/advanced-action-camera-433
11/02/2024,11/02/2024 19:28,SCR-002612819F30,RETAILER E,RET-PROD-004,Advanced Action Camera 433,Cameras,1576.78,2827.57,Orig.,Winter Sale,https://www.retailere.co.uk/products/advanced-action-camera-433
12/02/2024,12/02/2024 10:13,SCR-48E8F871DDB3,RETAILER E,RET-PROD-004,Advanced Action Camera 433,Cameras,1576.78,2827.57,,Winter Sale,https://www.retailere.co.uk/products/advanced-action-camera-433
13/02/2024,13/02/2024 10:54,SCR-BE16266B45D8,RETAILER E,RET-PROD-004,Advanced Action Camera 433,Cameras,1576.78,2827.57,,Winter Sale,https://www.retailere.co.uk/products/advanced-action-camera-433
14/02/2024,14/02/2024 17:20,SCR-212289BB96EC,Retailer-E,RET-PROD-004,Advanced Action Camera 433,Cameras,1576.78,2827.57,Was,Winter Sale,https://www.retailere.co.uk/products/advanced-action-camera-433
15/02/2024,15/02/2024 11:14,SCR-95071E54537A,Ret. E,RET-PROD-004,Advanced Action Camera 433,Cameras,1576.78,2827.57,Was,Winter Sale,https://www.retailere.co.uk/products/advanced-action-camera-433
16/02/2024,16/02/2024 06:29,SCR-EC5BF4D0D3EF,RETAILER E,RET-PROD-004,Advanced Action Camera 433,Cameras,1576.78,2827.57,,Winter Sale,https://www.retailere.co.uk/products/advanced-action-camera-433
17/02/2024,17/02/2024 18:11,SCR-7DC54BA95880,Retailer-E,RET-PROD-004,Advanced Action Camera 433,Cameras,1576.78,2827.57,Was,Winter Sale,https://www.retailere.co.uk/products/advanced-action-camera-433
18/02/2024,18/02/2024 06:19,SCR-E610A14BB628,Ret. E,RET-PROD-004,Advanced Action Camera 433,Cameras,1576.78,2827.57,Was:,Winter Sale,https://www.retailere.co.uk/products/advanced-action-camera-433
19/02/2024,19/02/2024 21:05,SCR-F4409EA65EFC,Retailer E,RET-PROD-004,Advanced Action Camera 433,Cameras,1576.78,2827.57,Was,Winter Sale,https://www.retailere.co.uk/products/advanced-action-camera-433
20/02/2024,20/02/2024 09:48,SCR-99E6DA6A0705,Retailer-E,RET-PROD-004,Advanced Action Camera 433,Cameras,1576.78,2827.57,,Winter Sale,https://www.retailere.co.uk/products/advanced-action-camera-433
21/02/2024,21/02/2024 07:42,SCR-E98CB5A19619,Retailer E,RET-PROD-004,Advanced Action Camera 433,Cameras,1576.78,,,Winter Sale,https://www.retailere.co.uk/products/advanced-action-camera-433
22/02/2024,22/02/2024 10:05,SCR-2FB86C4DB35E,RETAILER E,RET-PROD-004,Advanced Action Camera 433,Cameras,1576.78,2827.57,Previously,Winter Sale,https://www.retailere.co.uk/products/advanced-action-camera-433
23/02/2024,23/02/2024 16:41,SCR-9E3C5356B129,retailer e,RET-PROD-004,Advanced Action Camera 433,Cameras,1576.78,2827.57,Was,Winter Sale,https://www.retailere.co.uk/products/advanced-action-camera-433
24/02/2024,24/02/2024 06:16,SCR-4242F5D9AF0D,RETAILER E,,Advanced Action Camera 433,CAMERAS,1576.78,2827.57,Was,Winter Sale,https://www.retailere.co.uk/products/advanced-action-camera-433
25/02/2024,25/02/2024 16:27,SCR-C1715A0E38D2,RETAILER E,RET-PROD-004,Advanced Action Camera 433,Cameras,1576.78,2827.57,Was,Winter Sale,https://www.retailere.co.uk/products/advanced-action-camera-433
26/02/2024,26/02/2024 19:59,SCR-BCC0B1E5F562,Retailer-E,RET-PROD-004,Advanced Action Camera 433,Cameras,1576.78,2827.57,Was,Winter Sale,https://www.retailere.co.uk/products/advanced-action-camera-433
27/02/2024,27/02/2024 10:14,SCR-2816937F4704,retailer e,RET-PROD-004,Advanced Action Camera 433,Cameras,1576.78,2827.57,Was,Winter Sale,https://www.retailere.co.uk/products/advanced-action-camera-433
28/02/2024,28/02/2024 13:58,SCR-FA045DC8F175,RETAILER E,RET-PROD-004,Advanced Action Camera 433,Cameras,1576.78,,,Winter Sale,https://www.retailere.co.uk/products/advanced-action-camera-433
29/02/2024,29/02/2024 22:04,SCR-EB8A3B2156BE,Retailer-E,RET-PROD-004,Advanced Action Camera 433,Cameras,1576.78,2827.57,Was,Winter Sale,https://www.retailere.co.uk/products/advanced-action-camera-433
01/03/2024,01/03/2024 19:08,SCR-C73102FC167E,Ret. E,RET-PROD-004,Advanced Action Camera 433,Cameras,1576.78,2827.57,Was,Winter Sale,https://www.retailere.co.uk/products/advanced-action-camera-433
02/03/2024,02/03/2024 19:06,SCR-F7D1A7EB8EDE,RETAILER E,RET-PROD-004,Advanced Action Camera 433,Cameras,1576.78,2827.57,Was,Winter Sale,https://www.retailere.co.uk/products/advanced-action-camera-433
03/03/2024,03/03/2024 09:30,SCR-6D1A770FA659,retailer e,RET-PROD-004,Advanced Action Camera 433,Cameras,1576.78,2827.57,Was,Winter Sale,https://www.retailere.co.uk/products/advanced-action-camera-433
04/03/2024,04/03/2024 11:49,SCR-1EDA8A0F1BA3,Ret. E,,Advanced Action Camera 433,Cameras,1576.78,2827.57,Previously,Winter Sale,https://www.retailere.co.uk/products/advanced-action-camera-433
05/03/2024,05/03/2024 06:44,SCR-F33EDA1C2909,Retailer-E,RET-PROD-004,Advanced Action Camera 433,Cameras,1576.78,2827.57,,Winter Sale,https://www.retailere.co.uk/products/advanced-action-camera-433
06/03/2024,06/03/2024 06:42,SCR-A8098F29396D,retailer e,RET-PROD-004,Advanced Action Camera 433,Cameras,1576.78,2827.57,Was,Winter Sale,https://www.retailere.co.uk/products/advanced-action-camera-433
07/03/2024,07/03/2024 18:50,SCR-E771F8813D53,Ret. E,RET-PROD-004,Advanced Action Camera 433,Cameras,1576.78,2827.57,Was,Winter Sale,https://www.retailere.co.uk/products/advanced-action-camera-433
08/03/2024,08/03/2024 18:49,SCR-091E0A7DE661,retailer e,RET-PROD-004,Advanced Action Camera 433,Cameras,1576.78,,,Winter Sale,https://www.retailere.co.uk/products/advanced-action-camera-433
09/03/2024,1710018515,SCR-A5C74B07A656,Retailer E,RET-PROD-004,Advanced Action Camera 433,Cameras,1576.78,2827.57,Was,Winter Sale,https://www.retailere.co.uk/products/advanced-action-camera-433
10/03/2024,10/03/2024 08:46,SCR-56080A7FA32B,retailer e,RET-PROD-004,Advanced Action Camera 433,Cameras,1576.78,2827.57,Was,Winter Sale,https://www.retailere.co.uk/products/advanced-action-camera-433
11/03/2024,11/03/2024 17:03,SCR-CA26F89EBBEA,Ret. E,RET-PROD-004,Advanced Action Camera 433,Cameras,1576.78,2827.57,Was,Winter Sale,https://www.retailere.co.uk/products/advanced-action-camera-433
12/03/2024,12/03/2024 14:07,SCR-FFE9A03952F8,Ret. E,RET-PROD-004,Advanced Action Camera 433,Cameras,1576.78,2827.57,was,Winter Sale,https://www.retailere.co.uk/products/advanced-action-camera-433
13/03/2024,13/03/2024 06:55,SCR-A176B9B4CCAD,retailer e,RET-PROD-004,Advanced Action Camera 433,Cameras,1576.78,,,Winter Sale,https://www.retailere.co.uk/products/advanced-action-camera-433
14/03/2024,14/03/2024 22:34,SCR-81226102C7F9,RETAILER E,RET-PROD-004,Advanced Action Camera 433,CAMERAS,1576.78,,,Winter Sale,https://www.retailere.co.uk/products/advanced-action-camera-433
15/03/2024,15/03/2024 08:34,SCR-357C26FB849D,retailer e,,Advanced Action Camera 433,Cameras,1576.78,2827.57,Was,Winter Sale,https://www.retailere.co.uk/products/advanced-action-camera-433
16/03/2024,16/03/2024 20:24,SCR-14B89364F106,Retailer E,RET-PROD-004,Advanced Action Camera 433,Cameras,1576.78,,,Winter Sale,https://www.retailere.co.uk/products/advanced-action-camera-433
17/03/2024,17/03/2024 16:10,SCR-B8693C700CFD,Retailer E,RET-PROD-004,,Cameras,1576.78,2827.57,Was,Winter Sale,https://www.retailere.co.uk/products/advanced-action-camera-433
18/03/2024,18/03/2024 06:26,SCR-8821F1638817,Ret. E,RET-PROD-004,Advanced Action Camera 433,Cameras,1576.78,2827.57,Was:,Winter Sale,https://www.retailere.co.uk/products/advanced-action-camera-433
19/03/2024,19/03/2024 11:20,SCR-CBD7CBC6FF3D,Retailer E,RET-PROD-004,Advanced Action Camera 433,CAMERAS,1576.78,,,Winter Sale,https://www.retailere.co.uk/products/advanced-action-camera-433
20/03/2024,20/03/2024 20:11,SCR-8BD75A27456C,Retailer-E,RET-PROD-004,,Cameras,1576.78,2827.57,,Winter Sale,https://www.retailere.co.uk/products/advanced-action-camera-433
21/03/2024,21/03/2024 16:09,SCR-C3B093C5817B,Retailer E,RET-PROD-004,Advanced Action Camera 433,Cameras,1576.78,2827.57,Was,Winter Sale,https://www.retailere.co.uk/products/advanced-action-camera-433
22/03/2024,22/03/2024 20:50,SCR-DCF23D3FFF56,Retailer-E,RET-PROD-004,Advanced Action Camera 433,Cameras,1576.78,2827.57,Was,Winter Sale,https://www.retailere.co.uk/products/advanced-action-camera-433
23/03/2024,23/03/2024 16:11,SCR-9C8CE865E5CB,Ret. E,,Advanced Action Camera 433,Cameras,1576.78,2827.57,Was,Winter Sale,https://www.retailere.co.uk/products/advanced-action-camera-433
24/03/2024,24/03/2024 12:45,SCR-6B0EDBCF2F27,RETAILER E,RET-PROD-004,Advanced Action Camera 433,Cameras,1576.78,2827.57,Was,Winter Sale,https://www.retailere.co.uk/products/advanced-action-camera-433
25/03/2024,25/03/2024 18:45,SCR-0081B80CE23F,RETAILER E,RET-PROD-004,Advanced Action Camera 433,Cameras,1576.78,2827.57,Was,Winter Sale,https://www.retailere.co.uk/products/advanced-action-camera-433
26/03/2024,26/03/2024 18:43,SCR-B44DC4177BAD,retailer e,RET-PROD-004,Advanced Action Camera 433,Cameras,1576.78,2827.57,WAS,Winter Sale,https://www.retailere.co.uk/products/advanced-action-camera-433
27/03/2024,27/03/2024 13:55,SCR-6A9D145F8AC7,Retailer E,RET-PROD-004,Advanced Action Camera 433,Cameras,1576.78,2827.57,Was,Winter Sale,https://www.retailere.co.uk/products/advanced-action-camera-433
28/03/2024,28/03/2024 06:02,SCR-64063F5E03D2,Retailer-E,RET-PROD-004,Advanced Action Camera 433,Cameras,1576.78,,,Winter Sale,https://www.retailere.co.uk/products/advanced-action-camera-433
29/03/2024,29/03/2024 14:25,SCR-4DB34EDD78FA,retailer e,RET-PROD-004,Advanced Action Camera 433,Cameras,1576.78,2827.57,WAS,Winter Sale,https://www.retailere.co.uk/products/advanced-action-camera-433
30/03/2024,30/03/2024 07:46,SCR-946648934B8B,Retailer-E,RET-PROD-004,Advanced Action Camera 433,Cameras,1576.78,2827.57,Was,Winter Sale,https://www.retailere.co.uk/products/advanced-action-camera-433
01/01/2024,01/01/2024 22:15,SCR-47F4665B55D2,retailer d,RET-PROD-005,Compact Kettle 839,Appliances,260.67,,,,https://www.retailerd.co.uk/products/compact-kettle-839
02/01/2024,02/01/2024 09:55,SCR-6B1600E4BEA8,RetailerD,RET-PROD-005,Compact Kettle 839,Appliances,260.67,,,,https://www.retailerd.co.uk/products/compact-kettle-839
03/01/2024,03/01/2024 21:14,SCR-9ECB45849524,Retailer D Ltd,RET-PROD-005,Compact Kettle 839,Appliances,260.67,,,,https://www.retailerd.co.uk/products/compact-kettle-839
04/01/2024,04/01/2024 13:52,SCR-257C77B975F8,retailer d,RET-PROD-005,Compact Kettle 839,Appliances,260.67,,,,https://www.retailerd.co.uk/products/compact-kettle-839
05/01/2024,05/01/2024 20:38,SCR-FF929ED4266F,RetailerD,RET-PROD-005,Compact Kettle 839,Appliances,260.67,,,,https://www.retailerd.co.uk/products/compact-kettle-839
06/01/2024,06/01/2024 14:05,SCR-70E4643C4EFB,retailer d,RET-PROD-005,Compact Kettle 839,Appliances,260.67,,,,https://www.retailerd.co.uk/products/compact-kettle-839
07/01/2024,07/01/2024 18:32,SCR-DA9682741AA5,RetailerD,RET-PROD-005,Compact Kettle 839,Appliances,260.67,,,,https://www.retailerd.co.uk/products/compact-kettle-839
08/01/2024,08/01/2024 15:26,SCR-3AD34EF125AE,Retailer D Ltd,RET-PROD-005,Compact Kettle 839,Appliances,260.67,,,,https://www.retailerd.co.uk/products/compact-kettle-839
09/01/2024,09/01/2024 21:41,SCR-CD4649E73DF9,Retailer D Ltd,RET-PROD-005,Compact Kettle 839,Appliances,260.67,,,,https://www.retailerd.co.uk/products/compact-kettle-839
10/01/2024,10/01/2024 19:30,SCR-F3ABA771C821,Retailer D Ltd,RET-PROD-005,Compact Kettle 839,Appliances,260.67,,,,https://www.retailerd.co.uk/products/compact-kettle-839
11/01/2024,11/01/2024 09:25,SCR-BECBD8A718DF,Retailer D,RET-PROD-005,Compact Kettle 839,Appliances,260.67,,,,https://www.retailerd.co.uk/products/compact-kettle-839
12/01/2024,12/01/2024 06:12,SCR-1F2AF2C588E6,retailer d,RET-PROD-005,Compact Kettle 839,Appliances,260.67,,,,https://www.retailerd.co.uk/products/compact-kettle-839
13/01/2024,13/01/2024 12:48,SCR-652789DBAFEC,Retailer D Ltd,RET-PROD-005,Compact Kettle 839,Appliances,260.67,,,,https://www.retailerd.co.uk/products/compact-kettle-839
14/01/2024,14/01/2024 21:37,SCR-A609236CF7AA,Retailer D Ltd,RET-PROD-005,Compact Kettle 839,Appliances,260.67,,,,https://www.retailerd.co.uk/products/compact-kettle-839
15/01/2024,15/01/2024 11:20,SCR-02B3CE1F20AD,RetailerD,RET-PROD-005,Compact Kettle 839,Appliances,260.67,,,,https://www.retailerd.co.uk/products/compact-kettle-839
16/01/2024,16/01/2024 15:23,SCR-A48D0408845C,RetailerD,RET-PROD-005,Compact Kettle 839,Appliances,260.67,,,,https://www.retailerd.co.uk/products/compact-kettle-839
17/01/2024,17/01/2024 16:34,SCR-CC1466E607DA,Retailer D,RET-PROD-005,Compact Kettle 839,Appliances,260.67,,,,https://www.retailerd.co.uk/products/compact-kettle-839
18/01/2024,18/01/2024 13:04,SCR-CC79EB9D724E,RetailerD,RET-PROD-005,Compact Kettle 839,WHITE GOODS,260.67,,,,https://www.retailerd.co.uk/products/compact-kettle-839
19/01/2024,19/01/2024 12:21,SCR-E81970B0EF6B,retailer d,RET-PROD-005,Compact Kettle 839,Appliances,260.67,,,,https://www.retailerd.co.uk/products/compact-kettle-839
20/01/2024,20/01/2024 08:19,SCR-2464A57012E7,Retailer D Ltd,RET-PROD-005,Compact Kettle 839,Appliances,260.67,,,,https://www.retailerd.co.uk/products/compact-kettle-839
21/01/2024,21/01/2024 17:02,SCR-B50E2AD9F5DB,retailer d,RET-PROD-005,Compact Kettle 839,,260.67,,,,https://www.retailerd.co.uk/products/compact-kettle-839
22/01/2024,22/01/2024 22:43,SCR-7BDFDE88F864,Retailer D,RET-PROD-005,Compact Kettle 839,Appliances,260.67,,,,https://www.retailerd.co.uk/products/compact-kettle-839
23/01/2024,23/01/2024 07:28,SCR-C1CCAE677143,Retailer D,RET-PROD-005,Compact Kettle 839,white goods,260.67,,,,https://www.retailerd.co.uk/products/compact-kettle-839
24/01/2024,24/01/2024 20:20,SCR-F88DAC048370,RetailerD,RET-PROD-005,Compact Kettle 839,Appliances,260.67,,,,https://www.retailerd.co.uk/products/compact-kettle-839
25/01/2024,25/01/2024 09:58,SCR-F02E2B0FE76D,retailer d,RET-PROD-005,Compact Kettle 839,Appliances,260.67,,,,https://www.retailerd.co.uk/products/compact-kettle-839
26/01/2024,26/01/2024 14:03,SCR-EB11C4864D23,retailer d,RET-PROD-005,Compact Kettle 839,Appliances,260.67,,,,https://www.retailerd.co.uk/products/compact-kettle-839
27/01/2024,27/01/2024 10:07,SCR-91849918E99F,retailer d,RET-PROD-005,Compact Kettle 839,Appliances,260.67,,,,https://www.retailerd.co.uk/products/compact-kettle-839
28/01/2024,28/01/2024 14:05,SCR-DF377D165FB0,Retailer D,RET-PROD-005,Compact Kettle 839,Appliances,260.67,,,,https://www.retailerd.co.uk/products/compact-kettle-839
29/01/2024,29/01/2024 17:40,SCR-DADF26F566B4,Retailer D,RET-PROD-005,Compact Kettle 839,Appliances,260.67,,,,https://www.retailerd.co.uk/products/compact-kettle-839
30/01/2024,30/01/2024 07:14,SCR-C39893DC64EC,Retailer D Ltd,RET-PROD-005,Compact Kettle 839,Appliances,260.67,,,,https://www.retailerd.co.uk/products/compact-kettle-839
31/01/2024,31/01/2024 11:18,SCR-25866C2DF92F,Retailer D,RET-PROD-005,Compact Kettle 839,Appliances,166.14,260.67,,Clearance,https://www.retailerd.co.uk/products/compact-kettle-839
01/02/2024,01/02/2024 20:46,SCR-7C0C8A9A87DA,retailer d,RET-PROD-005,Compact Kettle 839,Appliances,,260.67,Was,Clearance,https://www.retailerd.co.uk/products/compact-kettle-839
02/02/2024,02/02/2024 22:36,SCR-DA923EC6A0B9,Retailer D,RET-PROD-005,Compact Kettle 839,Appliances,166.14,260.67,Was,Clearance,https://www.retailerd.co.uk/products/compact-kettle-839
03/02/2024,03/02/2024 22:35,SCR-A4A44C7CFD7C,retailer d,RET-PROD-005,Compact Kettle 839,Appliances,166.14,,,Clearance,https://www.retailerd.co.uk/products/compact-kettle-839
04/02/2024,04/02/2024 08:56,SCR-D66E381E24B2,retailer d,RET-PROD-005,Compact Kettle 839,Appliances,166.14,260.67,Was,Clearance,https://www.retailerd.co.uk/products/compact-kettle-839
05/02/2024,05/02/2024 15:25,SCR-AB627B4237A9,Retailer D,RET-PROD-005,Compact Kettle 839,Appliances,166.14,260.67,,Clearance,https://www.retailerd.co.uk/products/compact-kettle-839
06/02/2024,06/02/2024 20:44,SCR-45D0B0604A4A,Retailer D Ltd,RET-PROD-005,Compact Kettle 839,Appliances,166.14,,,Clearance,https://www.retailerd.co.uk/products/compact-kettle-839
07/02/2024,07/02/2024 15:31,SCR-1F647A94E294,retailer d,RET-PROD-005,Compact Kettle 839,Appliances,166.14,260.67,Was,Clearance,https://www.retailerd.co.uk/products/compact-kettle-839
08/02/2024,08/02/2024 10:27,SCR-42FFBEFC0C5D,Retailer D,RET-PROD-005,Compact Kettle 839,Appliances,166.14,260.67,,Clearance,https://www.retailerd.co.uk/products/compact-kettle-839
09/02/2024,09/02/2024 20:22,SCR-3BD50BC3AFD7,Retailer D,RET-PROD-005,Compact Kettle 839,Appliances,166.14,,,Clearance,https://www.retailerd.co.uk/products/compact-kettle-839
10/02/2024,10/02/2024 18:44,SCR-51A50C61800D,RetailerD,RET-PROD-005,Compact Kettle 839,Appliances,166.14,260.67,Was,Clearance,https://www.retailerd.co.uk/products/compact-kettle-839
11/02/2024,11/02/2024 12:50,SCR-B8955C9BA879,Retailer D Ltd,RET-PROD-005,Compact Kettle 839,Appliances,166.14,260.67,Was,Clearance,https://www.retailerd.co.uk/products/compact-kettle-839
12/02/2024,12/02/2024 18:01,SCR-92E27F208B54,Retailer D,RET-PROD-005,Compact Kettle 839,Appliances,166.14,260.67,Was,Clearance,https://www.retailerd.co.uk/products/compact-kettle-839
13/02/2024,13/02/2024 09:36,SCR-3B241F1F8B1B,Retailer D,RET-PROD-005,Compact Kettle 839,Appliances,166.14,260.67,Was,Clearance,https://www.retailerd.co.uk/products/compact-kettle-839
14/02/2024,14/02/2024 08:13,SCR-DE8A14AC425A,retailer d,RET-PROD-005,Compact Kettle 839,Appliances,166.14,260.67,Was,Clearance,https://www.retailerd.co.uk/products/compact-kettle-839
15/02/2024,15/02/2024 07:23,SCR-82CAD6FAA5B5,RetailerD,RET-PROD-005,Compact Kettle 839,Appliances,166.14,260.67,Was,Clearance,https://www.retailerd.co.uk/products/compact-kettle-839
16/02/2024,16/02/2024 20:37,SCR-6E5DEFA7C083,Retailer D,RET-PROD-005,Compact Kettle 839,Appliances,166.14,260.67,was,Clearance,https://www.retailerd.co.uk/products/compact-kettle-839
17/02/2024,17/02/2024 13:03,SCR-536F4FA09712,RetailerD,RET-PROD-005,Compact Kettle 839,Appliances,166.14,260.67,,Clearance,https://www.retailerd.co.uk/products/compact-kettle-839
18/02/2024,18/02/2024 10:52,SCR-AAA1E2B36A71,Retailer D,RET-PROD-005,Compact Kettle 839,Appliances,166.14,260.67,Was,Clearance,https://www.retailerd.co.uk/products/compact-kettle-839
19/02/2024,19/02/2024 20:34,SCR-928004D7A961,Retailer D,RET-PROD-005,Compact Kettle 839,Appliances,166.14,260.67,,Clearance,https://www.retailerd.co.uk/products/compact-kettle-839
20/02/2024,20/02/2024 11:32,SCR-B12124257D97,RetailerD,RET-PROD-005,Compact Kettle 839,Appliances,166.14,,,,https://www.retailerd.co.uk/products/compact-kettle-839
21/02/2024,21/02/2024 10:19,SCR-7DE570859061,RetailerD,RET-PROD-005,Compact Kettle 839,Appliances,166.14,,,,https://www.retailerd.co.uk/products/compact-kettle-839
22/02/2024,22/02/2024 08:02,SCR-180FAC569580,retailer d,RET-PROD-005,Compact Kettle 839,Appliances,166.14,,,,https://www.retailerd.co.uk/products/compact-kettle-839
23/02/2024,23/02/2024 21:00,SCR-35833FD79B4F,Retailer D,RET-PROD-005,Compact Kettle 839,Appliances,166.14,,,,https://www.retailerd.co.uk/products/compact-kettle-839
24/02/2024,24/02/2024 14:16,SCR-7B6E12D17E08,retailer d,RET-PROD-005,Compact Kettle 839,Appliances,166.14,,,,https://www.retailerd.co.uk/products/compact-kettle-839
25/02/2024,25/02/2024 15:23,SCR-A1B66927942C,retailer d,RET-PROD-005,Compact Kettle 839,Appliances,,,,,https://www.retailerd.co.uk/products/compact-kettle-839
26/02/2024,26/02/2024 13:21,SCR-B99EA292912B,Retailer D Ltd,RET-PROD-005,Compact Kettle 839,Appliances,166.14,,,,https://www.retailerd.co.uk/products/compact-kettle-839
27/02/2024,27/02/2024 08:10,SCR-56D4FAABE1DC,retailer d,RET-PROD-005,Compact Kettle 839,Appliances,166.14,,,,https://www.retailerd.co.uk/products/compact-kettle-839
28/02/2024,28/02/2024 14:50,SCR-30E9A7B6C554,Retailer D,RET-PROD-005,Compact Kettle 839,Appliances,166.14,,,,https://www.retailerd.co.uk/products/compact-kettle-839
29/02/2024,29/02/2024 08:22,SCR-89A2D4BE7773,Retailer D,,Compact Kettle 839,Appliances,166.14,,,,https://www.retailerd.co.uk/products/compact-kettle-839
01/03/2024,01/03/2024 09:09,SCR-DD55B3E971C4,Retailer D Ltd,RET-PROD-005,Compact Kettle 839,Appliances,166.14,,,,https://www.retailerd.co.uk/products/compact-kettle-839
02/03/2024,02/03/2024 06:22,SCR-0F7D62298617,Retailer D Ltd,RET-PROD-005,Compact Kettle 839,Appliances,166.14,,,,https://www.retailerd.co.uk/products/compact-kettle-839
03/03/2024,03/03/2024 21:00,SCR-2B4A09E93F87,Retailer D,RET-PROD-005,Compact Kettle 839,Appliances,166.14,,,,https://www.retailerd.co.uk/products/compact-kettle-839
04/03/2024,04/03/2024 16:04,SCR-1F5A6DD5A34B,Retailer D Ltd,RET-PROD-005,Compact Kettle 839,,166.14,,,,https://www.retailerd.co.uk/products/compact-kettle-839
05/03/2024,,SCR-33B6D09587F8,Retailer D Ltd,RET-PROD-005,Compact Kettle 839,Appliances,166.14,,,,https://www.retailerd.co.uk/products/compact-kettle-839
06/03/2024,06/03/2024 09:50,SCR-5B46AE83726F,RetailerD,RET-PROD-005,Compact Kettle 839,Appliances,166.14,,,,https://www.retailerd.co.uk/products/compact-kettle-839
07/03/2024,07/03/2024 19:49,SCR-AC5273BED0DE,Retailer D,RET-PROD-005,Compact Kettle 839,Appliances,166.14,,,,https://www.retailerd.co.uk/products/compact-kettle-839
08/03/2024,08/03/2024 13:50,SCR-755626A0E366,retailer d,RET-PROD-005,Compact Kettle 839,Appliances,166.14,,,,https://www.retailerd.co.uk/products/compact-kettle-839
09/03/2024,09/03/2024 21:40,SCR-23A56CF21D9F,Retailer D Ltd,RET-PROD-005,Compact Kettle 839,Appliances,166.14,,,,https://www.retailerd.co.uk/products/compact-kettle-839
10/03/2024,10/03/2024 06:55,SCR-6D0E2D8887CC,RetailerD,RET-PROD-005,Compact Kettle 839,Appliances,166.14,,,,https://www.retailerd.co.uk/products/compact-kettle-839
11/03/2024,11/03/2024 19:39,SCR-0A6E056C936D,Retailer D,RET-PROD-005,Compact Kettle 839,Appliances,166.14,,,,https://www.retailerd.co.uk/products/compact-kettle-839
12/03/2024,12/03/2024 18:38,SCR-C4F8FCF033E7,Retailer D,RET-PROD-005,Compact Kettle 839,Appliances,166.14,,,,https://www.retailerd.co.uk/products/compact-kettle-839
13/03/2024,13/03/2024 09:12,SCR-967FF49EFC31,Retailer D Ltd,RET-PROD-005,Compact Kettle 839,Appliances,166.14,,,,https://www.retailerd.co.uk/products/compact-kettle-839
14/03/2024,14/03/2024 13:17,SCR-D18A01EBDC1D,RetailerD,RET-PROD-005,Compact Kettle 839,Appliances,166.14,,,,https://www.retailerd.co.uk/products/compact-kettle-839
15/03/2024,15/03/2024 06:33,SCR-AA0E06517A4E,Retailer D Ltd,RET-PROD-005,Compact Kettle 839,Appliances,166.14,,,,https://www.retailerd.co.uk/products/compact-kettle-839
16/03/2024,16/03/2024 10:52,SCR-2BD181B89739,retailer d,RET-PROD-005,Compact Kettle 839,Appliances,£166.14,,,,https://www.retailerd.co.uk/products/compact-kettle-839
17/03/2024,17/03/2024 13:47,SCR-1D44E29C7E92,retailer d,RET-PROD-005,Compact Kettle 839,Appliances,166.14,,,,https://www.retailerd.co.uk/products/compact-kettle-839
18/03/2024,18/03/2024 08:47,SCR-2A8E812C00C9,retailer d,RET-PROD-005,Compact Kettle 839,Appliances,166.14,,,,https://www.retailerd.co.uk/products/compact-kettle-839
19/03/2024,19/03/2024 12:09,SCR-C409DD1DDED7,retailer d,,Compact Kettle 839,Appliances,166.14,,,,https://www.retailerd.co.uk/products/compact-kettle-839
20/03/2024,20/03/2024 11:24,SCR-126327AEDD03,RetailerD,RET-PROD-005,Compact Kettle 839,Appliances,166.14,,,,https://www.retailerd.co.uk/products/compact-kettle-839
21/03/2024,21/03/2024 13:18,SCR-760452DE1B81,RetailerD,RET-PROD-005,Compact Kettle 839,Appliances,166.14,,,,https://www.retailerd.co.uk/products/compact-kettle-839
22/03/2024,1711123468,SCR-0E533B7A5891,RetailerD,,Compact Kettle 839,Appliances,166.14,,,,https://www.retailerd.co.uk/products/compact-kettle-839
23/03/2024,23/03/2024 22:31,SCR-93BE0184412B,RetailerD,RET-PROD-005,Compact Kettle 839,Appliances,166.14,,,,https://www.retailerd.co.uk/products/compact-kettle-839
24/03/2024,24/03/2024 09:05,SCR-1A010961D3F2,RetailerD,RET-PROD-005,Compact Kettle 839,Appliances,166.14,,,,https://www.retailerd.co.uk/products/compact-kettle-839
25/03/2024,25/03/2024 20:35,SCR-D91A3B3F56F5,Retailer D Ltd,RET-PROD-005,Compact Kettle 839,Appliances,166.14,,,,https://www.retailerd.co.uk/products/compact-kettle-839
26/03/2024,26/03/2024 13:17,SCR-FAEC6501C3E1,Retailer D Ltd,RET-PROD-005,Compact Kettle 839,Appliances,166.14,,,,https://www.retailerd.co.uk/products/compact-kettle-839
27/03/2024,27/03/2024 18:16,SCR-4B31A2919074,RetailerD,RET-PROD-005,Compact Kettle 839,Appliances,166.14,,,,https://www.retailerd.co.uk/products/compact-kettle-839
28/03/2024,28/03/2024 15:45,SCR-D08114A380B5,retailer d,RET-PROD-005,Compact Kettle 839,Appliances,166.14,,,,https://www.retailerd.co.uk/products/compact-kettle-839
29/03/2024,29/03/2024 11:21,SCR-B8DA9530B6AE,Retailer D,RET-PROD-005,Compact Kettle 839,Appliances,166.14,,,,https://www.retailerd.co.uk/products/compact-kettle-839
30/03/2024,30/03/2024 12:44,SCR-580BCF8FF2F3,RetailerD,RET-PROD-005,Compact Kettle 839,Appliances,166.14,,,,https://www.retailerd.co.uk/products/compact-kettle-839
01/01/2024,01/01/2024 12:20,SCR-1DEF458FAA40,retailer b,RET-PROD-006,Elite Laptop 598,Computing,458.11,,,,https://www.retailerb.co.uk/products/elite-laptop-598
02/01/2024,02/01/2024 13:26,SCR-606A23BBDD9C,retailer b,RET-PROD-006,Elite Laptop 598,Computing,458.11,,,,https://www.retailerb.co.uk/products/elite-laptop-598
03/01/2024,03/01/2024 20:05,SCR-8400F7F82F44,Retailer B,RET-PROD-006,Elite Laptop 598,Computing,458.11,,,,https://www.retailerb.co.uk/products/elite-laptop-598
04/01/2024,04/01/2024 08:39,SCR-F3DC50E2C383,Retailer B.,RET-PROD-006,Elite Laptop 598,Computing,458.11,,,,https://www.retailerb.co.uk/products/elite-laptop-598
05/01/2024,05/01/2024 11:01,SCR-324DBCEAA01D,Retailer B.,RET-PROD-006,Elite Laptop 598,Computing,458.11,,,,https://www.retailerb.co.uk/products/elite-laptop-598
06/01/2024,06/01/2024 19:11,SCR-F5FB6B9E0E12,RetailerB,RET-PROD-006,Elite Laptop 598,Computing,458.11,,,,https://www.retailerb.co.uk/products/elite-laptop-598
07/01/2024,07/01/2024 21:51,SCR-891A7398EA3C,Retailer B.,RET-PROD-006,Elite Laptop 598,Computing,458.11,,,,https://www.retailerb.co.uk/products/elite-laptop-598
08/01/2024,08/01/2024 21:40,SCR-0952FE5EF54F,RetailerB,RET-PROD-006,Elite Laptop 598,Computing,458.11,,,,https://www.retailerb.co.uk/products/elite-laptop-598
09/01/2024,09/01/2024 20:16,SCR-865A3F0781A5,Retailer B,RET-PROD-006,Elite Laptop 598,Computing,458.11,,,,https://www.retailerb.co.uk/products/elite-laptop-598
10/01/2024,10/01/2024 10:17,SCR-3928ABCD2E5E,Retailer B,RET-PROD-006,Elite Laptop 598,Computing,458.11,,,,https://www.retailerb.co.uk/products/elite-laptop-598
11/01/2024,11/01/2024 21:54,SCR-F84A9D29C9A2,Retailer B.,RET-PROD-006,Elite Laptop 598,Computing,458.11,,,,https://www.retailerb.co.uk/products/elite-laptop-598
12/01/2024,12/01/2024 22:32,SCR-3B9610BCE077,RetailerB,RET-PROD-006,,Computing,458.11,,,,https://www.retailerb.co.uk/products/elite-laptop-598
13/01/2024,13/01/2024 19:57,SCR-82E9B3A97548,Retailer B.,RET-PROD-006,Elite Laptop 598,Computing,458.11,,,,https://www.retailerb.co.uk/products/elite-laptop-598
14/01/2024,14/01/2024 18:15,SCR-ED5A796B2875,Retailer B.,RET-PROD-006,,Computing,458.11,,,,https://www.retailerb.co.uk/products/elite-laptop-598
15/01/2024,15/01/2024 07:19,SCR-45599A47CBC7,Retailer B.,RET-PROD-006,Elite Laptop 598,Computing,458.11,,,,https://www.retailerb.co.uk/products/elite-laptop-598
16/01/2024,16/01/2024 14:23,SCR-C3F95674E055,RETAILER B,RET-PROD-006,Elite Laptop 598,COMPUTING,458.11,,,,https://www.retailerb.co.uk/products/elite-laptop-598
17/01/2024,17/01/2024 15:01,SCR-0404FF86D8C6,Retailer B.,,Elite Laptop 598,Computing,458.11,,,,https://www.retailerb.co.uk/products/elite-laptop-598
18/01/2024,18/01/2024 17:52,SCR-594E887B5595,retailer b,RET-PROD-006,Elite Laptop 598,COMPUTING,458.11,,,,https://www.retailerb.co.uk/products/elite-laptop-598
19/01/2024,19/01/2024 12:26,SCR-520CD7C6A2F0,Retailer B.,RET-PROD-006,Elite Laptop 598,Computing,458.11,,,,https://www.retailerb.co.uk/products/elite-laptop-598
20/01/2024,20/01/2024 20:51,SCR-C602406154D2,RETAILER B,RET-PROD-006,Elite Laptop 598,Computing,458.11,,,,https://www.retailerb.co.uk/products/elite-laptop-598
21/01/2024,21/01/2024 20:32,SCR-888B68B49FC9,RetailerB,RET-PROD-006,Elite Laptop 598,Computing,458.11,,,,https://www.retailerb.co.uk/products/elite-laptop-598
22/01/2024,22/01/2024 13:37,SCR-E8BB862B70D8,retailer b,,Elite Laptop 598,Computing,458.11,,,,https://www.retailerb.co.uk/products/elite-laptop-598
23/01/2024,23/01/2024 19:14,SCR-2D1FF01FC2AF,RetailerB,RET-PROD-006,Elite Laptop 598,Computing,458.11,,,,https://www.retailerb.co.uk/products/elite-laptop-598
24/01/2024,24/01/2024 22:55,SCR-C19E9F388EAB,RETAILER B,RET-PROD-006,Elite Laptop 598,Computing,458.11,,,,https://www.retailerb.co.uk/products/elite-laptop-598
25/01/2024,25/01/2024 21:58,SCR-CF7C6D72AB17,RETAILER B,RET-PROD-006,Elite Laptop 598,COMPUTING,458.11,,,,https://www.retailerb.co.uk/products/elite-laptop-598
26/01/2024,26/01/2024 22:45,SCR-AC360600444B,Retailer B.,RET-PROD-006,Elite Laptop 598,Computing,458.11,,,,https://www.retailerb.co.uk/products/elite-laptop-598
27/01/2024,27/01/2024 07:28,SCR-29C247CA5F37,Retailer B.,RET-PROD-006,Elite Laptop 598,Computing,458.11,,,,https://www.retailerb.co.uk/products/elite-laptop-598
28/01/2024,28/01/2024 17:14,SCR-3C9D01F6321C,retailer b,RET-PROD-006,Elite Laptop 598,Computing,458.11,,,,https://www.retailerb.co.uk/products/elite-laptop-598
29/01/2024,29/01/2024 16:17,SCR-19BB2C6BECC6,Retailer B.,RET-PROD-006,Elite Laptop 598,Computing,458.11,,,,https://www.retailerb.co.uk/products/elite-laptop-598
30/01/2024,30/01/2024 13:35,SCR-9C5E8F5508AB,RetailerB,,Elite Laptop 598,Computing,430.92,,,,https://www.retailerb.co.uk/products/elite-laptop-598
31/01/2024,31/01/2024 10:13,SCR-59AE3E99AC47,retailer b,RET-PROD-006,Elite Laptop 598,Computing,430.92,,,,https://www.retailerb.co.uk/products/elite-laptop-598
01/02/2024,01/02/2024 10:51,SCR-7A466914785A,RETAILER B,RET-PROD-006,Elite Laptop 598,Computing,430.92,,,,https://www.retailerb.co.uk/products/elite-laptop-598
02/02/2024,02/02/2024 12:00,SCR-A1C05285D0D7,Retailer B,RET-PROD-006,Elite Laptop 598,Computing,430.92,,,,https://www.retailerb.co.uk/products/elite-laptop-598
03/02/2024,03/02/2024 13:47,SCR-4CCB429DC0B3,RetailerB,RET-PROD-006,Elite Laptop 598,,430.92,,,,https://www.retailerb.co.uk/products/elite-laptop-598
04/02/2024,04/02/2024 09:08,SCR-CB4A258BA7EF,RETAILER B,RET-PROD-006,Elite Laptop 598,Computing,430.92,,,,https://www.retailerb.co.uk/products/elite-laptop-598
05/02/2024,05/02/2024 16:06,SCR-5BB7C688FB01,Retailer B.,RET-PROD-006,Elite Laptop 598,Computing,430.92,,,,https://www.retailerb.co.uk/products/elite-laptop-598
06/02/2024,06/02/2024 13:59,SCR-5BF4531B710A,RetailerB,RET-PROD-006,Elite Laptop 598,Computing,430.92,,,,https://www.retailerb.co.uk/products/elite-laptop-598
07/02/2024,07/02/2024 22:09,SCR-A1E2CD54C4C9,Retailer B,RET-PROD-006,Elite Laptop 598,Computing,430.92,,,,https://www.retailerb.co.uk/products/elite-laptop-598
08/02/2024,08/02/2024 12:37,SCR-D07B09BF3CBB,retailer b,RET-PROD-006,Elite Laptop 598,Computing,430.92,,,,https://www.retailerb.co.uk/products/elite-laptop-598
09/02/2024,09/02/2024 10:58,SCR-648464591B98,RETAILER B,RET-PROD-006,Elite Laptop 598,Computing,430.92,,,,https://www.retailerb.co.uk/products/elite-laptop-598
10/02/2024,10/02/2024 21:08,SCR-766FE085BED0,Retailer B,RET-PROD-006,Elite Laptop 598,Computing,430.92,,,,https://www.retailerb.co.uk/products/elite-laptop-598
11/02/2024,11/02/2024 10:16,SCR-1E83446A6C49,Retailer B.,RET-PROD-006,Elite Laptop 598,Computing,430.92,,,,https://www.retailerb.co.uk/products/elite-laptop-598
12/02/2024,12/02/2024 09:39,SCR-61B8FC796A56,RETAILER B,RET-PROD-006,Elite Laptop 598,COMPUTING,430.92,,,,https://www.retailerb.co.uk/products/elite-laptop-598
13/02/2024,13/02/2024 18:49,SCR-BDE3AE0CD0A6,Retailer B,RET-PROD-006,Elite Laptop 598,Computing,430.92,,,,https://www.retailerb.co.uk/products/elite-laptop-598
14/02/2024,14/02/2024 08:25,SCR-D0F4A944855B,Retailer B,RET-PROD-006,Elite Laptop 598,Computing,,,,,https://www.retailerb.co.uk/products/elite-laptop-598
15/02/2024,15/02/2024 10:30,SCR-7CEF82A52A4B,retailer b,RET-PROD-006,Elite Laptop 598,Computing,430.92,,,,https://www.retailerb.co.uk/products/elite-laptop-598
16/02/2024,16/02/2024 19:39,SCR-51948A1EC21C,Retailer B.,RET-PROD-006,Elite Laptop 598,Computing,430.92,,,,https://www.retailerb.co.uk/products/elite-laptop-598
17/02/2024,17/02/2024 06:59,SCR-65FB966A0DB6,RETAILER B,,,Computing,430.92,,,,https://www.retailerb.co.uk/products/elite-laptop-598
18/02/2024,18/02/2024 07:05,SCR-B910F3E2032E,retailer b,RET-PROD-006,Elite Laptop 598,Computing,430.92,,,,https://www.retailerb.co.uk/products/elite-laptop-598
19/02/2024,19/02/2024 08:58,SCR-54FB31EC8513,Retailer B.,RET-PROD-006,Elite Laptop 598,Computing,430.92,,,,https://www.retailerb.co.uk/products/elite-laptop-598
20/02/2024,20/02/2024 11:27,SCR-693623ECF450,RetailerB,RET-PROD-006,Elite Laptop 598,Computing,430.92,,,,https://www.retailerb.co.uk/products/elite-laptop-598
21/02/2024,21/02/2024 09:03,SCR-4ECC287C48BE,retailer b,RET-PROD-006,Elite Laptop 598,Computing,430.92,,,,https://www.retailerb.co.uk/products/elite-laptop-598
22/02/2024,22/02/2024 18:21,SCR-64BDE1582D46,Retailer B.,RET-PROD-006,Elite Laptop 598,Computing,430.92,,,,https://www.retailerb.co.uk/products/elite-laptop-598
23/02/2024,23/02/2024 17:49,SCR-A8BF9678AF55,Retailer B.,RET-PROD-006,Elite Laptop 598,Computing,430.92,,,,https://www.retailerb.co.uk/products/elite-laptop-598
24/02/2024,24/02/2024 21:24,SCR-EA1CCAEB8267,RETAILER B,RET-PROD-006,Elite Laptop 598,Computing,430.92,,,,https://www.retailerb.co.uk/products/elite-laptop-598
25/02/2024,25/02/2024 09:44,SCR-CD530642F8EB,RetailerB,RET-PROD-006,Elite Laptop 598,Computing,430.92,,,,https://www.retailerb.co.uk/products/elite-laptop-598
26/02/2024,26/02/2024 08:29,SCR-B3D76770B321,RETAILER B,RET-PROD-006,Elite Laptop 598,COMPUTING,430.92,,,,https://www.retailerb.co.uk/products/elite-laptop-598
27/02/2024,27/02/2024 10:08,SCR-41F3ADE2A841,RETAILER B,RET-PROD-006,Elite Laptop 598,Computing,430.92,,,,https://www.retailerb.co.uk/products/elite-laptop-598
28/02/2024,28/02/2024 21:05,SCR-BF65F447BEEE,RETAILER B,RET-PROD-006,Elite Laptop 598,COMPUTERS,430.92,,,,https://www.retailerb.co.uk/products/elite-laptop-598
29/02/2024,29/02/2024 11:32,SCR-A5FC5211BAF6,Retailer B,RET-PROD-006,Elite Laptop 598,Computing,430.92,,,,https://www.retailerb.co.uk/products/elite-laptop-598
01/03/2024,01/03/2024 14:03,SCR-D8DB1EB112C4,Retailer B,RET-PROD-006,Elite Laptop 598,Computing,430.92,,,,https://www.retailerb.co.uk/products/elite-laptop-598
02/03/2024,02/03/2024 07:26,SCR-6BD5F0E3356E,Retailer B,RET-PROD-006,Elite Laptop 598,Computing,482.26,,,,https://www.retailerb.co.uk/products/elite-laptop-598
03/03/2024,03/03/2024 07:02,SCR-72D4950336CB,Retailer B.,RET-PROD-006,Elite Laptop 598,Computing,482.26,,,,https://www.retailerb.co.uk/products/elite-laptop-598
04/03/2024,04/03/2024 18:49,SCR-4AD9479301FD,Retailer B.,RET-PROD-006,Elite Laptop 598,Computing,482.26,,,,https://www.retailerb.co.uk/products/elite-laptop-598
05/03/2024,05/03/2024 06:08,SCR-6979F89D7247,Retailer B,RET-PROD-006,Elite Laptop 598,Computing,482.26,,,,https://www.retailerb.co.uk/products/elite-laptop-598
06/03/2024,06/03/2024 10:49,SCR-5EF54FF6DE92,RETAILER B,RET-PROD-006,Elite Laptop 598,Computing,482.26,,,,https://www.retailerb.co.uk/products/elite-laptop-598
07/03/2024,1709819342,SCR-B7BC812C73A4,retailer b,RET-PROD-006,Elite Laptop 598,Computing,482.26,,,,https://www.retailerb.co.uk/products/elite-laptop-598
08/03/2024,08/03/2024 13:23,SCR-7627C626EFD8,Retailer B,RET-PROD-006,Elite Laptop 598,Computing,482.26,,,,https://www.retailerb.co.uk/products/elite-laptop-598
09/03/2024,09/03/2024 15:15,SCR-01D1EB620769,Retailer B.,RET-PROD-006,Elite Laptop 598,,482.26,,,,https://www.retailerb.co.uk/products/elite-laptop-598
10/03/2024,10/03/2024 09:30,SCR-B5CD5AD4E0A6,Retailer B.,RET-PROD-006,Elite Laptop 598,computing,482.26,,,,https://www.retailerb.co.uk/products/elite-laptop-598
11/03/2024,11/03/2024 18:27,SCR-FC50A3BD8DB9,Retailer B.,RET-PROD-006,Elite Laptop 598,Computing,482.26,,,,https://www.retailerb.co.uk/products/elite-laptop-598
12/03/2024,12/03/2024 12:13,SCR-02B2CB102CA2,RetailerB,RET-PROD-006,Elite Laptop 598,Computing,482.26,,,,https://www.retailerb.co.uk/products/elite-laptop-598
13/03/2024,13/03/2024 17:45,SCR-072AB9A04AA6,RetailerB,RET-PROD-006,Elite Laptop 598,Computing,482.26,,,,https://www.retailerb.co.uk/products/elite-laptop-598
14/03/2024,14/03/2024 18:05,SCR-17A8485256B1,Retailer B,RET-PROD-006,Elite Laptop 598,Computing,482.26,,,,https://www.retailerb.co.uk/products/elite-laptop-598
15/03/2024,15/03/2024 08:10,SCR-5E359BFB0D06,Retailer B,RET-PROD-006,Elite Laptop 598,Computing,482.26,,,,https://www.retailerb.co.uk/products/elite-laptop-598
16/03/2024,16/03/2024 07:23,SCR-376FC35BA8F1,RETAILER B,RET-PROD-006,Elite Laptop 598,Computing,482.26,,,,https://www.retailerb.co.uk/products/elite-laptop-598
17/03/2024,1710706139,SCR-DC677E7B0501,RETAILER B,RET-PROD-006,Elite Laptop 598,Computing,482.26,,,,https://www.retailerb.co.uk/products/elite-laptop-598
18/03/2024,18/03/2024 09:26,SCR-DBBED4A849B9,Retailer B.,,Elite Laptop 598,Computing,482.26,,,,https://www.retailerb.co.uk/products/elite-laptop-598
19/03/2024,19/03/2024 09:52,SCR-8D6F1B82581A,RetailerB,RET-PROD-006,Elite Laptop 598,Computing,482.26,,,,https://www.retailerb.co.uk/products/elite-laptop-598
20/03/2024,20/03/2024 22:52,SCR-AB713EE2EED4,RETAILER B,RET-PROD-006,Elite Laptop 598,Computing,482.26,,,,https://www.retailerb.co.uk/products/elite-laptop-598
21/03/2024,21/03/2024 16:13,SCR-4BA5E821AAF3,Retailer B,RET-PROD-006,Elite Laptop 598,Computing,482.26,,,,https://www.retailerb.co.uk/products/elite-laptop-598
22/03/2024,22/03/2024 22:17,SCR-1382DE2793F4,Retailer B.,RET-PROD-006,Elite Laptop 598,Computing,482.26,,,,https://www.retailerb.co.uk/products/elite-laptop-598
23/03/2024,23/03/2024 06:33,SCR-333B1E957DCB,Retailer B.,RET-PROD-006,Elite Laptop 598,Computing,482.26,,,,https://www.retailerb.co.uk/products/elite-laptop-598
24/03/2024,24/03/2024 12:49,SCR-86CBD335C23B,retailer b,RET-PROD-006,Elite Laptop 598,Computing,482.26,,,,https://www.retailerb.co.uk/products/elite-laptop-598
25/03/2024,25/03/2024 13:01,SCR-AEAA4AA1BD83,Retailer B.,,Elite Laptop 598,Computing,482.26,,,,https://www.retailerb.co.uk/products/elite-laptop-598
26/03/2024,26/03/2024 21:36,SCR-3FEBBD41795F,Retailer B,RET-PROD-006,Elite Laptop 598,Computing,482.26,,,,https://www.retailerb.co.uk/products/elite-laptop-598
27/03/2024,27/03/2024 16:15,SCR-BB13C8998183,retailer b,RET-PROD-006,Elite Laptop 598,Computing,482.26,,,,https://www.retailerb.co.uk/products/elite-laptop-598
28/03/2024,28/03/2024 10:45,SCR-E87C846D9A7B,retailer b,RET-PROD-006,Elite Laptop 598,Computing,482.26,,,,https://www.retailerb.co.uk/products/elite-laptop-598
29/03/2024,29/03/2024 11:33,SCR-E413B63196D2,RETAILER B,RET-PROD-006,Elite Laptop 598,computing,482.26,,,,https://www.retailerb.co.uk/products/elite-laptop-598
30/03/2024,30/03/2024 18:16,SCR-6FDF7BF927CA,RetailerB,RET-PROD-006,Elite Laptop 598,Computing,482.26,,,,https://www.retailerb.co.uk/products/elite-laptop-598
01/01/2024,01/01/2024 12:00,SCR-05AC6062BE54,Retailer C,RET-PROD-007,HD Mirrorless Camera 667,Cameras,1391.01,,,,https://www.retailerc.co.uk/products/hd-mirrorless-camera-667
02/01/2024,02/01/2024 16:53,SCR-F485077AEE04,Retailer  C,RET-PROD-007,HD Mirrorless Camera 667,Cameras,1391.01,,,,https://www.retailerc.co.uk/products/hd-mirrorless-camera-667
03/01/2024,03/01/2024 19:10,SCR-C517ACD20E7E,Ret C,RET-PROD-007,HD Mirrorless Camera 667,Cameras,1391.01,,,,https://www.retailerc.co.uk/products/hd-mirrorless-camera-667
04/01/2024,04/01/2024 07:28,SCR-EB9E8BC6FF44,RETAILER C,RET-PROD-007,HD Mirrorless Camera 667,Cameras,,,,,https://www.retailerc.co.uk/products/hd-mirrorless-camera-667
05/01/2024,05/01/2024 20:56,SCR-CA241F45BED0,retailer c,RET-PROD-007,HD Mirrorless Camera 667,Cameras,1391.01,,,,https://www.retailerc.co.uk/products/hd-mirrorless-camera-667
06/01/2024,06/01/2024 11:12,SCR-9D3A8D466214,Retailer C,RET-PROD-007,HD Mirrorless Camera 667,Cameras,1391.01,,,,https://www.retailerc.co.uk/products/hd-mirrorless-camera-667
07/01/2024,07/01/2024 13:11,SCR-0CE7DF5B401A,retailer c,RET-PROD-007,HD Mirrorless Camera 667,Cameras,1391.01,,,,https://www.retailerc.co.uk/products/hd-mirrorless-camera-667
08/01/2024,08/01/2024 06:12,SCR-A9A7E0B47C98,Ret C,RET-PROD-007,HD Mirrorless Camera 667,Cameras,1391.01,,,,https://www.retailerc.co.uk/products/hd-mirrorless-camera-667
09/01/2024,09/01/2024 13:12,SCR-8943A3DECAE9,Retailer C,RET-PROD-007,HD Mirrorless Camera 667,Cameras,1391.01,,,,https://www.retailerc.co.uk/products/hd-mirrorless-camera-667
10/01/2024,10/01/2024 14:10,SCR-C844812ABD21,retailer c,RET-PROD-007,HD Mirrorless Camera 667,Cameras,1391.01,,,,https://www.retailerc.co.uk/products/hd-mirrorless-camera-667
11/01/2024,11/01/2024 17:51,SCR-3F076F6D6F35,Retailer C,RET-PROD-007,HD Mirrorless Camera 667,Cameras,1391.01,,,,https://www.retailerc.co.uk/products/hd-mirrorless-camera-667
12/01/2024,12/01/2024 11:21,SCR-ED225FA451F4,Retailer  C,RET-PROD-007,HD Mirrorless Camera 667,Cameras,1391.01,,,,https://www.retailerc.co.uk/products/hd-mirrorless-camera-667
13/01/2024,13/01/2024 14:21,SCR-347A79280C3A,Retailer C,RET-PROD-007,HD Mirrorless Camera 667,Cameras,1391.01,,,,https://www.retailerc.co.uk/products/hd-mirrorless-camera-667
14/01/2024,14/01/2024 21:36,SCR-E293C72C95D2,Retailer  C,RET-PROD-007,HD Mirrorless Camera 667,Cameras,1391.01,,,,https://www.retailerc.co.uk/products/hd-mirrorless-camera-667
15/01/2024,15/01/2024 19:53,SCR-C111A865258F,Retailer  C,RET-PROD-007,HD Mirrorless Camera 667,Cameras,1391.01,,,,https://www.retailerc.co.uk/products/hd-mirrorless-camera-667
16/01/2024,16/01/2024 17:05,SCR-745CCEFE27C6,RETAILER C,RET-PROD-007,HD Mirrorless Camera 667,Cameras,1391.01,,,,https://www.retailerc.co.uk/products/hd-mirrorless-camera-667
17/01/2024,17/01/2024 06:06,SCR-3D206C10D2C5,Retailer C,RET-PROD-007,HD Mirrorless Camera 667,Cameras,1391.01,,,,https://www.retailerc.co.uk/products/hd-mirrorless-camera-667
18/01/2024,18/01/2024 12:07,SCR-A70CC42548B4,Ret C,,HD Mirrorless Camera 667,Cameras,1391.01,,,,https://www.retailerc.co.uk/products/hd-mirrorless-camera-667
19/01/2024,19/01/2024 22:45,SCR-51256A576995,RETAILER C,RET-PROD-007,HD Mirrorless Camera 667,Cameras,1391.01,,,,https://www.retailerc.co.uk/products/hd-mirrorless-camera-667
20/01/2024,20/01/2024 17:31,SCR-090D990DF70D,RETAILER C,RET-PROD-007,HD Mirrorless Camera 667,Cameras,1391.01,,,,https://www.retailerc.co.uk/products/hd-mirrorless-camera-667
21/01/2024,21/01/2024 13:02,SCR-BCA47E8B585E,RETAILER C,RET-PROD-007,HD Mirrorless Camera 667,Cameras,1391.01,,,,https://www.retailerc.co.uk/products/hd-mirrorless-camera-667
22/01/2024,22/01/2024 07:19,SCR-8010126B92CD,retailer c,RET-PROD-007,HD Mirrorless Camera 667,Cameras,1391.01,,,,https://www.retailerc.co.uk/products/hd-mirrorless-camera-667
23/01/2024,23/01/2024 07:34,SCR-FBB60AF1413D,RETAILER C,RET-PROD-007,HD Mirrorless Camera 667,Cameras,1391.01,,,,https://www.retailerc.co.uk/products/hd-mirrorless-camera-667
24/01/2024,24/01/2024 21:10,SCR-8410B287E975,RETAILER C,RET-PROD-007,HD Mirrorless Camera 667,cameras,1391.01,,,,https://www.retailerc.co.uk/products/hd-mirrorless-camera-667
25/01/2024,25/01/2024 11:29,SCR-172DE40A9284,RETAILER C,RET-PROD-007,HD Mirrorless Camera 667,Cameras,£1391.01,,,,https://www.retailerc.co.uk/products/hd-mirrorless-camera-667
26/01/2024,26/01/2024 10:58,SCR-4D2E7E74615A,retailer c,RET-PROD-007,HD Mirrorless Camera 667,Cameras,1391.01,,,,https://www.retailerc.co.uk/products/hd-mirrorless-camera-667
27/01/2024,27/01/2024 19:23,SCR-B1B6B854F65F,Retailer  C,RET-PROD-007,HD Mirrorless Camera 667,CAMERAS,1391.01,,,,https://www.retailerc.co.uk/products/hd-mirrorless-camera-667
28/01/2024,,SCR-19D51ADB3368,retailer c,RET-PROD-007,HD Mirrorless Camera 667,Cameras,1391.01,,,,https://www.retailerc.co.uk/products/hd-mirrorless-camera-667
29/01/2024,29/01/2024 09:11,SCR-65F734084FEA,Retailer  C,RET-PROD-007,HD Mirrorless Camera 667,Cameras,1391.01,,,,https://www.retailerc.co.uk/products/hd-mirrorless-camera-667
30/01/2024,30/01/2024 19:51,SCR-E226D2597B7D,Retailer C,RET-PROD-007,HD Mirrorless Camera 667,Cameras,1391.01,,,Winter Sale,https://www.retailerc.co.uk/products/hd-mirrorless-camera-667
31/01/2024,31/01/2024 15:21,SCR-24BE821D7840,retailer c,RET-PROD-007,HD Mirrorless Camera 667,Cameras,1391.01,,,Winter Sale,https://www.retailerc.co.uk/products/hd-mirrorless-camera-667
01/02/2024,01/02/2024 13:25,SCR-AA1612C3AEDB,retailer c,RET-PROD-007,HD Mirrorless Camera 667,Cameras,1391.01,2522.24,RRP,Winter Sale,https://www.retailerc.co.uk/products/hd-mirrorless-camera-667
02/02/2024,02/02/2024 12:55,SCR-73A7E6594B34,Ret C,RET-PROD-007,HD Mirrorless Camera 667,Cameras,,2522.24,RRP,Winter Sale,https://www.retailerc.co.uk/products/hd-mirrorless-camera-667
03/02/2024,03/02/2024 18:23,SCR-F01211BEE421,RETAILER C,RET-PROD-007,HD Mirrorless Camera 667,Cameras,1391.01,2522.24,,Winter Sale,https://www.retailerc.co.uk/products/hd-mirrorless-camera-667
04/02/2024,04/02/2024 10:27,SCR-E65046A93F54,Retailer  C,RET-PROD-007,HD Mirrorless Camera 667,Cameras,1391.01,2522.24,RRP,Winter Sale,https://www.retailerc.co.uk/products/hd-mirrorless-camera-667
05/02/2024,05/02/2024 12:27,SCR-2C822F836E6B,retailer c,RET-PROD-007,HD Mirrorless Camera 667,Cameras,1391.01,2522.24,RRP,Winter Sale,https://www.retailerc.co.uk/products/hd-mirrorless-camera-667
06/02/2024,06/02/2024 11:33,SCR-FBD285EF0B77,Ret C,RET-PROD-007,HD Mirrorless Camera 667,Cameras,1391.01,2522.24,,Winter Sale,https://www.retailerc.co.uk/products/hd-mirrorless-camera-667
07/02/2024,07/02/2024 22:20,SCR-80EAAD4779B3,Retailer  C,RET-PROD-007,HD Mirrorless Camera 667,Cameras,£1391.01,2522.24,RRP,Winter Sale,https://www.retailerc.co.uk/products/hd-mirrorless-camera-667
08/02/2024,08/02/2024 15:05,SCR-0BC14436EE17,Retailer  C,RET-PROD-007,HD Mirrorless Camera 667,Cameras,1391.01,2522.24,RRP,Winter Sale,https://www.retailerc.co.uk/products/hd-mirrorless-camera-667
09/02/2024,09/02/2024 14:43,SCR-281AE79DA3D9,Retailer C,RET-PROD-007,HD Mirrorless Camera 667,Cameras,1391.01,2522.24,RRP,Winter Sale,https://www.retailerc.co.uk/products/hd-mirrorless-camera-667
10/02/2024,10/02/2024 20:12,SCR-2A4EA158EAB6,Retailer  C,RET-PROD-007,HD Mirrorless Camera 667,Cameras,1391.01,,,Winter Sale,https://www.retailerc.co.uk/products/hd-mirrorless-camera-667
11/02/2024,11/02/2024 18:45,SCR-6055A99385C5,retailer c,RET-PROD-007,HD Mirrorless Camera 667,Cameras,1391.01,2522.24,RRP,Winter Sale,https://www.retailerc.co.uk/products/hd-mirrorless-camera-667
12/02/2024,12/02/2024 14:49,SCR-5660820B3404,Retailer  C,RET-PROD-007,HD Mirrorless Camera 667,Cameras,1391.01,,,Winter Sale,https://www.retailerc.co.uk/products/hd-mirrorless-camera-667
13/02/2024,13/02/2024 09:35,SCR-4259E5ECB78D,RETAILER C,RET-PROD-007,HD Mirrorless Camera 667,Cameras,1391.01,2522.24,,Winter Sale,https://www.retailerc.co.uk/products/hd-mirrorless-camera-667
14/02/2024,14/02/2024 22:03,SCR-BD5171C95D98,Ret C,RET-PROD-007,HD Mirrorless Camera 667,Cameras,1391.01,2522.24,RRP,Winter Sale,https://www.retailerc.co.uk/products/hd-mirrorless-camera-667
15/02/2024,15/02/2024 20:23,SCR-46E109E4A240,RETAILER C,RET-PROD-007,HD Mirrorless Camera 667,Cameras,1391.01,2522.24,RRP,Winter Sale,https://www.retailerc.co.uk/products/hd-mirrorless-camera-667
16/02/2024,16/02/2024 21:34,SCR-97EC9CFCDB5C,RETAILER C,RET-PROD-007,HD Mirrorless Camera 667,Cameras,1391.01,2522.24,RRP,Winter Sale,https://www.retailerc.co.uk/products/hd-mirrorless-camera-667
17/02/2024,17/02/2024 16:02,SCR-A58B8CC3C4F8,Retailer C,RET-PROD-007,HD Mirrorless Camera 667,Cameras,1391.01,2522.24,RRP,Winter Sale,https://www.retailerc.co.uk/products/hd-mirrorless-camera-667
18/02/2024,18/02/2024 21:33,SCR-3EA669E4F8EE,Ret C,RET-PROD-007,HD Mirrorless Camera 667,Cameras,1391.01,2522.24,RRP,Winter Sale,https://www.retailerc.co.uk/products/hd-mirrorless-camera-667
19/02/2024,19/02/2024 11:44,SCR-ABB35E4CFAD9,Retailer C,RET-PROD-007,HD Mirrorless Camera 667,Cameras,1391.01,,,Winter Sale,https://www.retailerc.co.uk/products/hd-mirrorless-camera-667
20/02/2024,20/02/2024 10:29,SCR-D8E0D0DA0CF5,RETAILER C,RET-PROD-007,HD Mirrorless Camera 667,Cameras,1391.01,2522.24 GBP,,Winter Sale,https://www.retailerc.co.uk/products/hd-mirrorless-camera-667
21/02/2024,21/02/2024 13:00,SCR-07BD19823B39,retailer c,RET-PROD-007,HD Mirrorless Camera 667,Cameras,1391.01,,,Winter Sale,https://www.retailerc.co.uk/products/hd-mirrorless-camera-667
22/02/2024,22/02/2024 21:19,SCR-B7EDCBA3E05F,Ret C,RET-PROD-007,HD Mirrorless Camera 667,Cameras,1391.01,2522.24,RRP,Winter Sale,https://www.retailerc.co.uk/products/hd-mirrorless-camera-667
23/02/2024,23/02/2024 22:22,SCR-0079A71E205C,RETAILER C,RET-PROD-007,HD Mirrorless Camera 667,Cameras,1391.01,2522.24,RRP,Winter Sale,https://www.retailerc.co.uk/products/hd-mirrorless-camera-667
24/02/2024,24/02/2024 06:16,SCR-FCC6D724E9BF,retailer c,RET-PROD-007,HD Mirrorless Camera 667,Cameras,1391.01,2522.24,RRP,Winter Sale,https://www.retailerc.co.uk/products/hd-mirrorless-camera-667
25/02/2024,25/02/2024 13:46,SCR-532C8027A866,Retailer C,,HD Mirrorless Camera 667,Cameras,1391.01,2522.24,RRP,Winter Sale,https://www.retailerc.co.uk/products/hd-mirrorless-camera-667
26/02/2024,26/02/2024 09:32,SCR-FF8938D5F224,retailer c,RET-PROD-007,HD Mirrorless Camera 667,Cameras,1391.01,2522.24,RRP,Winter Sale,https://www.retailerc.co.uk/products/hd-mirrorless-camera-667
27/02/2024,27/02/2024 07:57,SCR-665A756A9B7F,RETAILER C,RET-PROD-007,HD Mirrorless Camera 667,Cameras,1391.01,2522.24,RRP,Winter Sale,https://www.retailerc.co.uk/products/hd-mirrorless-camera-667
28/02/2024,28/02/2024 20:11,SCR-BCD2D2DFF6F4,RETAILER C,RET-PROD-007,HD Mirrorless Camera 667,,1391.01,,,Winter Sale,https://www.retailerc.co.uk/products/hd-mirrorless-camera-667
29/02/2024,29/02/2024 22:52,SCR-1CD433227307,retailer c,RET-PROD-007,HD Mirrorless Camera 667,Cameras,1391.01,2522.24,RRP,Winter Sale,https://www.retailerc.co.uk/products/hd-mirrorless-camera-667
01/03/2024,01/03/2024 07:06,SCR-A8F84F9A839A,Retailer  C,RET-PROD-007,HD Mirrorless Camera 667,Cameras,1391.01,2522.24,RRP,Winter Sale,https://www.retailerc.co.uk/products/hd-mirrorless-camera-667
02/03/2024,02/03/2024 14:28,SCR-242EBB822B1E,RETAILER C,RET-PROD-007,HD Mirrorless Camera 667,Cameras,1391.01,,,Winter Sale,https://www.retailerc.co.uk/products/hd-mirrorless-camera-667
03/03/2024,03/03/2024 16:58,SCR-97412178A8BA,retailer c,RET-PROD-007,HD Mirrorless Camera 667,,1391.01,2522.24,RRP,Winter Sale,https://www.retailerc.co.uk/products/hd-mirrorless-camera-667
04/03/2024,04/03/2024 21:25,SCR-564759B839EC,Ret C,RET-PROD-007,HD Mirrorless Camera 667,Cameras,1391.01,2522.24,RRP,Winter Sale,https://www.retailerc.co.uk/products/hd-mirrorless-camera-667
05/03/2024,05/03/2024 08:25,SCR-89E6F60E7602,Retailer  C,RET-PROD-007,HD Mirrorless Camera 667,Cameras,1391.01,2522.24,RRP,Winter Sale,https://www.retailerc.co.uk/products/hd-mirrorless-camera-667
06/03/2024,06/03/2024 20:47,SCR-0AC593D9DE69,Retailer C,RET-PROD-007,HD Mirrorless Camera 667,Cameras,1391.01,,,Winter Sale,https://www.retailerc.co.uk/products/hd-mirrorless-camera-667
07/03/2024,07/03/2024 07:17,SCR-FB212593C848,RETAILER C,RET-PROD-007,HD Mirrorless Camera 667,Cameras,1391.01,2522.24,RRP,Winter Sale,https://www.retailerc.co.uk/products/hd-mirrorless-camera-667
08/03/2024,08/03/2024 18:52,SCR-7B393D2522F9,Retailer  C,RET-PROD-007,HD Mirrorless Camera 667,Cameras,1391.01,2522.24,RRP,Winter Sale,https://www.retailerc.co.uk/products/hd-mirrorless-camera-667
09/03/2024,09/03/2024 21:31,SCR-FA3148B8C2FA,Retailer C,RET-PROD-007,HD Mirrorless Camera 667,Cameras,1391.01,2522.24,RRP,Winter Sale,https://www.retailerc.co.uk/products/hd-mirrorless-camera-667
10/03/2024,10/03/2024 13:41,SCR-C8DC56EF66E1,retailer c,RET-PROD-007,HD Mirrorless Camera 667,Cameras,1391.01,2522.24,RRP,Winter Sale,https://www.retailerc.co.uk/products/hd-mirrorless-camera-667
11/03/2024,11/03/2024 16:40,SCR-52624E3D8C24,Retailer C,RET-PROD-007,HD Mirrorless Camera 667,Cameras,1391.01,2522.24,RRP,Winter Sale,https://www.retailerc.co.uk/products/hd-mirrorless-camera-667
12/03/2024,12/03/2024 19:37,SCR-A556E537C3C1,Retailer  C,,HD Mirrorless Camera 667,,1391.01,2522.24,RRP,Winter Sale,https://www.retailerc.co.uk/products/hd-mirrorless-camera-667
13/03/2024,13/03/2024 15:27,SCR-DECE7F3D6BFE,Retailer C,RET-PROD-007,HD Mirrorless Camera 667,Cameras,1391.01,2522.24,RRP,Winter Sale,https://www.retailerc.co.uk/products/hd-mirrorless-camera-667
14/03/2024,14/03/2024 21:12,SCR-5D773164835E,retailer c,RET-PROD-007,HD Mirrorless Camera 667,Cameras,1391.01,2522.24,RRP,Winter Sale,https://www.retailerc.co.uk/products/hd-mirrorless-camera-667
15/03/2024,15/03/2024 15:11,SCR-07F27C3D8EAD,Retailer C,RET-PROD-007,HD Mirrorless Camera 667,Cameras,1391.01,,,Winter Sale,https://www.retailerc.co.uk/products/hd-mirrorless-camera-667
16/03/2024,16/03/2024 09:05,SCR-1CB6E849FCEF,Retailer  C,RET-PROD-007,HD Mirrorless Camera 667,Cameras,1391.01,2522.24,RRP,Winter Sale,https://www.retailerc.co.uk/products/hd-mirrorless-camera-667
17/03/2024,17/03/2024 09:24,SCR-B826B2F461B4,RETAILER C,RET-PROD-007,HD Mirrorless Camera 667,Cameras,1391.01,2522.24,RRP,Winter Sale,https://www.retailerc.co.uk/products/hd-mirrorless-camera-667
18/03/2024,18/03/2024 13:58,SCR-13FCD84BAA4E,RETAILER C,RET-PROD-007,HD Mirrorless Camera 667,Cameras,1391.01,2522.24,RRP,Winter Sale,https://www.retailerc.co.uk/products/hd-mirrorless-camera-667
19/03/2024,19/03/2024 15:39,SCR-79556C4F79B5,Retailer C,RET-PROD-007,HD Mirrorless Camera 667,Cameras,1391.01,2522.24,RRP,Winter Sale,https://www.retailerc.co.uk/products/hd-mirrorless-camera-667
20/03/2024,20/03/2024 21:38,SCR-C442884E7753,RETAILER C,RET-PROD-007,HD Mirrorless Camera 667,Cameras,1391.01,2522.24,RRP,Winter Sale,https://www.retailerc.co.uk/products/hd-mirrorless-camera-667
21/03/2024,21/03/2024 08:25,SCR-32F28F28619A,retailer c,RET-PROD-007,HD Mirrorless Camera 667,Cameras,1391.01,2522.24,,Winter Sale,https://www.retailerc.co.uk/products/hd-mirrorless-camera-667
22/03/2024,22/03/2024 09:32,SCR-6707951F3CE0,Retailer C,RET-PROD-007,HD Mirrorless Camera 667,Cameras,1391.01,2522.24,RRP,Winter Sale,https://www.retailerc.co.uk/products/hd-mirrorless-camera-667
23/03/2024,23/03/2024 14:57,SCR-ED9582EEF6E8,RETAILER C,RET-PROD-007,HD Mirrorless Camera 667,Cameras,1391.01,2522.24,RRP,Winter Sale,https://www.retailerc.co.uk/products/hd-mirrorless-camera-667
24/03/2024,24/03/2024 09:42,SCR-407B874FCE7D,Retailer C,RET-PROD-007,HD Mirrorless Camera 667,Cameras,1391.01,2522.24,,Winter Sale,https://www.retailerc.co.uk/products/hd-mirrorless-camera-667
25/03/2024,25/03/2024 14:54,SCR-52BB8E960D83,Retailer  C,RET-PROD-007,HD Mirrorless Camera 667,Cameras,1391.01,,,Winter Sale,https://www.retailerc.co.uk/products/hd-mirrorless-camera-667
26/03/2024,26/03/2024 11:56,SCR-0CFC9AE60459,Retailer C,RET-PROD-007,HD Mirrorless Camera 667,,1391.01,2522.24,RRP,Winter Sale,https://www.retailerc.co.uk/products/hd-mirrorless-camera-667
27/03/2024,27/03/2024 21:07,SCR-954D605E4D42,RETAILER C,RET-PROD-007,HD Mirrorless Camera 667,Cameras,1391.01,,,Winter Sale,https://www.retailerc.co.uk/products/hd-mirrorless-camera-667
28/03/2024,28/03/2024 06:50,SCR-FCC6E29299AF,Retailer C,RET-PROD-007,HD Mirrorless Camera 667,Cameras,1391.01,2522.24,RRP,Winter Sale,https://www.retailerc.co.uk/products/hd-mirrorless-camera-667
29/03/2024,29/03/2024 18:32,SCR-B490628A8BA9,Retailer C,RET-PROD-007,HD Mirrorless Camera 667,Cameras,1391.01,,,Winter Sale,https://www.retailerc.co.uk/products/hd-mirrorless-camera-667
30/03/2024,30/03/2024 20:34,SCR-DFA3C9B22F07,RETAILER C,RET-PROD-007,HD Mirrorless Camera 667,Cameras,1391.01,2522.24 GBP,RRP,Winter Sale,https://www.retailerc.co.uk/products/hd-mirrorless-camera-667
01/01/2024,01/01/2024 09:30,SCR-39F71E724FA9,Retailer B.,RET-PROD-008,Premium Blender 972,Appliances,817.27,,,,https://www.retailerb.co.uk/products/premium-blender-972
02/01/2024,02/01/2024 22:11,SCR-FB50842D6FBB,Retailer B,RET-PROD-008,Premium Blender 972,Appliances,454.04,,,,https://www.retailerb.co.uk/products/premium-blender-972
03/01/2024,03/01/2024 20:07,SCR-5EF34E88EC18,Retailer B.,RET-PROD-008,Premium Blender 972,Appliances,454.04,,,,https://www.retailerb.co.uk/products/premium-blender-972
04/01/2024,04/01/2024 20:07,SCR-02892BEFA27F,retailer b,RET-PROD-008,Premium Blender 972,Appliances,454.04,,,,https://www.retailerb.co.uk/products/premium-blender-972
05/01/2024,05/01/2024 20:21,SCR-5A6D3FD5109C,Retailer B.,RET-PROD-008,Premium Blender 972,Appliances,454.04,,,,https://www.retailerb.co.uk/products/premium-blender-972
06/01/2024,06/01/2024 08:55,SCR-C0327F8904DB,Retailer B.,RET-PROD-008,Premium Blender 972,Appliances,454.04,,,,https://www.retailerb.co.uk/products/premium-blender-972
07/01/2024,07/01/2024 15:23,SCR-EEBB7EEFCD66,RetailerB,RET-PROD-008,Premium Blender 972,Appliances,454.04,,,,https://www.retailerb.co.uk/products/premium-blender-972
08/01/2024,08/01/2024 21:12,SCR-D4D2E683DBFC,RETAILER B,RET-PROD-008,Premium Blender 972,Appliances,454.04,,,,https://www.retailerb.co.uk/products/premium-blender-972
09/01/2024,09/01/2024 17:45,SCR-38D64761E5E1,retailer b,RET-PROD-008,Premium Blender 972,,454.04,,,,https://www.retailerb.co.uk/products/premium-blender-972
10/01/2024,10/01/2024 13:51,SCR-71E7C5181BA9,retailer b,RET-PROD-008,Premium Blender 972,Appliances,454.04,,,,https://www.retailerb.co.uk/products/premium-blender-972
11/01/2024,11/01/2024 12:11,SCR-382DDE675883,RetailerB,RET-PROD-008,Premium Blender 972,Appliances,454.04,,,,https://www.retailerb.co.uk/products/premium-blender-972
12/01/2024,12/01/2024 07:43,SCR-894BE894394D,Retailer B,RET-PROD-008,Premium Blender 972,Appliances,454.04,,,,https://www.retailerb.co.uk/products/premium-blender-972
13/01/2024,13/01/2024 19:43,SCR-9220CE1915D8,retailer b,RET-PROD-008,Premium Blender 972,Appliances,454.04,,,,https://www.retailerb.co.uk/products/premium-blender-972
14/01/2024,14/01/2024 21:50,SCR-8195DE1FE478,Retailer B,RET-PROD-008,Premium Blender 972,Appliances,454.04,,,,https://www.retailerb.co.uk/products/premium-blender-972
15/01/2024,15/01/2024 06:18,SCR-0630420A9FBB,Retailer B,RET-PROD-008,Premium Blender 972,Appliances,454.04,,,,https://www.retailerb.co.uk/products/premium-blender-972
16/01/2024,16/01/2024 09:16,SCR-D110D6644522,RETAILER B,RET-PROD-008,Premium Blender 972,Appliances,454.04,,,,https://www.retailerb.co.uk/products/premium-blender-972
17/01/2024,17/01/2024 09:23,SCR-E42551C2E642,RETAILER B,RET-PROD-008,Premium Blender 972,Appliances,454.04,,,,https://www.retailerb.co.uk/products/premium-blender-972
18/01/2024,18/01/2024 21:52,SCR-9D4FBB7BDD40,Retailer B.,RET-PROD-008,Premium Blender 972,Appliances,454.04,,,,https://www.retailerb.co.uk/products/premium-blender-972
19/01/2024,19/01/2024 10:33,SCR-13B8760B1A3C,Retailer B,RET-PROD-008,Premium Blender 972,Appliances,454.04,,,,https://www.retailerb.co.uk/products/premium-blender-972
20/01/2024,20/01/2024 08:55,SCR-622295697D02,RetailerB,RET-PROD-008,Premium Blender 972,Appliances,454.04,,,,https://www.retailerb.co.uk/products/premium-blender-972
21/01/2024,21/01/2024 09:08,SCR-A92A7E9A468F,Retailer B,RET-PROD-008,Premium Blender 972,Appliances,£454.04,,,,https://www.retailerb.co.uk/products/premium-blender-972
22/01/2024,22/01/2024 21:15,SCR-7DA204536625,RetailerB,RET-PROD-008,Premium Blender 972,Appliances,454.04,,,,https://www.retailerb.co.uk/products/premium-blender-972
23/01/2024,23/01/2024 16:47,SCR-B5B752DE1707,Retailer B.,RET-PROD-008,Premium Blender 972,Appliances,454.04,,,,https://www.retailerb.co.uk/products/premium-blender-972
24/01/2024,24/01/2024 19:51,SCR-6276521240CC,retailer b,RET-PROD-008,Premium Blender 972,,454.04,,,,https://www.retailerb.co.uk/products/premium-blender-972
25/01/2024,25/01/2024 20:37,SCR-A3354CEAA166,Retailer B.,RET-PROD-008,Premium Blender 972,Appliances,454.04,,,,https://www.retailerb.co.uk/products/premium-blender-972
26/01/2024,26/01/2024 11:06,SCR-D2C2D30786CC,Retailer B,RET-PROD-008,,Appliances,454.04,,,,https://www.retailerb.co.uk/products/premium-blender-972
27/01/2024,27/01/2024 09:24,SCR-4DD2D83B2918,retailer b,RET-PROD-008,Premium Blender 972,Appliances,454.04,,,,https://www.retailerb.co.uk/products/premium-blender-972
28/01/2024,28/01/2024 22:50,SCR-76121B5D6D1B,Retailer B.,RET-PROD-008,Premium Blender 972,Appliances,454.04,,,,https://www.retailerb.co.uk/products/premium-blender-972
29/01/2024,29/01/2024 19:07,SCR-D0B869AD4CFD,RetailerB,RET-PROD-008,Premium Blender 972,Appliances,454.04,,,,https://www.retailerb.co.uk/products/premium-blender-972
30/01/2024,30/01/2024 09:36,SCR-4C309CF8773D,retailer b,RET-PROD-008,Premium Blender 972,,454.04,,,,https://www.retailerb.co.uk/products/premium-blender-972
31/01/2024,31/01/2024 17:10,SCR-FE31874E47D2,Retailer B,RET-PROD-008,Premium Blender 972,appliances,454.04,,,,https://www.retailerb.co.uk/products/premium-blender-972
01/02/2024,01/02/2024 13:48,SCR-DC65CDCFD63B,Retailer B,RET-PROD-008,Premium Blender 972,Appliances,454.04,,,,https://www.retailerb.co.uk/products/premium-blender-972
02/02/2024,02/02/2024 18:54,SCR-1F6F428DF3DC,Retailer B.,RET-PROD-008,Premium Blender 972,Appliances,454.04,,,,https://www.retailerb.co.uk/products/premium-blender-972
03/02/2024,03/02/2024 21:45,SCR-26CCF6C1E216,Retailer B.,RET-PROD-008,Premium Blender 972,Appliances,855.58,,,,https://www.retailerb.co.uk/products/premium-blender-972
04/02/2024,04/02/2024 07:35,SCR-7024AB133F8D,RETAILER B,RET-PROD-008,Premium Blender 972,Appliances,855.58,,,,https://www.retailerb.co.uk/products/premium-blender-972
05/02/2024,05/02/2024 14:01,SCR-1A9093AA7A55,retailer b,RET-PROD-008,Premium Blender 972,Appliances,855.58,,,,https://www.retailerb.co.uk/products/premium-blender-972
06/02/2024,06/02/2024 13:16,SCR-F22F26462083,RETAILER B,RET-PROD-008,,Appliances,855.58,,,,https://www.retailerb.co.uk/products/premium-blender-972
07/02/2024,07/02/2024 14:30,SCR-4AD154EB4DC7,Retailer B,RET-PROD-008,Premium Blender 972,Appliances,855.58,,,,https://www.retailerb.co.uk/products/premium-blender-972
08/02/2024,08/02/2024 13:58,SCR-C26C4A754377,RETAILER B,RET-PROD-008,,Appliances,368.74,,,Spring Sale,https://www.retailerb.co.uk/products/premium-blender-972
09/02/2024,1707495253,SCR-BF86C4A5C7E0,Retailer B.,RET-PROD-008,Premium Blender 972,Appliances,368.74,855.58,Was,Spring Sale,https://www.retailerb.co.uk/products/premium-blender-972
10/02/2024,10/02/2024 16:36,SCR-64249DFC8094,Retailer B.,RET-PROD-008,Premium Blender 972,Appliances,368.74,,,Spring Sale,https://www.retailerb.co.uk/products/premium-blender-972
11/02/2024,11/02/2024 22:01,SCR-0E6BE82C1809,retailer b,RET-PROD-008,,Appliances,368.74,855.58,Previously,Spring Sale,https://www.retailerb.co.uk/products/premium-blender-972
12/02/2024,12/02/2024 21:16,SCR-0B2727C5DC6D,retailer b,RET-PROD-008,Premium Blender 972,Appliances,368.74,855.58,Was,Spring Sale,https://www.retailerb.co.uk/products/premium-blender-972
13/02/2024,13/02/2024 07:48,SCR-26E229AFDBB6,Retailer B.,RET-PROD-008,Premium Blender 972,Appliances,368.74,,,Spring Sale,https://www.retailerb.co.uk/products/premium-blender-972
14/02/2024,14/02/2024 17:44,SCR-7FC26E2F83EF,Retailer B.,RET-PROD-008,Premium Blender 972,Appliances,368.74,855.58,Was,Spring Sale,https://www.retailerb.co.uk/products/premium-blender-972
15/02/2024,15/02/2024 13:27,SCR-4933B72F40C7,RETAILER B,RET-PROD-008,Premium Blender 972,Appliances,368.74,,,Spring Sale,https://www.retailerb.co.uk/products/premium-blender-972
16/02/2024,16/02/2024 20:46,SCR-C59B4DD5492D,Retailer B,RET-PROD-008,Premium Blender 972,Appliances,368.74,855.58,,Spring Sale,https://www.retailerb.co.uk/products/premium-blender-972
17/02/2024,17/02/2024 11:26,SCR-DD4E4C08E551,RetailerB,RET-PROD-008,Premium Blender 972,appliances,368.74,855.58,Was,Spring Sale,https://www.retailerb.co.uk/products/premium-blender-972
18/02/2024,18/02/2024 17:55,SCR-3C03DA6DBAD4,Retailer B.,RET-PROD-008,Premium Blender 972,Appliances,368.74,855.58,Was,Spring Sale,https://www.retailerb.co.uk/products/premium-blender-972
19/02/2024,19/02/2024 12:35,SCR-5E876F3803E3,Retailer B.,RET-PROD-008,Premium Blender 972,Appliances,454.04,,,,https://www.retailerb.co.uk/products/premium-blender-972
20/02/2024,20/02/2024 19:22,SCR-BCB04400B662,Retailer B.,RET-PROD-008,Premium Blender 972,Appliances,454.04,,,,https://www.retailerb.co.uk/products/premium-blender-972
21/02/2024,21/02/2024 18:29,SCR-017612CABBE5,Retailer B,RET-PROD-008,Premium Blender 972,Appliances,454.04,,,,https://www.retailerb.co.uk/products/premium-blender-972
22/02/2024,22/02/2024 09:35,SCR-F43E926E772C,retailer b,RET-PROD-008,Premium Blender 972,Appliances,454.04,,,,https://www.retailerb.co.uk/products/premium-blender-972
23/02/2024,23/02/2024 08:23,SCR-4B1FD00ED1B7,RetailerB,,,Appliances,454.04,,,,https://www.retailerb.co.uk/products/premium-blender-972
24/02/2024,24/02/2024 16:06,SCR-E79BD0CA0F3A,RetailerB,RET-PROD-008,Premium Blender 972,Appliances,454.04,,,,https://www.retailerb.co.uk/products/premium-blender-972
25/02/2024,25/02/2024 21:43,SCR-362B10E0A331,RetailerB,RET-PROD-008,Premium Blender 972,Appliances,454.04,,,,https://www.retailerb.co.uk/products/premium-blender-972
26/02/2024,26/02/2024 07:05,SCR-486488A69190,retailer b,RET-PROD-008,Premium Blender 972,Appliances,454.04,,,,https://www.retailerb.co.uk/products/premium-blender-972
27/02/2024,27/02/2024 08:16,SCR-F83856F9CC9C,RETAILER B,RET-PROD-008,Premium Blender 972,Appliances,454.04,,,,https://www.retailerb.co.uk/products/premium-blender-972
28/02/2024,28/02/2024 10:19,SCR-26FEAAC398B3,RetailerB,RET-PROD-008,Premium Blender 972,Appliances,454.04,,,,https://www.retailerb.co.uk/products/premium-blender-972
29/02/2024,,SCR-DE6F9FBBABA9,Retailer B,RET-PROD-008,Premium Blender 972,Appliances,454.04,,,,https://www.retailerb.co.uk/products/premium-blender-972
01/03/2024,,SCR-B7109DEE9758,Retailer B,RET-PROD-008,Premium Blender 972,Appliances,454.04,,,,https://www.retailerb.co.uk/products/premium-blender-972
02/03/2024,02/03/2024 12:47,SCR-CBA3DC125EDD,Retailer B.,RET-PROD-008,Premium Blender 972,Appliances,454.04,,,,https://www.retailerb.co.uk/products/premium-blender-972
03/03/2024,03/03/2024 08:23,SCR-BA71ADBE22B8,RETAILER B,RET-PROD-008,Premium Blender 972,Appliances,454.04,,,,https://www.retailerb.co.uk/products/premium-blender-972
04/03/2024,04/03/2024 11:22,SCR-B712E98E3F81,RetailerB,RET-PROD-008,Premium Blender 972,Appliances,454.04,,,,https://www.retailerb.co.uk/products/premium-blender-972
05/03/2024,05/03/2024 15:49,SCR-399DF8322526,Retailer B.,RET-PROD-008,Premium Blender 972,Appliances,454.04,,,,https://www.retailerb.co.uk/products/premium-blender-972
06/03/2024,06/03/2024 07:25,SCR-C9D10A1C8720,Retailer B,RET-PROD-008,Premium Blender 972,Appliances,454.04,,,,https://www.retailerb.co.uk/products/premium-blender-972
07/03/2024,07/03/2024 19:34,SCR-6A32E5E66E39,RetailerB,RET-PROD-008,Premium Blender 972,Appliances,454.04,,,,https://www.retailerb.co.uk/products/premium-blender-972
08/03/2024,08/03/2024 19:12,SCR-A853A31B1CE2,Retailer B,RET-PROD-008,Premium Blender 972,Appliances,454.04,,,,https://www.retailerb.co.uk/products/premium-blender-972
09/03/2024,09/03/2024 19:16,SCR-EBC7A153981C,retailer b,RET-PROD-008,Premium Blender 972,Appliances,454.04,,,,https://www.retailerb.co.uk/products/premium-blender-972
10/03/2024,10/03/2024 12:10,SCR-8369D045EA5D,RetailerB,,Premium Blender 972,Appliances,454.04,,,,https://www.retailerb.co.uk/products/premium-blender-972
11/03/2024,11/03/2024 13:20,SCR-002A3F693584,RetailerB,RET-PROD-008,Premium Blender 972,Appliances,454.04,,,,https://www.retailerb.co.uk/products/premium-blender-972
12/03/2024,12/03/2024 10:54,SCR-E5FB90905DFF,Retailer B.,RET-PROD-008,Premium Blender 972,Appliances,454.04,,,,https://www.retailerb.co.uk/products/premium-blender-972
13/03/2024,13/03/2024 11:11,SCR-0C78AD612E15,Retailer B,RET-PROD-008,Premium Blender 972,Appliances,454.04,,,,https://www.retailerb.co.uk/products/premium-blender-972
14/03/2024,14/03/2024 08:00,SCR-704762E00D65,RetailerB,RET-PROD-008,Premium Blender 972,Appliances,454.04,,,,https://www.retailerb.co.uk/products/premium-blender-972
15/03/2024,15/03/2024 11:51,SCR-3A0A94118273,Retailer B.,RET-PROD-008,Premium Blender 972,Appliances,454.04,,,,https://www.retailerb.co.uk/products/premium-blender-972
16/03/2024,16/03/2024 10:32,SCR-8035AC57425B,RETAILER B,RET-PROD-008,Premium Blender 972,Appliances,,,,,https://www.retailerb.co.uk/products/premium-blender-972
17/03/2024,17/03/2024 21:21,SCR-6E241DEBDD61,Retailer B,RET-PROD-008,Premium Blender 972,Appliances,454.04,,,,https://www.retailerb.co.uk/products/premium-blender-972
18/03/2024,18/03/2024 16:01,SCR-7B0A80D6DC87,Retailer B.,RET-PROD-008,Premium Blender 972,Appliances,454.04,,,,https://www.retailerb.co.uk/products/premium-blender-972
19/03/2024,19/03/2024 22:28,SCR-1BEF3598C040,Retailer B.,RET-PROD-008,Premium Blender 972,Appliances,454.04,,,,https://www.retailerb.co.uk/products/premium-blender-972
20/03/2024,20/03/2024 21:49,SCR-0DB59ED5DF76,retailer b,RET-PROD-008,Premium Blender 972,Appliances,454.04,,,,https://www.retailerb.co.uk/products/premium-blender-972
21/03/2024,21/03/2024 19:21,SCR-8AFDD2E1EBAB,retailer b,RET-PROD-008,Premium Blender 972,Appliances,454.04,,,,https://www.retailerb.co.uk/products/premium-blender-972
22/03/2024,22/03/2024 07:42,SCR-DBA089575EA8,Retailer B.,RET-PROD-008,Premium Blender 972,Appliances,454.04,,,,https://www.retailerb.co.uk/products/premium-blender-972
23/03/2024,23/03/2024 14:28,SCR-FBF7FD4E45D1,retailer b,RET-PROD-008,Premium Blender 972,Appliances,454.04,,,,https://www.retailerb.co.uk/products/premium-blender-972
24/03/2024,24/03/2024 12:27,SCR-9745B84A3126,retailer b,RET-PROD-008,Premium Blender 972,Appliances,454.04,,,,https://www.retailerb.co.uk/products/premium-blender-972
25/03/2024,25/03/2024 15:38,SCR-4509F3721D34,Retailer B.,RET-PROD-008,Premium Blender 972,Appliances,454.04,,,,https://www.retailerb.co.uk/products/premium-blender-972
26/03/2024,26/03/2024 07:42,SCR-9F731DF1A21D,RETAILER B,RET-PROD-008,Premium Blender 972,Appliances,454.04,,,,https://www.retailerb.co.uk/products/premium-blender-972
27/03/2024,27/03/2024 19:04,SCR-C2F8CC746540,Retailer B,RET-PROD-008,Premium Blender 972,Appliances,454.04,,,,https://www.retailerb.co.uk/products/premium-blender-972
28/03/2024,28/03/2024 22:40,SCR-90399AF68EC2,Retailer B.,RET-PROD-008,Premium Blender 972,Appliances,454.04,,,,https://www.retailerb.co.uk/products/premium-blender-972
29/03/2024,29/03/2024 21:09,SCR-C7DC5F583A54,Retailer B,RET-PROD-008,Premium Blender 972,Appliances,454.04,,,,https://www.retailerb.co.uk/products/premium-blender-972
30/03/2024,30/03/2024 12:44,SCR-4C9BD01A55FA,Retailer B,RET-PROD-008,Premium Blender 972,Appliances,454.04,,,,https://www.retailerb.co.uk/products/premium-blender-972
01/01/2024,01/01/2024 15:36,SCR-2B8D2F8FE95E,Retailer-E,RET-PROD-009,Wireless Dishwasher 274,Appliances,270.69,,,,https://www.retailere.co.uk/products/wireless-dishwasher-274
02/01/2024,02/01/2024 08:13,SCR-5714352D09B0,retailer e,RET-PROD-009,Wireless Dishwasher 274,Appliances,270.69,,,,https://www.retailere.co.uk/products/wireless-dishwasher-274
03/01/2024,03/01/2024 06:37,SCR-67891A688C60,Ret. E,RET-PROD-009,Wireless Dishwasher 274,Appliances,270.69,,,,https://www.retailere.co.uk/products/wireless-dishwasher-274
04/01/2024,04/01/2024 12:03,SCR-F10CDA2C967F,Ret. E,RET-PROD-009,Wireless Dishwasher 274,Appliances,270.69,,,,https://www.retailere.co.uk/products/wireless-dishwasher-274
05/01/2024,05/01/2024 17:40,SCR-3CAC2F8ACB0B,Retailer E,RET-PROD-009,Wireless Dishwasher 274,Appliances,270.69,,,,https://www.retailere.co.uk/products/wireless-dishwasher-274
06/01/2024,06/01/2024 08:13,SCR-61AE69B72620,Ret. E,RET-PROD-009,Wireless Dishwasher 274,Appliances,270.69,,,,https://www.retailere.co.uk/products/wireless-dishwasher-274
07/01/2024,07/01/2024 10:55,SCR-54DC0DFB9F23,Retailer-E,RET-PROD-009,Wireless Dishwasher 274,Appliances,270.69,,,,https://www.retailere.co.uk/products/wireless-dishwasher-274
08/01/2024,08/01/2024 08:17,SCR-F51A809443C1,Ret. E,RET-PROD-009,Wireless Dishwasher 274,Appliances,270.69,,,,https://www.retailere.co.uk/products/wireless-dishwasher-274
09/01/2024,09/01/2024 19:25,SCR-D7EF5E7F7F6C,Retailer-E,RET-PROD-009,Wireless Dishwasher 274,Appliances,182.94,270.69,Was,Flash Sale,https://www.retailere.co.uk/products/wireless-dishwasher-274
10/01/2024,10/01/2024 10:20,SCR-615328E4BD47,Retailer-E,RET-PROD-009,Wireless Dishwasher 274,Appliances,182.94,270.69,Was,Flash Sale,https://www.retailere.co.uk/products/wireless-dishwasher-274
11/01/2024,11/01/2024 10:00,SCR-A933DC313AA5,RETAILER E,RET-PROD-009,Wireless Dishwasher 274,Appliances,182.94,,,Flash Sale,https://www.retailere.co.uk/products/wireless-dishwasher-274
12/01/2024,12/01/2024 13:41,SCR-0D7E52D2BF98,Retailer-E,RET-PROD-009,,Appliances,182.94,270.69,Was,Flash Sale,https://www.retailere.co.uk/products/wireless-dishwasher-274
13/01/2024,13/01/2024 19:36,SCR-582C91C99DC0,Ret. E,RET-PROD-009,Wireless Dishwasher 274,Appliances,182.94,270.69,Orig.,Flash Sale,https://www.retailere.co.uk/products/wireless-dishwasher-274
14/01/2024,14/01/2024 12:44,SCR-296CF12B992A,RETAILER E,RET-PROD-009,Wireless Dishwasher 274,Appliances,182.94,270.69,Was,Flash Sale,https://www.retailere.co.uk/products/wireless-dishwasher-274
15/01/2024,15/01/2024 09:40,SCR-D83029186F58,Retailer-E,,Wireless Dishwasher 274,Appliances,182.94,270.69,Was,Flash Sale,https://www.retailere.co.uk/products/wireless-dishwasher-274
16/01/2024,16/01/2024 15:21,SCR-3775F7E6E33F,RETAILER E,RET-PROD-009,Wireless Dishwasher 274,Appliances,182.94,270.69,Was,Flash Sale,https://www.retailere.co.uk/products/wireless-dishwasher-274
17/01/2024,17/01/2024 06:12,SCR-5151CEA59567,Retailer-E,RET-PROD-009,Wireless Dishwasher 274,Appliances,182.94,270.69,Was,Flash Sale,https://www.retailere.co.uk/products/wireless-dishwasher-274
18/01/2024,18/01/2024 14:43,SCR-C3D7E7F85C35,Retailer-E,RET-PROD-009,Wireless Dishwasher 274,Appliances,182.94,270.69,Was,Flash Sale,https://www.retailere.co.uk/products/wireless-dishwasher-274
19/01/2024,19/01/2024 07:08,SCR-C167457848D3,Ret. E,RET-PROD-009,Wireless Dishwasher 274,Appliances,182.94,270.69,Was,Flash Sale,https://www.retailere.co.uk/products/wireless-dishwasher-274
20/01/2024,20/01/2024 18:09,SCR-580814AAC8D3,retailer e,RET-PROD-009,Wireless Dishwasher 274,Appliances,182.94,,,Flash Sale,https://www.retailere.co.uk/products/wireless-dishwasher-274
21/01/2024,21/01/2024 09:10,SCR-828549F3F678,retailer e,RET-PROD-009,Wireless Dishwasher 274,Appliances,182.94,270.69,Previously,Flash Sale,https://www.retailere.co.uk/products/wireless-dishwasher-274
22/01/2024,22/01/2024 12:26,SCR-95ED244636BE,RETAILER E,RET-PROD-009,Wireless Dishwasher 274,Appliances,182.94,270.69,Was,Flash Sale,https://www.retailere.co.uk/products/wireless-dishwasher-274
23/01/2024,23/01/2024 20:31,SCR-F0043EF8E729,Ret. E,RET-PROD-009,Wireless Dishwasher 274,Appliances,182.94,270.69,,Flash Sale,https://www.retailere.co.uk/products/wireless-dishwasher-274
24/01/2024,24/01/2024 17:08,SCR-2C59BC2B92AC,Ret. E,RET-PROD-009,Wireless Dishwasher 274,Appliances,182.94,,,Flash Sale,https://www.retailere.co.uk/products/wireless-dishwasher-274
25/01/2024,25/01/2024 13:39,SCR-3373255C3BE3,Retailer E,RET-PROD-009,Wireless Dishwasher 274,Appliances,182.94,270.69,Was,Flash Sale,https://www.retailere.co.uk/products/wireless-dishwasher-274
26/01/2024,26/01/2024 21:04,SCR-AD9D469842FC,retailer e,RET-PROD-009,Wireless Dishwasher 274,appliances,182.94,270.69,Was,Flash Sale,https://www.retailere.co.uk/products/wireless-dishwasher-274
27/01/2024,27/01/2024 18:05,SCR-39826C828218,Retailer-E,RET-PROD-009,Wireless Dishwasher 274,Appliances,182.94,270.69,Was,Flash Sale,https://www.retailere.co.uk/products/wireless-dishwasher-274
28/01/2024,28/01/2024 07:24,SCR-E3FD161EF0ED,Retailer-E,RET-PROD-009,Wireless Dishwasher 274,Appliances,182.94,270.69,Was,Flash Sale,https://www.retailere.co.uk/products/wireless-dishwasher-274
29/01/2024,29/01/2024 09:10,SCR-C76BF5DC4AC2,Retailer E,RET-PROD-009,Wireless Dishwasher 274,Appliances,182.94,270.69,Was,Flash Sale,https://www.retailere.co.uk/products/wireless-dishwasher-274
30/01/2024,30/01/2024 13:14,SCR-A75B1D31548A,RETAILER E,RET-PROD-009,Wireless Dishwasher 274,Appliances,182.94,,,Flash Sale,https://www.retailere.co.uk/products/wireless-dishwasher-274
31/01/2024,31/01/2024 19:12,SCR-5179732E5499,Retailer E,RET-PROD-009,Wireless Dishwasher 274,Appliances,182.94,270.69,Was,Flash Sale,https://www.retailere.co.uk/products/wireless-dishwasher-274
01/02/2024,01/02/2024 19:38,SCR-D175A5D5CFD3,RETAILER E,RET-PROD-009,Wireless Dishwasher 274,Appliances,182.94,270.69,Was,Flash Sale,https://www.retailere.co.uk/products/wireless-dishwasher-274
02/02/2024,02/02/2024 10:07,SCR-1CCA8FCA9EE9,Ret. E,RET-PROD-009,Wireless Dishwasher 274,Appliances,182.94,270.69,Was,Flash Sale,https://www.retailere.co.uk/products/wireless-dishwasher-274
03/02/2024,03/02/2024 08:01,SCR-DD9EBB7E4CFC,retailer e,RET-PROD-009,Wireless Dishwasher 274,WHITE GOODS,182.94,270.69,Was,Flash Sale,https://www.retailere.co.uk/products/wireless-dishwasher-274
04/02/2024,04/02/2024 12:55,SCR-1E83547F8D7B,RETAILER E,RET-PROD-009,Wireless Dishwasher 274,Appliances,182.94,270.69,Was,Flash Sale,https://www.retailere.co.uk/products/wireless-dishwasher-274
05/02/2024,05/02/2024 20:37,SCR-55983FBB9569,RETAILER E,RET-PROD-009,Wireless Dishwasher 274,Appliances,182.94,270.69,Was,Flash Sale,https://www.retailere.co.uk/products/wireless-dishwasher-274
06/02/2024,06/02/2024 06:05,SCR-ABDF8130EE0D,retailer e,RET-PROD-009,Wireless Dishwasher 274,Appliances,182.94,,,Flash Sale,https://www.retailere.co.uk/products/wireless-dishwasher-274
07/02/2024,07/02/2024 16:26,SCR-DFA1512E6603,Ret. E,RET-PROD-009,Wireless Dishwasher 274,Appliances,182.94,270.69,WAS,Flash Sale,https://www.retailere.co.uk/products/wireless-dishwasher-274
08/02/2024,08/02/2024 09:23,SCR-354C4BE05312,Retailer E,RET-PROD-009,Wireless Dishwasher 274,Appliances,182.94,270.69,WAS,Flash Sale,https://www.retailere.co.uk/products/wireless-dishwasher-274
09/02/2024,09/02/2024 20:14,SCR-C505F7EBBF15,Ret. E,RET-PROD-009,Wireless Dishwasher 274,Appliances,182.94,270.69,Was,Flash Sale,https://www.retailere.co.uk/products/wireless-dishwasher-274
10/02/2024,10/02/2024 09:31,SCR-2F7411608F64,Retailer E,,Wireless Dishwasher 274,Appliances,182.94,270.69,,Flash Sale,https://www.retailere.co.uk/products/wireless-dishwasher-274
11/02/2024,11/02/2024 20:32,SCR-183901435C43,Retailer-E,RET-PROD-009,Wireless Dishwasher 274,Appliances,182.94,,,Flash Sale,https://www.retailere.co.uk/products/wireless-dishwasher-274
12/02/2024,12/02/2024 16:32,SCR-6702315E68C2,Retailer E,RET-PROD-009,Wireless Dishwasher 274,Appliances,182.94,270.69,Was,Flash Sale,https://www.retailere.co.uk/products/wireless-dishwasher-274
13/02/2024,13/02/2024 08:07,SCR-2CA45C37DBFA,Ret. E,RET-PROD-009,Wireless Dishwasher 274,Appliances,182.94,270.69,Was,Flash Sale,https://www.retailere.co.uk/products/wireless-dishwasher-274
14/02/2024,14/02/2024 21:06,SCR-37EC06A9962C,Retailer E,RET-PROD-009,Wireless Dishwasher 274,Appliances,182.94,,,Flash Sale,https://www.retailere.co.uk/products/wireless-dishwasher-274
15/02/2024,15/02/2024 13:03,SCR-34D556BB6268,Retailer-E,RET-PROD-009,Wireless Dishwasher 274,Appliances,£182.94,270.69 GBP,Orig.,Flash Sale,https://www.retailere.co.uk/products/wireless-dishwasher-274
16/02/2024,16/02/2024 14:59,SCR-5307028DA537,Retailer E,RET-PROD-009,Wireless Dishwasher 274,Appliances,182.94,270.69,Was,Flash Sale,https://www.retailere.co.uk/products/wireless-dishwasher-274
17/02/2024,1708196984,SCR-0B10001BA7FA,Retailer E,RET-PROD-009,Wireless Dishwasher 274,Appliances,182.94,270.69,Was,Flash Sale,https://www.retailere.co.uk/products/wireless-dishwasher-274
18/02/2024,18/02/2024 10:25,SCR-1D00A982C1CC,Ret. E,RET-PROD-009,Wireless Dishwasher 274,Appliances,182.94,,,Flash Sale,https://www.retailere.co.uk/products/wireless-dishwasher-274
19/02/2024,19/02/2024 10:18,SCR-257B927E582E,Retailer-E,,Wireless Dishwasher 274,Appliances,182.94,270.69,Previously,Flash Sale,https://www.retailere.co.uk/products/wireless-dishwasher-274
20/02/2024,20/02/2024 14:30,SCR-5AF6B294C903,Ret. E,,Wireless Dishwasher 274,Appliances,182.94,270.69,Was,Flash Sale,https://www.retailere.co.uk/products/wireless-dishwasher-274
21/02/2024,21/02/2024 12:49,SCR-528805F60472,Retailer-E,RET-PROD-009,Wireless Dishwasher 274,Appliances,182.94,270.69,,Flash Sale,https://www.retailere.co.uk/products/wireless-dishwasher-274
22/02/2024,1708638434,SCR-029CF0C202AD,Retailer-E,RET-PROD-009,Wireless Dishwasher 274,Appliances,182.94,270.69,Was,Flash Sale,https://www.retailere.co.uk/products/wireless-dishwasher-274
23/02/2024,23/02/2024 18:17,SCR-9EC0AB7B6E86,Ret. E,RET-PROD-009,Wireless Dishwasher 274,Appliances,182.94,,,Flash Sale,https://www.retailere.co.uk/products/wireless-dishwasher-274
24/02/2024,24/02/2024 14:47,SCR-4FA4ECEF603D,retailer e,RET-PROD-009,Wireless Dishwasher 274,Appliances,182.94,270.69,Orig.,Flash Sale,https://www.retailere.co.uk/products/wireless-dishwasher-274
25/02/2024,25/02/2024 19:27,SCR-905ACADD08FF,retailer e,RET-PROD-009,Wireless Dishwasher 274,,182.94,270.69,was,Flash Sale,https://www.retailere.co.uk/products/wireless-dishwasher-274
26/02/2024,26/02/2024 18:48,SCR-A2E00304512D,Retailer E,RET-PROD-009,Wireless Dishwasher 274,Appliances,182.94,270.69,Was,Flash Sale,https://www.retailere.co.uk/products/wireless-dishwasher-274
27/02/2024,27/02/2024 22:23,SCR-8D03A5542641,Retailer E,RET-PROD-009,Wireless Dishwasher 274,Appliances,182.94,270.69,,Flash Sale,https://www.retailere.co.uk/products/wireless-dishwasher-274
28/02/2024,28/02/2024 16:39,SCR-5941F5DF92D5,retailer e,RET-PROD-009,Wireless Dishwasher 274,Appliances,182.94,,,Flash Sale,https://www.retailere.co.uk/products/wireless-dishwasher-274
29/02/2024,29/02/2024 22:13,SCR-651A5A5FABC7,Retailer E,RET-PROD-009,Wireless Dishwasher 274,Appliances,182.94,270.69,Was,Flash Sale,https://www.retailere.co.uk/products/wireless-dishwasher-274
01/03/2024,01/03/2024 13:36,SCR-13AE85A778AE,RETAILER E,RET-PROD-009,Wireless Dishwasher 274,appliances,182.94,,,Flash Sale,https://www.retailere.co.uk/products/wireless-dishwasher-274
02/03/2024,02/03/2024 10:30,SCR-F4DBC310EEDE,Retailer E,RET-PROD-009,,Appliances,182.94,,,Flash Sale,https://www.retailere.co.uk/products/wireless-dishwasher-274
03/03/2024,03/03/2024 12:36,SCR-47B22B51F19A,Ret. E,RET-PROD-009,Wireless Dishwasher 274,Appliances,182.94,270.69,Was,Flash Sale,https://www.retailere.co.uk/products/wireless-dishwasher-274
04/03/2024,1709588778,SCR-436BAF261689,RETAILER E,RET-PROD-009,Wireless Dishwasher 274,Appliances,182.94,270.69,Was,Flash Sale,https://www.retailere.co.uk/products/wireless-dishwasher-274
05/03/2024,05/03/2024 19:12,SCR-E2355DDDAA4F,retailer e,RET-PROD-009,Wireless Dishwasher 274,APPLIANCES,182.94,270.69,Was,Flash Sale,https://www.retailere.co.uk/products/wireless-dishwasher-274
06/03/2024,06/03/2024 16:17,SCR-2EA6FFA2D8C3,retailer e,RET-PROD-009,Wireless Dishwasher 274,Appliances,182.94,270.69,Was,Flash Sale,https://www.retailere.co.uk/products/wireless-dishwasher-274
07/03/2024,07/03/2024 20:56,SCR-E6CD998BE153,Retailer-E,RET-PROD-009,Wireless Dishwasher 274,Appliances,182.94,,,,https://www.retailere.co.uk/products/wireless-dishwasher-274
08/03/2024,08/03/2024 09:55,SCR-8A5406B365C2,RETAILER E,RET-PROD-009,Wireless Dishwasher 274,Appliances,182.94,,,,https://www.retailere.co.uk/products/wireless-dishwasher-274
09/03/2024,09/03/2024 15:36,SCR-37415611B54C,retailer e,RET-PROD-009,Wireless Dishwasher 274,Appliances,182.94,,,,https://www.retailere.co.uk/products/wireless-dishwasher-274
10/03/2024,10/03/2024 06:27,SCR-0107E68875FA,RETAILER E,RET-PROD-009,Wireless Dishwasher 274,Appliances,182.94,,,,https://www.retailere.co.uk/products/wireless-dishwasher-274
11/03/2024,11/03/2024 20:45,SCR-D424130494BB,Retailer-E,RET-PROD-009,Wireless Dishwasher 274,Appliances,182.94,,,,https://www.retailere.co.uk/products/wireless-dishwasher-274
12/03/2024,12/03/2024 12:24,SCR-4045FEBEC2E5,Retailer-E,RET-PROD-009,Wireless Dishwasher 274,Appliances,182.94,,,,https://www.retailere.co.uk/products/wireless-dishwasher-274
13/03/2024,13/03/2024 06:21,SCR-D0951C224E81,Retailer-E,RET-PROD-009,Wireless Dishwasher 274,Appliances,182.94,,,,https://www.retailere.co.uk/products/wireless-dishwasher-274
14/03/2024,14/03/2024 10:31,SCR-20B5A8619B89,RETAILER E,RET-PROD-009,Wireless Dishwasher 274,Appliances,182.94,,,,https://www.retailere.co.uk/products/wireless-dishwasher-274
15/03/2024,15/03/2024 18:44,SCR-612E27C43A1D,retailer e,RET-PROD-009,Wireless Dishwasher 274,Appliances,182.94,,,,https://www.retailere.co.uk/products/wireless-dishwasher-274
16/03/2024,16/03/2024 09:32,SCR-96AD731A0F6A,retailer e,RET-PROD-009,Wireless Dishwasher 274,Appliances,182.94,,,,https://www.retailere.co.uk/products/wireless-dishwasher-274
17/03/2024,17/03/2024 19:47,SCR-495AFAD0C74C,RETAILER E,RET-PROD-009,Wireless Dishwasher 274,Appliances,182.94,,,,https://www.retailere.co.uk/products/wireless-dishwasher-274
18/03/2024,18/03/2024 09:24,SCR-0E56A53A1A2D,Ret. E,RET-PROD-009,Wireless Dishwasher 274,Appliances,182.94,,,,https://www.retailere.co.uk/products/wireless-dishwasher-274
19/03/2024,19/03/2024 22:26,SCR-AC8E42B12140,retailer e,RET-PROD-009,Wireless Dishwasher 274,Appliances,182.94,,,,https://www.retailere.co.uk/products/wireless-dishwasher-274
20/03/2024,20/03/2024 16:22,SCR-12F30BC69531,Retailer E,RET-PROD-009,Wireless Dishwasher 274,Appliances,£182.94,,,,https://www.retailere.co.uk/products/wireless-dishwasher-274
21/03/2024,21/03/2024 15:06,SCR-DB7454712BF5,Retailer-E,RET-PROD-009,Wireless Dishwasher 274,Appliances,182.94,,,,https://www.retailere.co.uk/products/wireless-dishwasher-274
22/03/2024,22/03/2024 13:03,SCR-ABE0936C415E,Retailer E,RET-PROD-009,Wireless Dishwasher 274,Appliances,182.94,,,,https://www.retailere.co.uk/products/wireless-dishwasher-274
23/03/2024,23/03/2024 09:01,SCR-086652B8FE71,retailer e,RET-PROD-009,Wireless Dishwasher 274,Appliances,182.94,,,,https://www.retailere.co.uk/products/wireless-dishwasher-274
24/03/2024,1711307000,SCR-AF9C4C9626C8,Retailer-E,RET-PROD-009,Wireless Dishwasher 274,Appliances,182.94,,,,https://www.retailere.co.uk/products/wireless-dishwasher-274
25/03/2024,25/03/2024 15:07,SCR-4DD180E8934C,Retailer-E,RET-PROD-009,Wireless Dishwasher 274,Appliances,182.94,,,,https://www.retailere.co.uk/products/wireless-dishwasher-274
26/03/2024,26/03/2024 22:10,SCR-88CC01B1033C,retailer e,RET-PROD-009,Wireless Dishwasher 274,Appliances,182.94,,,,https://www.retailere.co.uk/products/wireless-dishwasher-274
27/03/2024,27/03/2024 21:49,SCR-1384C52FCB6F,Ret. E,RET-PROD-009,Wireless Dishwasher 274,Appliances,182.94,,,,https://www.retailere.co.uk/products/wireless-dishwasher-274
28/03/2024,28/03/2024 08:17,SCR-0AEFC6A1ED7B,Retailer-E,RET-PROD-009,Wireless Dishwasher 274,Appliances,182.94,,,,https://www.retailere.co.uk/products/wireless-dishwasher-274
29/03/2024,29/03/2024 07:11,SCR-CC8AE5BF146A,Retailer E,RET-PROD-009,Wireless Dishwasher 274,,182.94,,,,https://www.retailere.co.uk/products/wireless-dishwasher-274
30/03/2024,30/03/2024 07:03,SCR-79B928F2E6A0,retailer e,RET-PROD-009,Wireless Dishwasher 274,Appliances,182.94,,,,https://www.retailere.co.uk/products/wireless-dishwasher-274
01/01/2024,,SCR-726E3EB26681,RetailerA,RET-PROD-010,Ultra Keyboard 238,COMPUTERS,701.98,1203.81,RRP,,https://www.retailera.co.uk/products/ultra-keyboard-238
02/01/2024,02/01/2024 06:37,SCR-A039190E3793,RetailerA,RET-PROD-010,Ultra Keyboard 238,Computing,701.98,1203.81,RRP,,https://www.retailera.co.uk/products/ultra-keyboard-238
03/01/2024,03/01/2024 11:38,SCR-63295556E670,Ret. A,RET-PROD-010,Ultra Keyboard 238,Computing,701.98,1203.81,RRP,,https://www.retailera.co.uk/products/ultra-keyboard-238
04/01/2024,04/01/2024 21:42,SCR-DA842D58005B,Retailer-A,RET-PROD-010,Ultra Keyboard 238,Computing,701.98,1203.81,RRP,,https://www.retailera.co.uk/products/ultra-keyboard-238
05/01/2024,05/01/2024 17:20,SCR-2F49E211EE24,RETAILER A,RET-PROD-010,Ultra Keyboard 238,Computing,701.98,,,,https://www.retailera.co.uk/products/ultra-keyboard-238
06/01/2024,06/01/2024 07:10,SCR-CD11BDEEE812,RETAILER A,RET-PROD-010,Ultra Keyboard 238,Computing,701.98,1203.81,RRP,,https://www.retailera.co.uk/products/ultra-keyboard-238
07/01/2024,07/01/2024 19:15,SCR-5F653DF1FEE5,RetailerA,RET-PROD-010,Ultra Keyboard 238,Computing,701.98,,,,https://www.retailera.co.uk/products/ultra-keyboard-238
08/01/2024,08/01/2024 18:14,SCR-27406EAE0FA4,Retailer A,RET-PROD-010,Ultra Keyboard 238,Computing,701.98,1203.81 GBP,RRP,,https://www.retailera.co.uk/products/ultra-keyboard-238
09/01/2024,09/01/2024 17:19,SCR-CD3CA015EA4D,Ret. A,RET-PROD-010,Ultra Keyboard 238,computers,701.98,,,,https://www.retailera.co.uk/products/ultra-keyboard-238
10/01/2024,10/01/2024 16:51,SCR-715FC0C7A2A5,RetailerA,RET-PROD-010,Ultra Keyboard 238,Computing,701.98,1203.81,RRP,,https://www.retailera.co.uk/products/ultra-keyboard-238
11/01/2024,11/01/2024 20:45,SCR-B64A1B59DA07,Retailer A,RET-PROD-010,Ultra Keyboard 238,Computing,701.98,,,,https://www.retailera.co.uk/products/ultra-keyboard-238
12/01/2024,12/01/2024 18:12,SCR-453D9F69818D,retailer a,RET-PROD-010,Ultra Keyboard 238,Computing,701.98,1203.81,RRP,,https://www.retailera.co.uk/products/ultra-keyboard-238
13/01/2024,13/01/2024 17:54,SCR-320D4CA865D8,RetailerA,RET-PROD-010,Ultra Keyboard 238,Computing,701.98,1203.81,RRP,,https://www.retailera.co.uk/products/ultra-keyboard-238
14/01/2024,14/01/2024 22:34,SCR-A7F214257E73,retailer a,RET-PROD-010,Ultra Keyboard 238,Computing,701.98,1203.81,RRP,,https://www.retailera.co.uk/products/ultra-keyboard-238
15/01/2024,15/01/2024 11:33,SCR-D034674002EE,retailer a,RET-PROD-010,Ultra Keyboard 238,Computing,701.98,1203.81,RRP,,https://www.retailera.co.uk/products/ultra-keyboard-238
16/01/2024,16/01/2024 13:36,SCR-5EB86AE9923B,Retailer-A,RET-PROD-010,Ultra Keyboard 238,Computing,701.98,1203.81,RRP,,https://www.retailera.co.uk/products/ultra-keyboard-238
17/01/2024,17/01/2024 21:08,SCR-730725707894,Retailer-A,RET-PROD-010,Ultra Keyboard 238,Computing,701.98,1203.81,RRP,,https://www.retailera.co.uk/products/ultra-keyboard-238
18/01/2024,18/01/2024 16:40,SCR-833618C5A433,RetailerA,RET-PROD-010,Ultra Keyboard 238,Computing,701.98,1203.81,RRP,,https://www.retailera.co.uk/products/ultra-keyboard-238
19/01/2024,19/01/2024 16:04,SCR-EF1E2E497873,RetailerA,RET-PROD-010,Ultra Keyboard 238,Computing,701.98,,,,https://www.retailera.co.uk/products/ultra-keyboard-238
20/01/2024,20/01/2024 06:24,SCR-9AC6E906F048,RETAILER A,RET-PROD-010,Ultra Keyboard 238,Computing,701.98,1203.81,RRP,,https://www.retailera.co.uk/products/ultra-keyboard-238
21/01/2024,21/01/2024 22:13,SCR-A5943165D342,Retailer A,RET-PROD-010,Ultra Keyboard 238,Computing,701.98,1203.81,RRP,,https://www.retailera.co.uk/products/ultra-keyboard-238
22/01/2024,22/01/2024 20:44,SCR-8B32A1E134B0,RETAILER A,RET-PROD-010,Ultra Keyboard 238,Computing,701.98,1203.81,RRP,,https://www.retailera.co.uk/products/ultra-keyboard-238
23/01/2024,23/01/2024 20:49,SCR-8041439561DC,retailer a,RET-PROD-010,Ultra Keyboard 238,Computing,701.98,1203.81,RRP,,https://www.retailera.co.uk/products/ultra-keyboard-238
24/01/2024,24/01/2024 06:45,SCR-45B68F14309E,Retailer-A,RET-PROD-010,Ultra Keyboard 238,Computing,701.98,,,,https://www.retailera.co.uk/products/ultra-keyboard-238
25/01/2024,25/01/2024 15:29,SCR-FADDFAFD2966,RETAILER A,RET-PROD-010,Ultra Keyboard 238,Computing,701.98,1203.81,RRP,,https://www.retailera.co.uk/products/ultra-keyboard-238
26/01/2024,26/01/2024 18:55,SCR-D2D8962971F9,Retailer-A,RET-PROD-010,Ultra Keyboard 238,Computing,701.98,1203.81,RRP,,https://www.retailera.co.uk/products/ultra-keyboard-238
27/01/2024,27/01/2024 22:31,SCR-48F15F3DAB30,RETAILER A,RET-PROD-010,Ultra Keyboard 238,Computing,701.98,,,,https://www.retailera.co.uk/products/ultra-keyboard-238
28/01/2024,28/01/2024 22:44,SCR-5DADEBE1925D,Retailer-A,RET-PROD-010,Ultra Keyboard 238,Computing,701.98,1203.81,RRP,,https://www.retailera.co.uk/products/ultra-keyboard-238
29/01/2024,29/01/2024 12:30,SCR-4570847D62A9,Retailer A,RET-PROD-010,Ultra Keyboard 238,Computing,701.98,1203.81,,,https://www.retailera.co.uk/products/ultra-keyboard-238
30/01/2024,1706626520,SCR-C296460BE892,RETAILER A,RET-PROD-010,Ultra Keyboard 238,Computing,701.98,1203.81,RRP,,https://www.retailera.co.uk/products/ultra-keyboard-238
31/01/2024,31/01/2024 15:28,SCR-272062335B0E,RETAILER A,RET-PROD-010,Ultra Keyboard 238,Computing,701.98,1203.81,RRP,,https://www.retailera.co.uk/products/ultra-keyboard-238
01/02/2024,01/02/2024 14:27,SCR-01B37679FEAF,Ret. A,RET-PROD-010,Ultra Keyboard 238,Computing,701.98,1203.81,,,https://www.retailera.co.uk/products/ultra-keyboard-238
02/02/2024,02/02/2024 13:13,SCR-EAF05EEFD34A,retailer a,RET-PROD-010,Ultra Keyboard 238,Computing,701.98,1203.81,,,https://www.retailera.co.uk/products/ultra-keyboard-238
03/02/2024,03/02/2024 15:00,SCR-5CC0FFBE4D0C,Retailer A,RET-PROD-010,Ultra Keyboard 238,Computing,701.98,1203.81,RRP,,https://www.retailera.co.uk/products/ultra-keyboard-238
04/02/2024,04/02/2024 12:46,SCR-D8AEFDBC043A,RETAILER A,RET-PROD-010,Ultra Keyboard 238,Computing,701.98,1203.81,RRP,,https://www.retailera.co.uk/products/ultra-keyboard-238
05/02/2024,05/02/2024 18:01,SCR-EF1B3510DFBA,RetailerA,RET-PROD-010,Ultra Keyboard 238,Computing,701.98,1203.81,RRP,,https://www.retailera.co.uk/products/ultra-keyboard-238
06/02/2024,06/02/2024 22:09,SCR-C09B96FEA4C1,Retailer-A,RET-PROD-010,Ultra Keyboard 238,Computing,701.98,1203.81,RRP,,https://www.retailera.co.uk/products/ultra-keyboard-238
07/02/2024,07/02/2024 22:10,SCR-0AFB0701EC12,Ret. A,RET-PROD-010,Ultra Keyboard 238,Computing,701.98,1203.81,RRP,,https://www.retailera.co.uk/products/ultra-keyboard-238
08/02/2024,08/02/2024 09:19,SCR-16A494E2558A,Retailer-A,RET-PROD-010,Ultra Keyboard 238,Computing,701.98,1203.81,RRP,,https://www.retailera.co.uk/products/ultra-keyboard-238
09/02/2024,09/02/2024 11:24,SCR-00B48EE4225C,Retailer-A,RET-PROD-010,Ultra Keyboard 238,Computing,701.98,1203.81,RRP,,https://www.retailera.co.uk/products/ultra-keyboard-238
10/02/2024,10/02/2024 08:13,SCR-017D05645502,RetailerA,RET-PROD-010,Ultra Keyboard 238,Computing,701.98,1203.81,RRP,,https://www.retailera.co.uk/products/ultra-keyboard-238
11/02/2024,11/02/2024 22:30,SCR-F82CFA545E10,Ret. A,RET-PROD-010,,Computing,701.98,1203.81,RRP,,https://www.retailera.co.uk/products/ultra-keyboard-238
12/02/2024,12/02/2024 14:50,SCR-21E0CCB8F194,RetailerA,RET-PROD-010,Ultra Keyboard 238,Computing,701.98,1203.81,RRP,,https://www.retailera.co.uk/products/ultra-keyboard-238
13/02/2024,13/02/2024 19:13,SCR-8506A7D45D45,Ret. A,RET-PROD-010,Ultra Keyboard 238,Computing,701.98,,,,https://www.retailera.co.uk/products/ultra-keyboard-238
14/02/2024,14/02/2024 11:15,SCR-669353F6E91F,retailer a,RET-PROD-010,Ultra Keyboard 238,Computing,701.98,1203.81,,,https://www.retailera.co.uk/products/ultra-keyboard-238
15/02/2024,15/02/2024 16:34,SCR-5B05EC666FEA,retailer a,RET-PROD-010,Ultra Keyboard 238,Computing,701.98,,,,https://www.retailera.co.uk/products/ultra-keyboard-238
16/02/2024,1708066746,SCR-0D51D6E8966B,Ret. A,RET-PROD-010,Ultra Keyboard 238,Computing,701.98,1203.81,RRP,,https://www.retailera.co.uk/products/ultra-keyboard-238
17/02/2024,17/02/2024 11:38,SCR-99FF903FDCA8,Retailer-A,RET-PROD-010,Ultra Keyboard 238,Computing,701.98,1203.81,RRP,,https://www.retailera.co.uk/products/ultra-keyboard-238
18/02/2024,18/02/2024 12:55,SCR-E5180A82D677,Ret. A,RET-PROD-010,Ultra Keyboard 238,Computing,701.98,1203.81,RRP,,https://www.retailera.co.uk/products/ultra-keyboard-238
19/02/2024,19/02/2024 12:31,SCR-C5C0E50EC425,retailer a,RET-PROD-010,Ultra Keyboard 238,Computing,701.98,1203.81,RRP,,https://www.retailera.co.uk/products/ultra-keyboard-238
20/02/2024,20/02/2024 09:18,SCR-5BE9CB233823,RetailerA,RET-PROD-010,Ultra Keyboard 238,Computing,701.98,1203.81,RRP,,https://www.retailera.co.uk/products/ultra-keyboard-238
21/02/2024,21/02/2024 10:59,SCR-D743B350D422,RETAILER A,RET-PROD-010,Ultra Keyboard 238,Computing,701.98,1203.81,RRP,,https://www.retailera.co.uk/products/ultra-keyboard-238
22/02/2024,22/02/2024 21:54,SCR-13AB99D75598,Ret. A,RET-PROD-010,Ultra Keyboard 238,Computing,701.98,,,,https://www.retailera.co.uk/products/ultra-keyboard-238
23/02/2024,23/02/2024 22:16,SCR-4CDC04B11E57,RetailerA,RET-PROD-010,Ultra Keyboard 238,,701.98,1203.81,RRP,,https://www.retailera.co.uk/products/ultra-keyboard-238
24/02/2024,24/02/2024 16:32,SCR-2EEBF42B3373,retailer a,RET-PROD-010,Ultra Keyboard 238,Computing,£701.98,1203.81,RRP,,https://www.retailera.co.uk/products/ultra-keyboard-238
25/02/2024,25/02/2024 08:30,SCR-856178BE85B0,Retailer-A,RET-PROD-010,Ultra Keyboard 238,computing,701.98,1203.81,,,https://www.retailera.co.uk/products/ultra-keyboard-238
26/02/2024,26/02/2024 13:24,SCR-7007BCDB3C66,Retailer-A,RET-PROD-010,Ultra Keyboard 238,Computing,701.98,,,,https://www.retailera.co.uk/products/ultra-keyboard-238
27/02/2024,27/02/2024 19:20,SCR-A8A52912BDBA,RetailerA,RET-PROD-010,Ultra Keyboard 238,,701.98,,,,https://www.retailera.co.uk/products/ultra-keyboard-238
28/02/2024,28/02/2024 14:07,SCR-38609DC1B6C9,retailer a,RET-PROD-010,Ultra Keyboard 238,COMPUTING,701.98,1203.81,,,https://www.retailera.co.uk/products/ultra-keyboard-238
29/02/2024,29/02/2024 15:51,SCR-9E95F646E662,retailer a,RET-PROD-010,Ultra Keyboard 238,Computing,701.98,,,,https://www.retailera.co.uk/products/ultra-keyboard-238
01/03/2024,01/03/2024 06:13,SCR-69940FE134C4,RETAILER A,RET-PROD-010,Ultra Keyboard 238,Computing,701.98,1203.81,RRP,,https://www.retailera.co.uk/products/ultra-keyboard-238
02/03/2024,02/03/2024 22:33,SCR-75E8A218ACD2,RetailerA,RET-PROD-010,Ultra Keyboard 238,Computing,701.98,1203.81,RRP,,https://www.retailera.co.uk/products/ultra-keyboard-238
03/03/2024,03/03/2024 22:18,SCR-18302152A7A3,Retailer A,RET-PROD-010,Ultra Keyboard 238,Computing,701.98,1203.81,,,https://www.retailera.co.uk/products/ultra-keyboard-238
04/03/2024,04/03/2024 10:39,SCR-279001F45E3D,retailer a,RET-PROD-010,Ultra Keyboard 238,Computing,701.98,1203.81,RRP,,https://www.retailera.co.uk/products/ultra-keyboard-238
05/03/2024,05/03/2024 17:03,SCR-C75B9231756C,retailer a,RET-PROD-010,Ultra Keyboard 238,Computing,701.98,1203.81,RRP,,https://www.retailera.co.uk/products/ultra-keyboard-238
06/03/2024,06/03/2024 21:34,SCR-2E07948E6EB4,Retailer A,RET-PROD-010,Ultra Keyboard 238,Computing,701.98,1203.81,RRP,,https://www.retailera.co.uk/products/ultra-keyboard-238
07/03/2024,07/03/2024 06:50,SCR-79782D0F6D80,Retailer A,RET-PROD-010,Ultra Keyboard 238,Computing,701.98,1203.81,RRP,,https://www.retailera.co.uk/products/ultra-keyboard-238
08/03/2024,08/03/2024 14:36,SCR-3C60D078CE7E,Retailer A,RET-PROD-010,Ultra Keyboard 238,Computing,701.98,1203.81,,,https://www.retailera.co.uk/products/ultra-keyboard-238
09/03/2024,09/03/2024 17:26,SCR-9D17D4FFDBFA,RETAILER A,RET-PROD-010,Ultra Keyboard 238,Computing,701.98,1203.81,RRP,,https://www.retailera.co.uk/products/ultra-keyboard-238
10/03/2024,10/03/2024 13:48,SCR-7C32CEA74175,Retailer A,RET-PROD-010,Ultra Keyboard 238,Computing,701.98,1203.81,RRP,,https://www.retailera.co.uk/products/ultra-keyboard-238
11/03/2024,11/03/2024 08:00,SCR-8D676E9E5DAC,Ret. A,RET-PROD-010,Ultra Keyboard 238,Computing,701.98,1203.81,RRP,,https://www.retailera.co.uk/products/ultra-keyboard-238
12/03/2024,12/03/2024 16:54,SCR-C2C47DC4CDCD,retailer a,RET-PROD-010,Ultra Keyboard 238,Computing,701.98,1203.81,RRP,,https://www.retailera.co.uk/products/ultra-keyboard-238
13/03/2024,13/03/2024 17:09,SCR-3178B55EA152,Retailer-A,RET-PROD-010,Ultra Keyboard 238,Computing,701.98,1203.81,,,https://www.retailera.co.uk/products/ultra-keyboard-238
14/03/2024,14/03/2024 19:39,SCR-91CA620129C7,retailer a,RET-PROD-010,Ultra Keyboard 238,,701.98,1203.81 GBP,RRP,,https://www.retailera.co.uk/products/ultra-keyboard-238
15/03/2024,15/03/2024 09:35,SCR-11347D352B3F,RetailerA,RET-PROD-010,Ultra Keyboard 238,Computing,701.98,1203.81,RRP,,https://www.retailera.co.uk/products/ultra-keyboard-238
16/03/2024,16/03/2024 20:29,SCR-0372111A1769,Ret. A,RET-PROD-010,Ultra Keyboard 238,Computing,701.98,1203.81,RRP,,https://www.retailera.co.uk/products/ultra-keyboard-238
17/03/2024,17/03/2024 21:28,SCR-68B6E4A6BEF5,retailer a,RET-PROD-010,Ultra Keyboard 238,Computing,701.98,1203.81,RRP,,https://www.retailera.co.uk/products/ultra-keyboard-238
18/03/2024,18/03/2024 18:13,SCR-A758464ABCDB,RETAILER A,RET-PROD-010,Ultra Keyboard 238,Computing,701.98,1203.81,RRP,,https://www.retailera.co.uk/products/ultra-keyboard-238
19/03/2024,19/03/2024 07:21,SCR-522F21B6BC8C,Retailer A,RET-PROD-010,Ultra Keyboard 238,Computing,701.98,1203.81,RRP,,https://www.retailera.co.uk/products/ultra-keyboard-238
20/03/2024,20/03/2024 12:01,SCR-71E5DD2C82AD,RetailerA,RET-PROD-010,Ultra Keyboard 238,Computing,701.98,1203.81,RRP,,https://www.retailera.co.uk/products/ultra-keyboard-238
21/03/2024,21/03/2024 15:38,SCR-52F98349ACBA,RETAILER A,RET-PROD-010,,Computing,701.98,,,,https://www.retailera.co.uk/products/ultra-keyboard-238
22/03/2024,22/03/2024 16:46,SCR-F79CE4033C5E,Retailer-A,RET-PROD-010,Ultra Keyboard 238,Computing,701.98,1203.81,RRP,,https://www.retailera.co.uk/products/ultra-keyboard-238
23/03/2024,23/03/2024 09:42,SCR-8E6E436DC460,RetailerA,RET-PROD-010,Ultra Keyboard 238,Computing,701.98,1203.81,RRP,,https://www.retailera.co.uk/products/ultra-keyboard-238
24/03/2024,24/03/2024 20:28,SCR-8F8C347E0AE2,Retailer A,RET-PROD-010,Ultra Keyboard 238,Computing,701.98,1203.81,RRP,,https://www.retailera.co.uk/products/ultra-keyboard-238
25/03/2024,25/03/2024 17:14,SCR-09FF61D9D38A,Retailer-A,RET-PROD-010,Ultra Keyboard 238,Computing,701.98,1203.81,RRP,,https://www.retailera.co.uk/products/ultra-keyboard-238
26/03/2024,26/03/2024 20:13,SCR-C376A4391616,Retailer A,RET-PROD-010,Ultra Keyboard 238,Computing,,1203.81,,,https://www.retailera.co.uk/products/ultra-keyboard-238
27/03/2024,27/03/2024 08:24,SCR-F174E5ECD628,RETAILER A,RET-PROD-010,Ultra Keyboard 238,Computing,701.98,1203.81,RRP,,https://www.retailera.co.uk/products/ultra-keyboard-238
28/03/2024,28/03/2024 08:49,SCR-67B5AAB43A10,retailer a,RET-PROD-010,Ultra Keyboard 238,Computing,701.98,,,,https://www.retailera.co.uk/products/ultra-keyboard-238
29/03/2024,29/03/2024 13:12,SCR-8F0E8865585E,Ret. A,RET-PROD-010,Ultra Keyboard 238,Computing,701.98,,,,https://www.retailera.co.uk/products/ultra-keyboard-238
30/03/2024,30/03/2024 15:01,SCR-A2E07E8A35F7,Ret. A,RET-PROD-010,Ultra Keyboard 238,Computing,701.98,1203.81,RRP,,https://www.retailera.co.uk/products/ultra-keyboard-238
01/01/2024,01/01/2024 15:47,SCR-CADB9D9BA92C,Retailer E,RET-PROD-011,Wireless Mirrorless Camera 969,Cameras,715.47,,,,https://www.retailere.co.uk/products/wireless-mirrorless-camera-969
02/01/2024,02/01/2024 20:03,SCR-C58F6C8882D6,Retailer E,RET-PROD-011,Wireless Mirrorless Camera 969,Cameras,715.47,,,,https://www.retailere.co.uk/products/wireless-mirrorless-camera-969
03/01/2024,03/01/2024 16:28,SCR-649A10F4ED0F,Retailer-E,RET-PROD-011,Wireless Mirrorless Camera 969,Cameras,715.47,,,,https://www.retailere.co.uk/products/wireless-mirrorless-camera-969
04/01/2024,04/01/2024 15:30,SCR-B7BB3EAD01F2,Ret. E,RET-PROD-011,,Cameras,715.47,,,,https://www.retailere.co.uk/products/wireless-mirrorless-camera-969
05/01/2024,05/01/2024 18:42,SCR-AB4E263E1C03,Ret. E,RET-PROD-011,Wireless Mirrorless Camera 969,Cameras,715.47,,,,https://www.retailere.co.uk/products/wireless-mirrorless-camera-969
06/01/2024,06/01/2024 18:11,SCR-2BD5234EA46A,Ret. E,RET-PROD-011,Wireless Mirrorless Camera 969,Cameras,715.47,,,,https://www.retailere.co.uk/products/wireless-mirrorless-camera-969
07/01/2024,07/01/2024 14:43,SCR-3668D3D9A08B,RETAILER E,RET-PROD-011,Wireless Mirrorless Camera 969,Cameras,715.47,,,,https://www.retailere.co.uk/products/wireless-mirrorless-camera-969
08/01/2024,08/01/2024 11:55,SCR-D6799CEF9768,RETAILER E,RET-PROD-011,Wireless Mirrorless Camera 969,Cameras,715.47,,,,https://www.retailere.co.uk/products/wireless-mirrorless-camera-969
09/01/2024,09/01/2024 18:01,SCR-ACBDB32F9694,Retailer E,RET-PROD-011,Wireless Mirrorless Camera 969,Cameras,715.47,,,,https://www.retailere.co.uk/products/wireless-mirrorless-camera-969
10/01/2024,1704874933,SCR-A3B8ECBDBF84,Retailer-E,RET-PROD-011,Wireless Mirrorless Camera 969,Cameras,715.47,,,,https://www.retailere.co.uk/products/wireless-mirrorless-camera-969
11/01/2024,11/01/2024 13:35,SCR-932EA3DA2EF8,Ret. E,RET-PROD-011,Wireless Mirrorless Camera 969,Cameras,715.47,,,,https://www.retailere.co.uk/products/wireless-mirrorless-camera-969
12/01/2024,12/01/2024 18:05,SCR-235C0EE97B92,RETAILER E,RET-PROD-011,Wireless Mirrorless Camera 969,Cameras,715.47,,,,https://www.retailere.co.uk/products/wireless-mirrorless-camera-969
13/01/2024,13/01/2024 20:39,SCR-9DF3A0647EDF,Retailer-E,RET-PROD-011,Wireless Mirrorless Camera 969,Cameras,715.47,,,,https://www.retailere.co.uk/products/wireless-mirrorless-camera-969
14/01/2024,14/01/2024 20:47,SCR-9AC145936FB3,Retailer E,RET-PROD-011,Wireless Mirrorless Camera 969,Cameras,715.47,,,,https://www.retailere.co.uk/products/wireless-mirrorless-camera-969
15/01/2024,15/01/2024 16:28,SCR-051B270BB1F4,RETAILER E,RET-PROD-011,Wireless Mirrorless Camera 969,Cameras,715.47,,,,https://www.retailere.co.uk/products/wireless-mirrorless-camera-969
16/01/2024,16/01/2024 10:05,SCR-033FDCD2F0F3,Retailer E,RET-PROD-011,Wireless Mirrorless Camera 969,CAMERAS,715.47,,,,https://www.retailere.co.uk/products/wireless-mirrorless-camera-969
17/01/2024,17/01/2024 22:32,SCR-F5EE0BD2552B,Ret. E,RET-PROD-011,Wireless Mirrorless Camera 969,Cameras,715.47,,,,https://www.retailere.co.uk/products/wireless-mirrorless-camera-969
18/01/2024,18/01/2024 07:40,SCR-FD549D2E2AF0,RETAILER E,RET-PROD-011,Wireless Mirrorless Camera 969,Cameras,715.47,,,,https://www.retailere.co.uk/products/wireless-mirrorless-camera-969
19/01/2024,19/01/2024 11:18,SCR-3C9F9C2C0876,Retailer-E,RET-PROD-011,Wireless Mirrorless Camera 969,,715.47,,,,https://www.retailere.co.uk/products/wireless-mirrorless-camera-969
20/01/2024,20/01/2024 14:45,SCR-FCFD7092821D,RETAILER E,RET-PROD-011,Wireless Mirrorless Camera 969,,715.47,,,,https://www.retailere.co.uk/products/wireless-mirrorless-camera-969
21/01/2024,21/01/2024 10:30,SCR-1C1CC7FF534F,Retailer E,RET-PROD-011,Wireless Mirrorless Camera 969,Cameras,715.47,,,,https://www.retailere.co.uk/products/wireless-mirrorless-camera-969
22/01/2024,22/01/2024 20:43,SCR-EFC3626A6973,Retailer E,RET-PROD-011,,Cameras,715.47,,,,https://www.retailere.co.uk/products/wireless-mirrorless-camera-969
23/01/2024,23/01/2024 20:02,SCR-C11143595B99,retailer e,RET-PROD-011,Wireless Mirrorless Camera 969,Cameras,715.47,,,,https://www.retailere.co.uk/products/wireless-mirrorless-camera-969
24/01/2024,24/01/2024 22:15,SCR-ABB69E88A731,Retailer-E,RET-PROD-011,Wireless Mirrorless Camera 969,Cameras,715.47,,,,https://www.retailere.co.uk/products/wireless-mirrorless-camera-969
25/01/2024,25/01/2024 07:21,SCR-28EE2A9D040C,Retailer E,RET-PROD-011,Wireless Mirrorless Camera 969,Cameras,715.47,,,,https://www.retailere.co.uk/products/wireless-mirrorless-camera-969
26/01/2024,26/01/2024 14:16,SCR-8FA7CB6CBD22,Ret. E,RET-PROD-011,Wireless Mirrorless Camera 969,Cameras,715.47,,,,https://www.retailere.co.uk/products/wireless-mirrorless-camera-969
27/01/2024,27/01/2024 08:11,SCR-469BBB0EF723,retailer e,RET-PROD-011,Wireless Mirrorless Camera 969,Cameras,715.47,,,,https://www.retailere.co.uk/products/wireless-mirrorless-camera-969
28/01/2024,28/01/2024 06:32,SCR-C379F356BF76,Retailer E,RET-PROD-011,,Cameras,715.47,,,,https://www.retailere.co.uk/products/wireless-mirrorless-camera-969
29/01/2024,29/01/2024 08:12,SCR-7C1D30898438,RETAILER E,RET-PROD-011,Wireless Mirrorless Camera 969,Cameras,715.47,,,,https://www.retailere.co.uk/products/wireless-mirrorless-camera-969
30/01/2024,30/01/2024 13:32,SCR-A7F0AF05F5AF,Ret. E,RET-PROD-011,Wireless Mirrorless Camera 969,Cameras,715.47,,,,https://www.retailere.co.uk/products/wireless-mirrorless-camera-969
31/01/2024,31/01/2024 10:25,SCR-F63FB0428EA5,retailer e,RET-PROD-011,Wireless Mirrorless Camera 969,Cameras,715.47,,,,https://www.retailere.co.uk/products/wireless-mirrorless-camera-969
01/02/2024,01/02/2024 16:18,SCR-D9F4606181AC,Ret. E,RET-PROD-011,Wireless Mirrorless Camera 969,Cameras,715.47,,,,https://www.retailere.co.uk/products/wireless-mirrorless-camera-969
02/02/2024,02/02/2024 17:45,SCR-4416276C3D1F,retailer e,RET-PROD-011,Wireless Mirrorless Camera 969,Cameras,715.47,,,,https://www.retailere.co.uk/products/wireless-mirrorless-camera-969
03/02/2024,03/02/2024 06:27,SCR-0CD094270BA5,RETAILER E,RET-PROD-011,Wireless Mirrorless Camera 969,Cameras,715.47,,,,https://www.retailere.co.uk/products/wireless-mirrorless-camera-969
04/02/2024,04/02/2024 13:19,SCR-DF2EDB952246,retailer e,RET-PROD-011,Wireless Mirrorless Camera 969,Cameras,715.47,,,,https://www.retailere.co.uk/products/wireless-mirrorless-camera-969
05/02/2024,05/02/2024 19:00,SCR-D1FAF6F2740C,Ret. E,RET-PROD-011,Wireless Mirrorless Camera 969,Cameras,715.47,,,,https://www.retailere.co.uk/products/wireless-mirrorless-camera-969
06/02/2024,06/02/2024 15:12,SCR-958BD9DD5620,Retailer-E,,Wireless Mirrorless Camera 969,Cameras,904.31,,,,https://www.retailere.co.uk/products/wireless-mirrorless-camera-969
07/02/2024,07/02/2024 06:37,SCR-0AA4F90BE1A7,Retailer E,RET-PROD-011,Wireless Mirrorless Camera 969,Cameras,904.31,,,,https://www.retailere.co.uk/products/wireless-mirrorless-camera-969
08/02/2024,08/02/2024 11:51,SCR-F6A7FBE740AE,Ret. E,RET-PROD-011,Wireless Mirrorless Camera 969,Cameras,904.31,,,,https://www.retailere.co.uk/products/wireless-mirrorless-camera-969
09/02/2024,09/02/2024 07:05,SCR-9B37956EEF03,Ret. E,RET-PROD-011,Wireless Mirrorless Camera 969,Cameras,904.31,,,,https://www.retailere.co.uk/products/wireless-mirrorless-camera-969
10/02/2024,10/02/2024 22:19,SCR-D5A85273B3D6,Retailer-E,RET-PROD-011,Wireless Mirrorless Camera 969,Cameras,904.31,,,,https://www.retailere.co.uk/products/wireless-mirrorless-camera-969
11/02/2024,11/02/2024 16:14,SCR-447AAA37720E,Retailer-E,RET-PROD-011,Wireless Mirrorless Camera 969,Cameras,904.31,,,,https://www.retailere.co.uk/products/wireless-mirrorless-camera-969
12/02/2024,12/02/2024 10:46,SCR-DA5E5847793F,Retailer-E,RET-PROD-011,Wireless Mirrorless Camera 969,Cameras,904.31,,,,https://www.retailere.co.uk/products/wireless-mirrorless-camera-969
13/02/2024,13/02/2024 16:16,SCR-D2C411E8A4AF,RETAILER E,RET-PROD-011,Wireless Mirrorless Camera 969,,904.31,,,,https://www.retailere.co.uk/products/wireless-mirrorless-camera-969
14/02/2024,14/02/2024 22:44,SCR-10B18FAC5401,Retailer-E,RET-PROD-011,Wireless Mirrorless Camera 969,Cameras,904.31,,,,https://www.retailere.co.uk/products/wireless-mirrorless-camera-969
15/02/2024,15/02/2024 13:57,SCR-ACCA5480177F,retailer e,RET-PROD-011,Wireless Mirrorless Camera 969,Cameras,904.31,,,,https://www.retailere.co.uk/products/wireless-mirrorless-camera-969
16/02/2024,16/02/2024 08:47,SCR-173AA5676586,RETAILER E,RET-PROD-011,Wireless Mirrorless Camera 969,Cameras,904.31,,,,https://www.retailere.co.uk/products/wireless-mirrorless-camera-969
17/02/2024,17/02/2024 22:11,SCR-92BF4FAD2D3E,Retailer E,RET-PROD-011,Wireless Mirrorless Camera 969,Cameras,904.31,,,,https://www.retailere.co.uk/products/wireless-mirrorless-camera-969
18/02/2024,18/02/2024 13:06,SCR-A6509F938FED,Retailer E,,Wireless Mirrorless Camera 969,Cameras,904.31,,,,https://www.retailere.co.uk/products/wireless-mirrorless-camera-969
19/02/2024,19/02/2024 11:00,SCR-7517F583ABAA,RETAILER E,RET-PROD-011,Wireless Mirrorless Camera 969,Cameras,904.31,,,,https://www.retailere.co.uk/products/wireless-mirrorless-camera-969
20/02/2024,20/02/2024 22:17,SCR-84A93CD05FF0,Retailer E,RET-PROD-011,Wireless Mirrorless Camera 969,Cameras,904.31,,,,https://www.retailere.co.uk/products/wireless-mirrorless-camera-969
21/02/2024,21/02/2024 08:12,SCR-8C1FCF1F9CD3,Retailer E,RET-PROD-011,Wireless Mirrorless Camera 969,cameras,904.31,,,,https://www.retailere.co.uk/products/wireless-mirrorless-camera-969
22/02/2024,22/02/2024 22:59,SCR-7512AAFCC9BE,Ret. E,RET-PROD-011,Wireless Mirrorless Camera 969,Cameras,904.31,,,,https://www.retailere.co.uk/products/wireless-mirrorless-camera-969
23/02/2024,23/02/2024 14:02,SCR-37A9A1C70113,Ret. E,RET-PROD-011,Wireless Mirrorless Camera 969,Cameras,904.31,,,,https://www.retailere.co.uk/products/wireless-mirrorless-camera-969
24/02/2024,24/02/2024 13:00,SCR-260CCA34F421,RETAILER E,RET-PROD-011,Wireless Mirrorless Camera 969,,904.31,,,,https://www.retailere.co.uk/products/wireless-mirrorless-camera-969
25/02/2024,25/02/2024 14:59,SCR-816363B87C04,Ret. E,RET-PROD-011,Wireless Mirrorless Camera 969,Cameras,904.31,,,,https://www.retailere.co.uk/products/wireless-mirrorless-camera-969
26/02/2024,26/02/2024 10:52,SCR-B6C23DAF1339,Retailer-E,RET-PROD-011,Wireless Mirrorless Camera 969,Cameras,904.31,,,,https://www.retailere.co.uk/products/wireless-mirrorless-camera-969
27/02/2024,27/02/2024 20:09,SCR-38C268387416,Ret. E,RET-PROD-011,Wireless Mirrorless Camera 969,Cameras,904.31,,,,https://www.retailere.co.uk/products/wireless-mirrorless-camera-969
28/02/2024,28/02/2024 10:24,SCR-F419E558CEC8,Retailer E,RET-PROD-011,Wireless Mirrorless Camera 969,Cameras,904.31,,,,https://www.retailere.co.uk/products/wireless-mirrorless-camera-969
29/02/2024,29/02/2024 12:19,SCR-AF2049427586,Retailer-E,RET-PROD-011,Wireless Mirrorless Camera 969,Cameras,904.31,,,,https://www.retailere.co.uk/products/wireless-mirrorless-camera-969
01/03/2024,01/03/2024 22:13,SCR-5388DFC2B3E6,Retailer-E,RET-PROD-011,Wireless Mirrorless Camera 969,,904.31,,,,https://www.retailere.co.uk/products/wireless-mirrorless-camera-969
02/03/2024,02/03/2024 11:11,SCR-40E88C0BD1C9,Ret. E,RET-PROD-011,Wireless Mirrorless Camera 969,Cameras,904.31,,,,https://www.retailere.co.uk/products/wireless-mirrorless-camera-969
03/03/2024,03/03/2024 12:33,SCR-E70DD7481A94,RETAILER E,RET-PROD-011,Wireless Mirrorless Camera 969,Cameras,904.31,,,,https://www.retailere.co.uk/products/wireless-mirrorless-camera-969
04/03/2024,04/03/2024 17:27,SCR-1D4840A5EDC6,Ret. E,RET-PROD-011,Wireless Mirrorless Camera 969,Cameras,904.31,,,,https://www.retailere.co.uk/products/wireless-mirrorless-camera-969
05/03/2024,05/03/2024 17:22,SCR-640FA957957B,RETAILER E,RET-PROD-011,Wireless Mirrorless Camera 969,Cameras,904.31,,,,https://www.retailere.co.uk/products/wireless-mirrorless-camera-969
06/03/2024,06/03/2024 12:24,SCR-73EC2A0C2153,RETAILER E,,Wireless Mirrorless Camera 969,Cameras,904.31,,,,https://www.retailere.co.uk/products/wireless-mirrorless-camera-969
07/03/2024,07/03/2024 18:27,SCR-2C0650440999,retailer e,RET-PROD-011,Wireless Mirrorless Camera 969,Cameras,904.31,,,,https://www.retailere.co.uk/products/wireless-mirrorless-camera-969
08/03/2024,08/03/2024 12:06,SCR-CB72AD86BCC5,Ret. E,RET-PROD-011,Wireless Mirrorless Camera 969,Cameras,904.31,,,,https://www.retailere.co.uk/products/wireless-mirrorless-camera-969
09/03/2024,09/03/2024 15:15,SCR-3DD16D298CEB,Retailer E,RET-PROD-011,Wireless Mirrorless Camera 969,Cameras,904.31,,,,https://www.retailere.co.uk/products/wireless-mirrorless-camera-969
10/03/2024,10/03/2024 21:25,SCR-2FA6CEA827E4,Retailer E,,Wireless Mirrorless Camera 969,Cameras,904.31,,,,https://www.retailere.co.uk/products/wireless-mirrorless-camera-969
11/03/2024,11/03/2024 06:33,SCR-694E54AD8167,Ret. E,RET-PROD-011,Wireless Mirrorless Camera 969,Cameras,956.4,,,,https://www.retailere.co.uk/products/wireless-mirrorless-camera-969
12/03/2024,12/03/2024 08:57,SCR-EC1781818E5C,RETAILER E,RET-PROD-011,Wireless Mirrorless Camera 969,Cameras,956.4,,,,https://www.retailere.co.uk/products/wireless-mirrorless-camera-969
13/03/2024,13/03/2024 18:20,SCR-7EE5CED34F7F,Ret. E,RET-PROD-011,Wireless Mirrorless Camera 969,Cameras,956.4,,,,https://www.retailere.co.uk/products/wireless-mirrorless-camera-969
14/03/2024,14/03/2024 19:54,SCR-A2370E7A36B3,retailer e,RET-PROD-011,Wireless Mirrorless Camera 969,CAMERAS,956.4,,,,https://www.retailere.co.uk/products/wireless-mirrorless-camera-969
15/03/2024,15/03/2024 16:09,SCR-479E2E3122F0,retailer e,RET-PROD-011,Wireless Mirrorless Camera 969,Cameras,956.4,,,,https://www.retailere.co.uk/products/wireless-mirrorless-camera-969
16/03/2024,,SCR-F247748F7077,RETAILER E,RET-PROD-011,Wireless Mirrorless Camera 969,Cameras,956.4,,,,https://www.retailere.co.uk/products/wireless-mirrorless-camera-969
17/03/2024,17/03/2024 11:31,SCR-DD3FD4575802,RETAILER E,RET-PROD-011,Wireless Mirrorless Camera 969,Cameras,£956.40,,,,https://www.retailere.co.uk/products/wireless-mirrorless-camera-969
18/03/2024,18/03/2024 14:49,SCR-07F923CF598B,Retailer E,RET-PROD-011,Wireless Mirrorless Camera 969,Cameras,956.4,,,,https://www.retailere.co.uk/products/wireless-mirrorless-camera-969
19/03/2024,19/03/2024 09:26,SCR-321FA508C63E,Ret. E,RET-PROD-011,Wireless Mirrorless Camera 969,Cameras,956.4,,,,https://www.retailere.co.uk/products/wireless-mirrorless-camera-969
20/03/2024,20/03/2024 06:04,SCR-E23D3B61BDFB,retailer e,RET-PROD-011,Wireless Mirrorless Camera 969,CAMERAS,956.4,,,,https://www.retailere.co.uk/products/wireless-mirrorless-camera-969
21/03/2024,21/03/2024 10:15,SCR-DD6513FF85BA,Ret. E,,Wireless Mirrorless Camera 969,Cameras,956.4,,,,https://www.retailere.co.uk/products/wireless-mirrorless-camera-969
22/03/2024,22/03/2024 07:45,SCR-9EFDAC138B76,Retailer-E,RET-PROD-011,Wireless Mirrorless Camera 969,Cameras,956.4,,,,https://www.retailere.co.uk/products/wireless-mirrorless-camera-969
23/03/2024,23/03/2024 10:49,SCR-734F357A06F9,retailer e,RET-PROD-011,Wireless Mirrorless Camera 969,Cameras,956.4,,,,https://www.retailere.co.uk/products/wireless-mirrorless-camera-969
24/03/2024,24/03/2024 10:16,SCR-25D324FD40A1,retailer e,RET-PROD-011,Wireless Mirrorless Camera 969,Cameras,956.4,,,,https://www.retailere.co.uk/products/wireless-mirrorless-camera-969
25/03/2024,25/03/2024 12:25,SCR-AC9AF93C4891,Retailer-E,RET-PROD-011,Wireless Mirrorless Camera 969,,956.4,,,,https://www.retailere.co.uk/products/wireless-mirrorless-camera-969
26/03/2024,26/03/2024 11:20,SCR-ED5E16853D5C,Retailer-E,RET-PROD-011,Wireless Mirrorless Camera 969,Cameras,956.4,,,,https://www.retailere.co.uk/products/wireless-mirrorless-camera-969
27/03/2024,27/03/2024 07:36,SCR-9BA656B5552A,retailer e,RET-PROD-011,Wireless Mirrorless Camera 969,Cameras,956.4,,,,https://www.retailere.co.uk/products/wireless-mirrorless-camera-969
28/03/2024,28/03/2024 09:17,SCR-ED1325CA05D6,retailer e,RET-PROD-011,Wireless Mirrorless Camera 969,Cameras,956.4,,,,https://www.retailere.co.uk/products/wireless-mirrorless-camera-969
29/03/2024,29/03/2024 22:21,SCR-C22F89DC87D8,RETAILER E,RET-PROD-011,,Cameras,956.4,,,,https://www.retailere.co.uk/products/wireless-mirrorless-camera-969
30/03/2024,30/03/2024 14:47,SCR-26218BF40A6B,Retailer E,RET-PROD-011,Wireless Mirrorless Camera 969,cameras,956.4,,,,https://www.retailere.co.uk/products/wireless-mirrorless-camera-969
01/01/2024,01/01/2024 08:26,SCR-A4335B55301B,Ret. E,RET-PROD-012,Smart Camera 522,Cameras,562.73,,,,https://www.retailere.co.uk/products/smart-camera-522
02/01/2024,02/01/2024 18:48,SCR-F4C7968DDCF9,Ret. E,RET-PROD-012,Smart Camera 522,Cameras,562.73,,,,https://www.retailere.co.uk/products/smart-camera-522
03/01/2024,03/01/2024 07:55,SCR-8F990A0E9A31,retailer e,RET-PROD-012,Smart Camera 522,Cameras,562.73,,,,https://www.retailere.co.uk/products/smart-camera-522
04/01/2024,04/01/2024 21:59,SCR-76BABE932A64,Retailer E,,Smart Camera 522,Cameras,562.73,,,,https://www.retailere.co.uk/products/smart-camera-522
05/01/2024,05/01/2024 06:05,SCR-DFFE2A29B4E4,Ret. E,RET-PROD-012,Smart Camera 522,Cameras,£562.73,,,,https://www.retailere.co.uk/products/smart-camera-522
06/01/2024,06/01/2024 08:02,SCR-E5D7CF567DF2,Ret. E,RET-PROD-012,Smart Camera 522,Cameras,562.73,,,,https://www.retailere.co.uk/products/smart-camera-522
07/01/2024,07/01/2024 18:47,SCR-495BB0CDA01B,Ret. E,RET-PROD-012,Smart Camera 522,Cameras,562.73,,,,https://www.retailere.co.uk/products/smart-camera-522
08/01/2024,08/01/2024 14:51,SCR-25EFC1AB6B9C,Ret. E,RET-PROD-012,Smart Camera 522,Cameras,562.73,,,,https://www.retailere.co.uk/products/smart-camera-522
09/01/2024,09/01/2024 18:16,SCR-256A40DA6785,Retailer E,RET-PROD-012,Smart Camera 522,Cameras,562.73,,,,https://www.retailere.co.uk/products/smart-camera-522
10/01/2024,10/01/2024 20:02,SCR-DBCE9D19BCD8,RETAILER E,RET-PROD-012,Smart Camera 522,Cameras,562.73,,,,https://www.retailere.co.uk/products/smart-camera-522
11/01/2024,11/01/2024 13:15,SCR-9F749E1A2830,RETAILER E,RET-PROD-012,Smart Camera 522,Cameras,562.73,,,,https://www.retailere.co.uk/products/smart-camera-522
12/01/2024,12/01/2024 20:25,SCR-85C10B99E67E,retailer e,RET-PROD-012,Smart Camera 522,Cameras,562.73,,,,https://www.retailere.co.uk/products/smart-camera-522
13/01/2024,13/01/2024 09:16,SCR-C0DBB510039A,Retailer-E,,Smart Camera 522,Cameras,562.73,,,,https://www.retailere.co.uk/products/smart-camera-522
14/01/2024,14/01/2024 21:25,SCR-BF0FCBAF829E,Retailer-E,RET-PROD-012,Smart Camera 522,Cameras,562.73,,,,https://www.retailere.co.uk/products/smart-camera-522
15/01/2024,15/01/2024 18:30,SCR-6759775E9E1A,retailer e,RET-PROD-012,Smart Camera 522,Cameras,562.73,,,,https://www.retailere.co.uk/products/smart-camera-522
16/01/2024,16/01/2024 13:15,SCR-4CCEAED46927,RETAILER E,RET-PROD-012,Smart Camera 522,Cameras,562.73,,,,https://www.retailere.co.uk/products/smart-camera-522
17/01/2024,17/01/2024 06:09,SCR-CF503ABF6F43,RETAILER E,RET-PROD-012,Smart Camera 522,Cameras,562.73,,,,https://www.retailere.co.uk/products/smart-camera-522
18/01/2024,18/01/2024 16:33,SCR-3524BA3C0269,retailer e,RET-PROD-012,Smart Camera 522,Cameras,562.73,,,,https://www.retailere.co.uk/products/smart-camera-522
19/01/2024,19/01/2024 14:49,SCR-DEED33CFA823,RETAILER E,RET-PROD-012,Smart Camera 522,Cameras,562.73,,,,https://www.retailere.co.uk/products/smart-camera-522
20/01/2024,20/01/2024 17:58,SCR-4000DF25410F,retailer e,RET-PROD-012,Smart Camera 522,CAMERAS,562.73,,,,https://www.retailere.co.uk/products/smart-camera-522
21/01/2024,21/01/2024 14:58,SCR-D573DCDF66BB,Ret. E,RET-PROD-012,Smart Camera 522,Cameras,562.73,,,,https://www.retailere.co.uk/products/smart-camera-522
22/01/2024,22/01/2024 08:08,SCR-8A81089CF5AA,Retailer-E,RET-PROD-012,Smart Camera 522,Cameras,1025.37,,,,https://www.retailere.co.uk/products/smart-camera-522
23/01/2024,23/01/2024 15:10,SCR-27A541F7BB96,RETAILER E,RET-PROD-012,Smart Camera 522,Cameras,1025.37,,,,https://www.retailere.co.uk/products/smart-camera-522
24/01/2024,24/01/2024 11:35,SCR-3AF1332A5B58,Retailer-E,RET-PROD-012,Smart Camera 522,,1025.37,,,,https://www.retailere.co.uk/products/smart-camera-522
25/01/2024,25/01/2024 08:55,SCR-B67273199F3D,retailer e,RET-PROD-012,Smart Camera 522,Cameras,1025.37,,,,https://www.retailere.co.uk/products/smart-camera-522
26/01/2024,26/01/2024 12:33,SCR-4CE33050D935,Retailer E,RET-PROD-012,Smart Camera 522,Cameras,1025.37,,,,https://www.retailere.co.uk/products/smart-camera-522
27/01/2024,27/01/2024 10:03,SCR-EC13B77CAB10,Ret. E,RET-PROD-012,Smart Camera 522,Cameras,522.83,1025.37,Was,Summer Sale,https://www.retailere.co.uk/products/smart-camera-522
28/01/2024,28/01/2024 09:48,SCR-4DA250F7438C,RETAILER E,RET-PROD-012,Smart Camera 522,Cameras,522.83,1025.37,Was,Summer Sale,https://www.retailere.co.uk/products/smart-camera-522
29/01/2024,29/01/2024 14:30,SCR-5E798DCD04A3,Retailer E,RET-PROD-012,Smart Camera 522,Cameras,522.83,1025.37,Was:,Summer Sale,https://www.retailere.co.uk/products/smart-camera-522
30/01/2024,30/01/2024 07:39,SCR-BF2E4165D005,retailer e,RET-PROD-012,Smart Camera 522,Cameras,522.83,,,Summer Sale,https://www.retailere.co.uk/products/smart-camera-522
31/01/2024,31/01/2024 12:56,SCR-2C171A846D81,Retailer E,,Smart Camera 522,Cameras,522.83,1025.37,Was,Summer Sale,https://www.retailere.co.uk/products/smart-camera-522
01/02/2024,01/02/2024 10:11,SCR-51D6B6846B38,Retailer-E,RET-PROD-012,Smart Camera 522,Cameras,522.83,1025.37,Was,Summer Sale,https://www.retailere.co.uk/products/smart-camera-522
02/02/2024,02/02/2024 08:35,SCR-57CDF13306C9,retailer e,RET-PROD-012,Smart Camera 522,Cameras,522.83,1025.37,Was,Summer Sale,https://www.retailere.co.uk/products/smart-camera-522
03/02/2024,03/02/2024 14:26,SCR-6B14A8F79297,Ret. E,RET-PROD-012,Smart Camera 522,Cameras,522.83,1025.37,Was,Summer Sale,https://www.retailere.co.uk/products/smart-camera-522
04/02/2024,04/02/2024 18:06,SCR-67B966ED2A10,Retailer E,RET-PROD-012,Smart Camera 522,Cameras,522.83,1025.37,Was,Summer Sale,https://www.retailere.co.uk/products/smart-camera-522
05/02/2024,05/02/2024 18:27,SCR-27FF2E48E437,Retailer-E,RET-PROD-012,Smart Camera 522,Cameras,522.83,1025.37,Orig.,Summer Sale,https://www.retailere.co.uk/products/smart-camera-522
06/02/2024,06/02/2024 10:28,SCR-9386D3B69D4E,Retailer-E,RET-PROD-012,Smart Camera 522,Cameras,522.83,1025.37 GBP,Was,Summer Sale,https://www.retailere.co.uk/products/smart-camera-522
07/02/2024,07/02/2024 21:05,SCR-E9DB812B9B31,Retailer-E,RET-PROD-012,Smart Camera 522,Cameras,562.73,,,,https://www.retailere.co.uk/products/smart-camera-522
08/02/2024,08/02/2024 15:55,SCR-A45598335E14,Retailer E,RET-PROD-012,Smart Camera 522,Cameras,562.73,,,,https://www.retailere.co.uk/products/smart-camera-522
09/02/2024,09/02/2024 11:18,SCR-117C606597B2,Retailer-E,RET-PROD-012,Smart Camera 522,Cameras,562.73,,,,https://www.retailere.co.uk/products/smart-camera-522
10/02/2024,10/02/2024 17:27,SCR-7824F6AE6244,retailer e,RET-PROD-012,Smart Camera 522,Cameras,562.73,,,,https://www.retailere.co.uk/products/smart-camera-522
11/02/2024,11/02/2024 11:11,SCR-D9A7ADE5FFB7,RETAILER E,RET-PROD-012,Smart Camera 522,Cameras,562.73,,,,https://www.retailere.co.uk/products/smart-camera-522
12/02/2024,12/02/2024 20:15,SCR-39F4B69A3B83,Retailer-E,,Smart Camera 522,Cameras,562.73,,,,https://www.retailere.co.uk/products/smart-camera-522
13/02/2024,13/02/2024 16:04,SCR-3B273045B73D,Ret. E,RET-PROD-012,Smart Camera 522,Cameras,562.73,,,,https://www.retailere.co.uk/products/smart-camera-522
14/02/2024,14/02/2024 07:39,SCR-5F84D9EDEDC4,Retailer E,RET-PROD-012,Smart Camera 522,Cameras,562.73,,,,https://www.retailere.co.uk/products/smart-camera-522
15/02/2024,15/02/2024 16:39,SCR-9141C76EC975,retailer e,RET-PROD-012,Smart Camera 522,Cameras,562.73,,,,https://www.retailere.co.uk/products/smart-camera-522
16/02/2024,16/02/2024 19:56,SCR-0CF18DE395EB,Retailer E,RET-PROD-012,Smart Camera 522,Cameras,562.73,,,,https://www.retailere.co.uk/products/smart-camera-522
17/02/2024,17/02/2024 12:52,SCR-FB853298CF07,Ret. E,RET-PROD-012,Smart Camera 522,Cameras,562.73,,,,https://www.retailere.co.uk/products/smart-camera-522
18/02/2024,18/02/2024 20:19,SCR-94C29A61DBC8,Retailer E,RET-PROD-012,Smart Camera 522,Cameras,281.37,,,,https://www.retailere.co.uk/products/smart-camera-522
19/02/2024,19/02/2024 20:32,SCR-4D037EBE0ADC,retailer e,RET-PROD-012,Smart Camera 522,Cameras,£562.73,,,,https://www.retailere.co.uk/products/smart-camera-522
20/02/2024,20/02/2024 20:03,SCR-29DE150C0926,retailer e,RET-PROD-012,Smart Camera 522,Cameras,562.73,,,,https://www.retailere.co.uk/products/smart-camera-522
21/02/2024,21/02/2024 15:15,SCR-BAEBEABA0642,retailer e,RET-PROD-012,Smart Camera 522,Cameras,562.73,,,,https://www.retailere.co.uk/products/smart-camera-522
22/02/2024,22/02/2024 09:11,SCR-BCBAFCD31EB5,retailer e,RET-PROD-012,Smart Camera 522,Cameras,,,,,https://www.retailere.co.uk/products/smart-camera-522
23/02/2024,23/02/2024 11:37,SCR-830C1186CB10,retailer e,RET-PROD-012,Smart Camera 522,Cameras,562.73,,,,https://www.retailere.co.uk/products/smart-camera-522
24/02/2024,24/02/2024 10:20,SCR-18E5D661C553,retailer e,RET-PROD-012,Smart Camera 522,Cameras,562.73,,,,https://www.retailere.co.uk/products/smart-camera-522
25/02/2024,25/02/2024 22:46,SCR-FA8BF8A53941,RETAILER E,RET-PROD-012,Smart Camera 522,Cameras,562.73,,,,https://www.retailere.co.uk/products/smart-camera-522
26/02/2024,26/02/2024 10:35,SCR-9071B1DE63F5,retailer e,RET-PROD-012,Smart Camera 522,Cameras,562.73,,,,https://www.retailere.co.uk/products/smart-camera-522
27/02/2024,27/02/2024 11:31,SCR-344A31C70E26,Retailer-E,RET-PROD-012,Smart Camera 522,Cameras,562.73,,,,https://www.retailere.co.uk/products/smart-camera-522
28/02/2024,28/02/2024 21:47,SCR-B80DFD3D5C8B,Retailer-E,RET-PROD-012,Smart Camera 522,Cameras,562.73,,,,https://www.retailere.co.uk/products/smart-camera-522
29/02/2024,29/02/2024 18:25,SCR-B779A1E0C6B3,Retailer E,RET-PROD-012,Smart Camera 522,Cameras,562.73,,,,https://www.retailere.co.uk/products/smart-camera-522
01/03/2024,01/03/2024 15:59,SCR-7CBCCEECEA43,Ret. E,RET-PROD-012,Smart Camera 522,Cameras,562.73,,,,https://www.retailere.co.uk/products/smart-camera-522
02/03/2024,02/03/2024 06:05,SCR-C0FB68600747,RETAILER E,RET-PROD-012,Smart Camera 522,Cameras,562.73,,,,https://www.retailere.co.uk/products/smart-camera-522
03/03/2024,03/03/2024 06:07,SCR-7BB5D21DC117,RETAILER E,RET-PROD-012,Smart Camera 522,Cameras,562.73,,,,https://www.retailere.co.uk/products/smart-camera-522
04/03/2024,04/03/2024 06:30,SCR-B62CE28715AF,Ret. E,RET-PROD-012,Smart Camera 522,Cameras,562.73,,,,https://www.retailere.co.uk/products/smart-camera-522
05/03/2024,05/03/2024 20:52,SCR-13E6D3A3E1A7,Ret. E,RET-PROD-012,Smart Camera 522,Cameras,562.73,,,,https://www.retailere.co.uk/products/smart-camera-522
06/03/2024,06/03/2024 21:36,SCR-B263B86BFBAC,Ret. E,RET-PROD-012,Smart Camera 522,Cameras,562.73,,,,https://www.retailere.co.uk/products/smart-camera-522
07/03/2024,07/03/2024 16:50,SCR-52C951947B17,Ret. E,RET-PROD-012,Smart Camera 522,Cameras,562.73,,,,https://www.retailere.co.uk/products/smart-camera-522
08/03/2024,08/03/2024 06:02,SCR-C7AC6857E326,Retailer-E,RET-PROD-012,Smart Camera 522,Cameras,562.73,,,,https://www.retailere.co.uk/products/smart-camera-522
09/03/2024,09/03/2024 18:12,SCR-45E4A8B0761C,RETAILER E,RET-PROD-012,Smart Camera 522,Cameras,562.73,,,,https://www.retailere.co.uk/products/smart-camera-522
10/03/2024,10/03/2024 18:38,SCR-6A6640EE2DB5,Retailer-E,RET-PROD-012,Smart Camera 522,Cameras,,,,,https://www.retailere.co.uk/products/smart-camera-522
11/03/2024,11/03/2024 06:11,SCR-01EF3A07D1B0,RETAILER E,RET-PROD-012,Smart Camera 522,Cameras,562.73,,,,https://www.retailere.co.uk/products/smart-camera-522
12/03/2024,12/03/2024 17:42,SCR-FFD6C11388C6,retailer e,RET-PROD-012,Smart Camera 522,Cameras,562.73,,,,https://www.retailere.co.uk/products/smart-camera-522
13/03/2024,13/03/2024 17:05,SCR-61932A618614,retailer e,RET-PROD-012,Smart Camera 522,Cameras,562.73,,,,https://www.retailere.co.uk/products/smart-camera-522
14/03/2024,14/03/2024 18:45,SCR-F6ABFF900498,Retailer-E,RET-PROD-012,Smart Camera 522,Cameras,562.73,,,,https://www.retailere.co.uk/products/smart-camera-522
15/03/2024,15/03/2024 10:17,SCR-7632C64256EB,Retailer E,RET-PROD-012,Smart Camera 522,Cameras,562.73,,,,https://www.retailere.co.uk/products/smart-camera-522
16/03/2024,16/03/2024 08:42,SCR-7694ECC79AD5,Retailer-E,RET-PROD-012,Smart Camera 522,Cameras,562.73,,,,https://www.retailere.co.uk/products/smart-camera-522
17/03/2024,17/03/2024 09:18,SCR-6CB58C832AC3,Ret. E,RET-PROD-012,Smart Camera 522,Cameras,562.73,,,,https://www.retailere.co.uk/products/smart-camera-522
18/03/2024,18/03/2024 17:02,SCR-1E132B2CDB98,retailer e,RET-PROD-012,Smart Camera 522,Cameras,562.73,,,,https://www.retailere.co.uk/products/smart-camera-522
19/03/2024,19/03/2024 16:02,SCR-580BAD3A5C22,Ret. E,RET-PROD-012,Smart Camera 522,Cameras,562.73,,,,https://www.retailere.co.uk/products/smart-camera-522
20/03/2024,1710974639,SCR-457AF531A87B,Retailer E,RET-PROD-012,Smart Camera 522,Cameras,562.73,,,,https://www.retailere.co.uk/products/smart-camera-522
21/03/2024,21/03/2024 11:45,SCR-56E8B6120F1B,Retailer-E,RET-PROD-012,Smart Camera 522,Cameras,562.73,,,,https://www.retailere.co.uk/products/smart-camera-522
22/03/2024,22/03/2024 10:29,SCR-A4E4520B03B4,RETAILER E,RET-PROD-012,Smart Camera 522,Cameras,562.73,,,,https://www.retailere.co.uk/products/smart-camera-522
23/03/2024,23/03/2024 07:19,SCR-5471E4F375CF,RETAILER E,RET-PROD-012,Smart Camera 522,Cameras,562.73,,,,https://www.retailere.co.uk/products/smart-camera-522
24/03/2024,24/03/2024 15:25,SCR-A45DC88BD50B,RETAILER E,RET-PROD-012,Smart Camera 522,Cameras,562.73,,,,https://www.retailere.co.uk/products/smart-camera-522
25/03/2024,25/03/2024 16:53,SCR-4C7E3FAABCFE,RETAILER E,RET-PROD-012,,Cameras,562.73,,,,https://www.retailere.co.uk/products/smart-camera-522
26/03/2024,26/03/2024 20:04,SCR-A7D6302CE9E5,Retailer-E,RET-PROD-012,Smart Camera 522,Cameras,£562.73,,,,https://www.retailere.co.uk/products/smart-camera-522
27/03/2024,27/03/2024 06:10,SCR-EED805EC4154,retailer e,RET-PROD-012,Smart Camera 522,Cameras,562.73,,,,https://www.retailere.co.uk/products/smart-camera-522
28/03/2024,28/03/2024 08:17,SCR-B310A76FCA36,retailer e,RET-PROD-012,Smart Camera 522,Cameras,562.73,,,,https://www.retailere.co.uk/products/smart-camera-522
29/03/2024,29/03/2024 07:45,SCR-86F2595DC34C,Retailer E,RET-PROD-012,Smart Camera 522,Cameras,562.73,,,,https://www.retailere.co.uk/products/smart-camera-522
30/03/2024,30/03/2024 16:55,SCR-B609F75EB911,RETAILER E,RET-PROD-012,Smart Camera 522,Cameras,562.73,,,,https://www.retailere.co.uk/products/smart-camera-522
01/01/2024,01/01/2024 09:07,SCR-E0AEE884B0DD,retailer a,RET-PROD-013,Pro Mouse 527,Computing,615.25,,,,https://www.retailera.co.uk/products/pro-mouse-527
02/01/2024,02/01/2024 15:25,SCR-E2887AEB8786,Retailer A,RET-PROD-013,Pro Mouse 527,Computing,615.25,,,,https://www.retailera.co.uk/products/pro-mouse-527
03/01/2024,03/01/2024 15:09,SCR-B9DB13910297,RetailerA,RET-PROD-013,Pro Mouse 527,Computing,615.25,,,,https://www.retailera.co.uk/products/pro-mouse-527
04/01/2024,04/01/2024 20:18,SCR-90BB60ED4252,retailer a,RET-PROD-013,Pro Mouse 527,Computing,615.25,,,,https://www.retailera.co.uk/products/pro-mouse-527
05/01/2024,05/01/2024 13:05,SCR-C469905584E7,RetailerA,RET-PROD-013,Pro Mouse 527,,615.25,,,,https://www.retailera.co.uk/products/pro-mouse-527
06/01/2024,06/01/2024 20:49,SCR-62DA4AE9A0BE,retailer a,RET-PROD-013,Pro Mouse 527,Computing,615.25,,,,https://www.retailera.co.uk/products/pro-mouse-527
07/01/2024,07/01/2024 15:39,SCR-FC1EECADB125,Retailer-A,RET-PROD-013,Pro Mouse 527,Computing,615.25,,,,https://www.retailera.co.uk/products/pro-mouse-527
08/01/2024,08/01/2024 08:41,SCR-2EA9046CFBCA,retailer a,RET-PROD-013,Pro Mouse 527,Computing,615.25,,,,https://www.retailera.co.uk/products/pro-mouse-527
09/01/2024,09/01/2024 18:56,SCR-4BF149AAF59C,Retailer-A,RET-PROD-013,Pro Mouse 527,Computing,615.25,,,,https://www.retailera.co.uk/products/pro-mouse-527
10/01/2024,10/01/2024 18:00,SCR-FED973134969,Retailer A,RET-PROD-013,Pro Mouse 527,Computing,615.25,,,,https://www.retailera.co.uk/products/pro-mouse-527
11/01/2024,11/01/2024 20:42,SCR-4E45BC0160A8,Ret. A,RET-PROD-013,Pro Mouse 527,Computing,615.25,,,,https://www.retailera.co.uk/products/pro-mouse-527
12/01/2024,12/01/2024 07:18,SCR-5271174BEAFD,Retailer A,RET-PROD-013,Pro Mouse 527,Computing,615.25,,,,https://www.retailera.co.uk/products/pro-mouse-527
13/01/2024,13/01/2024 06:32,SCR-204A7375553E,Ret. A,RET-PROD-013,Pro Mouse 527,Computing,615.25,,,,https://www.retailera.co.uk/products/pro-mouse-527
14/01/2024,14/01/2024 09:28,SCR-0AA295879795,RetailerA,RET-PROD-013,Pro Mouse 527,Computing,615.25,,,,https://www.retailera.co.uk/products/pro-mouse-527
15/01/2024,15/01/2024 13:17,SCR-A944AA1AB585,RetailerA,RET-PROD-013,Pro Mouse 527,Computing,615.25,,,,https://www.retailera.co.uk/products/pro-mouse-527
16/01/2024,16/01/2024 14:01,SCR-5C22427B8D27,Ret. A,RET-PROD-013,Pro Mouse 527,Computing,615.25,,,,https://www.retailera.co.uk/products/pro-mouse-527
17/01/2024,17/01/2024 22:24,SCR-BF09BAB98BB5,Ret. A,RET-PROD-013,Pro Mouse 527,Computing,615.25,,,,https://www.retailera.co.uk/products/pro-mouse-527
18/01/2024,18/01/2024 20:56,SCR-982D5F22DF4C,Retailer-A,RET-PROD-013,Pro Mouse 527,Computing,615.25,,,,https://www.retailera.co.uk/products/pro-mouse-527
19/01/2024,19/01/2024 14:05,SCR-EE56320F05F1,retailer a,RET-PROD-013,Pro Mouse 527,Computing,615.25,,,,https://www.retailera.co.uk/products/pro-mouse-527
20/01/2024,20/01/2024 17:55,SCR-796EB6447B96,Retailer A,RET-PROD-013,Pro Mouse 527,Computing,,,,,https://www.retailera.co.uk/products/pro-mouse-527
21/01/2024,21/01/2024 10:49,SCR-9731B2D6E019,RetailerA,RET-PROD-013,Pro Mouse 527,Computing,615.25,,,,https://www.retailera.co.uk/products/pro-mouse-527
22/01/2024,22/01/2024 12:20,SCR-5A665EF083DA,Retailer A,RET-PROD-013,Pro Mouse 527,Computing,615.25,,,,https://www.retailera.co.uk/products/pro-mouse-527
23/01/2024,23/01/2024 13:25,SCR-F05DCAF95782,retailer a,RET-PROD-013,Pro Mouse 527,Computing,615.25,,,,https://www.retailera.co.uk/products/pro-mouse-527
24/01/2024,24/01/2024 11:45,SCR-4A06EE70D436,RetailerA,RET-PROD-013,Pro Mouse 527,Computing,615.25,,,,https://www.retailera.co.uk/products/pro-mouse-527
25/01/2024,25/01/2024 12:02,SCR-F07836A9C554,Ret. A,RET-PROD-013,Pro Mouse 527,Computing,615.25,,,,https://www.retailera.co.uk/products/pro-mouse-527
26/01/2024,1706299956,SCR-B2E7BD21757E,RetailerA,RET-PROD-013,Pro Mouse 527,Computing,615.25,,,,https://www.retailera.co.uk/products/pro-mouse-527
27/01/2024,1706344061,SCR-F7CC8EC36C95,Retailer-A,RET-PROD-013,Pro Mouse 527,Computing,615.25,,,,https://www.retailera.co.uk/products/pro-mouse-527
28/01/2024,28/01/2024 20:05,SCR-7CD2CF3EC5D6,Ret. A,,Pro Mouse 527,,615.25,,,,https://www.retailera.co.uk/products/pro-mouse-527
29/01/2024,29/01/2024 08:34,SCR-6BA36363C443,RETAILER A,RET-PROD-013,Pro Mouse 527,Computing,615.25,,,,https://www.retailera.co.uk/products/pro-mouse-527
30/01/2024,30/01/2024 06:17,SCR-EED98AB7E0B8,Retailer A,RET-PROD-013,Pro Mouse 527,Computing,615.25,,,,https://www.retailera.co.uk/products/pro-mouse-527
31/01/2024,31/01/2024 22:16,SCR-73FB0821BE5A,retailer a,RET-PROD-013,Pro Mouse 527,Computing,615.25,,,,https://www.retailera.co.uk/products/pro-mouse-527
01/02/2024,01/02/2024 18:06,SCR-AEFD2A21BBA4,RETAILER A,RET-PROD-013,Pro Mouse 527,Computing,615.25,,,,https://www.retailera.co.uk/products/pro-mouse-527
02/02/2024,02/02/2024 16:20,SCR-7F09074CC000,Ret. A,RET-PROD-013,Pro Mouse 527,Computing,615.25,,,,https://www.retailera.co.uk/products/pro-mouse-527
03/02/2024,03/02/2024 12:33,SCR-B22652BDEC62,Ret. A,RET-PROD-013,Pro Mouse 527,Computing,615.25,,,,https://www.retailera.co.uk/products/pro-mouse-527
04/02/2024,04/02/2024 16:11,SCR-7C7D8FFE9BFC,retailer a,RET-PROD-013,Pro Mouse 527,Computing,615.25,,,,https://www.retailera.co.uk/products/pro-mouse-527
05/02/2024,05/02/2024 10:23,SCR-05B00BC1F625,Ret. A,RET-PROD-013,Pro Mouse 527,Computing,615.25,,,,https://www.retailera.co.uk/products/pro-mouse-527
06/02/2024,06/02/2024 08:23,SCR-170D70FECE65,Retailer-A,RET-PROD-013,Pro Mouse 527,Computing,615.25,,,,https://www.retailera.co.uk/products/pro-mouse-527
07/02/2024,07/02/2024 16:13,SCR-C773BF30D09E,Retailer-A,RET-PROD-013,Pro Mouse 527,Computing,615.25,,,,https://www.retailera.co.uk/products/pro-mouse-527
08/02/2024,08/02/2024 18:28,SCR-9C02A699477D,RetailerA,RET-PROD-013,Pro Mouse 527,Computing,615.25,,,,https://www.retailera.co.uk/products/pro-mouse-527
09/02/2024,09/02/2024 19:12,SCR-1BE53A205348,RETAILER A,RET-PROD-013,Pro Mouse 527,Computing,615.25,,,,https://www.retailera.co.uk/products/pro-mouse-527
10/02/2024,10/02/2024 15:44,SCR-3E2CB06A1627,Retailer-A,RET-PROD-013,Pro Mouse 527,Computing,615.25,,,,https://www.retailera.co.uk/products/pro-mouse-527
11/02/2024,11/02/2024 11:32,SCR-FC082157D007,Ret. A,RET-PROD-013,Pro Mouse 527,Computing,615.25,,,,https://www.retailera.co.uk/products/pro-mouse-527
12/02/2024,12/02/2024 17:54,SCR-2542DD6822E1,Retailer-A,RET-PROD-013,Pro Mouse 527,Computing,553.85,,,,https://www.retailera.co.uk/products/pro-mouse-527
13/02/2024,13/02/2024 13:11,SCR-F115A7F45546,RETAILER A,RET-PROD-013,Pro Mouse 527,Computing,553.85,,,,https://www.retailera.co.uk/products/pro-mouse-527
14/02/2024,14/02/2024 14:20,SCR-4A0DDC5E4252,Ret. A,RET-PROD-013,Pro Mouse 527,Computing,553.85,,,,https://www.retailera.co.uk/products/pro-mouse-527
15/02/2024,15/02/2024 10:58,SCR-5201B3002C47,RETAILER A,RET-PROD-013,Pro Mouse 527,Computing,£553.85,,,,https://www.retailera.co.uk/products/pro-mouse-527
16/02/2024,16/02/2024 07:51,SCR-7B3300DEC82A,Retailer A,RET-PROD-013,Pro Mouse 527,Computing,553.85,,,,https://www.retailera.co.uk/products/pro-mouse-527
17/02/2024,17/02/2024 08:05,SCR-3A370097991B,RetailerA,RET-PROD-013,Pro Mouse 527,Computing,553.85,,,,https://www.retailera.co.uk/products/pro-mouse-527
18/02/2024,18/02/2024 19:50,SCR-B670739A851E,RetailerA,RET-PROD-013,Pro Mouse 527,Computing,553.85,,,,https://www.retailera.co.uk/products/pro-mouse-527
19/02/2024,19/02/2024 21:55,SCR-1647FFFDFD59,Retailer A,RET-PROD-013,Pro Mouse 527,Computing,553.85,,,,https://www.retailera.co.uk/products/pro-mouse-527
20/02/2024,20/02/2024 07:03,SCR-579634598642,Retailer A,RET-PROD-013,Pro Mouse 527,Computing,553.85,,,,https://www.retailera.co.uk/products/pro-mouse-527
21/02/2024,21/02/2024 16:15,SCR-F365AE58CC12,Ret. A,RET-PROD-013,Pro Mouse 527,Computing,£553.85,,,,https://www.retailera.co.uk/products/pro-mouse-527
22/02/2024,22/02/2024 20:53,SCR-FEA7F6F530BE,Retailer A,RET-PROD-013,Pro Mouse 527,Computing,553.85,,,,https://www.retailera.co.uk/products/pro-mouse-527
23/02/2024,23/02/2024 15:28,SCR-C3ACDB732C25,Ret. A,,Pro Mouse 527,Computing,553.85,,,,https://www.retailera.co.uk/products/pro-mouse-527
24/02/2024,24/02/2024 17:11,SCR-FB76AE815548,Ret. A,RET-PROD-013,Pro Mouse 527,Computing,553.85,,,,https://www.retailera.co.uk/products/pro-mouse-527
25/02/2024,25/02/2024 15:11,SCR-007E37B901DD,Retailer A,RET-PROD-013,Pro Mouse 527,Computing,553.85,,,,https://www.retailera.co.uk/products/pro-mouse-527
26/02/2024,26/02/2024 13:40,SCR-3416B876FBE2,RETAILER A,RET-PROD-013,Pro Mouse 527,Computing,553.85,,,,https://www.retailera.co.uk/products/pro-mouse-527
27/02/2024,27/02/2024 22:29,SCR-939C23D1D64C,RETAILER A,RET-PROD-013,Pro Mouse 527,Computing,553.85,,,,https://www.retailera.co.uk/products/pro-mouse-527
28/02/2024,28/02/2024 09:41,SCR-D73AF902B24D,Retailer A,RET-PROD-013,Pro Mouse 527,Computing,£553.85,,,,https://www.retailera.co.uk/products/pro-mouse-527
29/02/2024,29/02/2024 14:50,SCR-F24699229922,RETAILER A,,Pro Mouse 527,Computing,553.85,,,,https://www.retailera.co.uk/products/pro-mouse-527
01/03/2024,,SCR-8A282910B4EE,Retailer A,RET-PROD-013,Pro Mouse 527,Computing,553.85,,,,https://www.retailera.co.uk/products/pro-mouse-527
02/03/2024,02/03/2024 15:45,SCR-E20821FC9B18,Ret. A,RET-PROD-013,Pro Mouse 527,Computing,553.85,,,,https://www.retailera.co.uk/products/pro-mouse-527
03/03/2024,03/03/2024 17:37,SCR-85AE4C26C192,RETAILER A,RET-PROD-013,Pro Mouse 527,Computing,553.85,,,,https://www.retailera.co.uk/products/pro-mouse-527
04/03/2024,04/03/2024 16:17,SCR-4B9E0B3921D0,retailer a,RET-PROD-013,Pro Mouse 527,computers,553.85,,,,https://www.retailera.co.uk/products/pro-mouse-527
05/03/2024,05/03/2024 16:56,SCR-8AB4C7EFABE6,RetailerA,RET-PROD-013,Pro Mouse 527,Computing,553.85,,,,https://www.retailera.co.uk/products/pro-mouse-527
06/03/2024,06/03/2024 16:46,SCR-32AAED1C68F7,Retailer A,RET-PROD-013,Pro Mouse 527,Computing,553.85,,,,https://www.retailera.co.uk/products/pro-mouse-527
07/03/2024,07/03/2024 10:50,SCR-4645F1AC69B4,Retailer A,RET-PROD-013,Pro Mouse 527,Computing,553.85,,,,https://www.retailera.co.uk/products/pro-mouse-527
08/03/2024,08/03/2024 20:33,SCR-2577AD17A218,Ret. A,RET-PROD-013,Pro Mouse 527,Computing,553.85,,,,https://www.retailera.co.uk/products/pro-mouse-527
09/03/2024,09/03/2024 07:23,SCR-D1E2D495BCB3,retailer a,RET-PROD-013,Pro Mouse 527,Computing,553.85,,,,https://www.retailera.co.uk/products/pro-mouse-527
10/03/2024,10/03/2024 09:00,SCR-063F26EAF664,retailer a,RET-PROD-013,Pro Mouse 527,,553.85,,,,https://www.retailera.co.uk/products/pro-mouse-527
11/03/2024,11/03/2024 20:22,SCR-222DA4B38BFB,Ret. A,RET-PROD-013,Pro Mouse 527,Computing,553.85,,,,https://www.retailera.co.uk/products/pro-mouse-527
12/03/2024,12/03/2024 16:17,SCR-C0D4CD2C5679,Ret. A,RET-PROD-013,Pro Mouse 527,Computing,553.85,,,,https://www.retailera.co.uk/products/pro-mouse-527
13/03/2024,13/03/2024 13:50,SCR-53BFC08BB16B,RetailerA,RET-PROD-013,Pro Mouse 527,Computing,553.85,,,,https://www.retailera.co.uk/products/pro-mouse-527
14/03/2024,14/03/2024 18:22,SCR-B569BC657CDB,Retailer A,RET-PROD-013,Pro Mouse 527,Computing,553.85,,,,https://www.retailera.co.uk/products/pro-mouse-527
15/03/2024,15/03/2024 12:19,SCR-B1506DA4BE40,retailer a,RET-PROD-013,Pro Mouse 527,Computing,553.85,,,,https://www.retailera.co.uk/products/pro-mouse-527
16/03/2024,16/03/2024 08:22,SCR-CDCB4A0ED4EF,RetailerA,RET-PROD-013,Pro Mouse 527,Computing,553.85,,,,https://www.retailera.co.uk/products/pro-mouse-527
17/03/2024,17/03/2024 12:55,SCR-3276484E2F5F,Retailer A,RET-PROD-013,,Computing,553.85,,,,https://www.retailera.co.uk/products/pro-mouse-527
18/03/2024,18/03/2024 14:59,SCR-E9E5E1875417,RETAILER A,RET-PROD-013,Pro Mouse 527,Computing,553.85,,,,https://www.retailera.co.uk/products/pro-mouse-527
19/03/2024,19/03/2024 07:13,SCR-6D26947C119B,Ret. A,RET-PROD-013,Pro Mouse 527,Computing,553.85,,,,https://www.retailera.co.uk/products/pro-mouse-527
20/03/2024,20/03/2024 19:51,SCR-5B8795BE3D8C,Retailer A,RET-PROD-013,Pro Mouse 527,Computing,553.85,,,,https://www.retailera.co.uk/products/pro-mouse-527
21/03/2024,21/03/2024 19:48,SCR-EDB8412DD6E3,Ret. A,RET-PROD-013,Pro Mouse 527,Computing,553.85,,,,https://www.retailera.co.uk/products/pro-mouse-527
22/03/2024,22/03/2024 07:55,SCR-7171E0DB371D,Retailer-A,RET-PROD-013,Pro Mouse 527,Computing,553.85,,,,https://www.retailera.co.uk/products/pro-mouse-527
23/03/2024,23/03/2024 22:11,SCR-90EBBC4A6FDF,Ret. A,RET-PROD-013,Pro Mouse 527,Computing,553.85,,,,https://www.retailera.co.uk/products/pro-mouse-527
24/03/2024,24/03/2024 06:57,SCR-D94A091D611F,retailer a,RET-PROD-013,Pro Mouse 527,computing,553.85,,,,https://www.retailera.co.uk/products/pro-mouse-527
25/03/2024,25/03/2024 21:38,SCR-483BBCDB0B08,Ret. A,RET-PROD-013,Pro Mouse 527,Computing,553.85,,,,https://www.retailera.co.uk/products/pro-mouse-527
26/03/2024,26/03/2024 15:38,SCR-A0E3F9508BF4,Ret. A,RET-PROD-013,Pro Mouse 527,Computing,553.85,,,,https://www.retailera.co.uk/products/pro-mouse-527
27/03/2024,27/03/2024 19:40,SCR-E3ABE04C9E47,RetailerA,RET-PROD-013,Pro Mouse 527,Computing,553.85,,,,https://www.retailera.co.uk/products/pro-mouse-527
28/03/2024,28/03/2024 06:37,SCR-94998A76A1DE,retailer a,RET-PROD-013,Pro Mouse 527,Computing,553.85,,,,https://www.retailera.co.uk/products/pro-mouse-527
29/03/2024,29/03/2024 22:29,SCR-C8547476CD1F,RetailerA,RET-PROD-013,Pro Mouse 527,Computing,553.85,,,,https://www.retailera.co.uk/products/pro-mouse-527
30/03/2024,30/03/2024 10:50,SCR-F77B0123E761,RetailerA,,Pro Mouse 527,Computing,553.85,,,,https://www.retailera.co.uk/products/pro-mouse-527
01/01/2024,01/01/2024 16:52,SCR-036421656B82,Ret C,RET-PROD-014,Compact Smart Display 492,TV,1707.19,,,,https://www.retailerc.co.uk/products/compact-smart-display-492
02/01/2024,02/01/2024 13:52,SCR-04B29C9142A6,Ret C,RET-PROD-014,Compact Smart Display 492,TV,1707.19,,,,https://www.retailerc.co.uk/products/compact-smart-display-492
03/01/2024,03/01/2024 07:42,SCR-C90FE6D50575,Retailer  C,RET-PROD-014,Compact Smart Display 492,TV,1707.19,,,,https://www.retailerc.co.uk/products/compact-smart-display-492
04/01/2024,04/01/2024 20:21,SCR-606004FADD6D,Retailer  C,RET-PROD-014,Compact Smart Display 492,TV,1707.19,,,,https://www.retailerc.co.uk/products/compact-smart-display-492
05/01/2024,05/01/2024 09:54,SCR-8824057149A6,Retailer C,RET-PROD-014,Compact Smart Display 492,TV,1707.19,,,,https://www.retailerc.co.uk/products/compact-smart-display-492
06/01/2024,06/01/2024 09:21,SCR-B6F270D9E445,RETAILER C,RET-PROD-014,Compact Smart Display 492,TV,1707.19,,,,https://www.retailerc.co.uk/products/compact-smart-display-492
07/01/2024,07/01/2024 15:48,SCR-38282BF5403F,Retailer  C,RET-PROD-014,Compact Smart Display 492,TV,1707.19,,,,https://www.retailerc.co.uk/products/compact-smart-display-492
08/01/2024,08/01/2024 16:17,SCR-EA4F388B4853,Ret C,RET-PROD-014,Compact Smart Display 492,TV,1707.19,,,,https://www.retailerc.co.uk/products/compact-smart-display-492
09/01/2024,09/01/2024 08:57,SCR-C33C864003A8,retailer c,RET-PROD-014,Compact Smart Display 492,TV,1224.28,1707.19,Was,Black Friday,https://www.retailerc.co.uk/products/compact-smart-display-492
10/01/2024,10/01/2024 21:56,SCR-A3D358B22405,Retailer C,RET-PROD-014,Compact Smart Display 492,TV,1224.28,1707.19,Was,Black Friday,https://www.retailerc.co.uk/products/compact-smart-display-492
11/01/2024,11/01/2024 16:32,SCR-D4B030C838FF,Retailer  C,RET-PROD-014,Compact Smart Display 492,TV,1224.28,1707.19,Was,Black Friday,https://www.retailerc.co.uk/products/compact-smart-display-492
12/01/2024,12/01/2024 16:30,SCR-CFB933622268,Ret C,RET-PROD-014,Compact Smart Display 492,TV,1224.28,,,Black Friday,https://www.retailerc.co.uk/products/compact-smart-display-492
13/01/2024,13/01/2024 06:02,SCR-AF9E602A37A5,retailer c,RET-PROD-014,Compact Smart Display 492,TV,1224.28,,,Black Friday,https://www.retailerc.co.uk/products/compact-smart-display-492
14/01/2024,1705245046,SCR-37933DFD8A90,RETAILER C,RET-PROD-014,Compact Smart Display 492,TV,1224.28,1707.19,Was:,Black Friday,https://www.retailerc.co.uk/products/compact-smart-display-492
15/01/2024,15/01/2024 12:19,SCR-6CFD6B37DCE3,Retailer C,RET-PROD-014,Compact Smart Display 492,tv,,1707.19,was,Black Friday,https://www.retailerc.co.uk/products/compact-smart-display-492
16/01/2024,16/01/2024 14:18,SCR-2DAA0D91605B,RETAILER C,RET-PROD-014,Compact Smart Display 492,TV,1224.28,1707.19,Was,Black Friday,https://www.retailerc.co.uk/products/compact-smart-display-492
17/01/2024,1705498280,SCR-407A05002BF0,Retailer C,RET-PROD-014,Compact Smart Display 492,TV,1224.28,1707.19,Was,Black Friday,https://www.retailerc.co.uk/products/compact-smart-display-492
18/01/2024,18/01/2024 10:08,SCR-7871668065B8,RETAILER C,RET-PROD-014,Compact Smart Display 492,tv,,1707.19,Was,Black Friday,https://www.retailerc.co.uk/products/compact-smart-display-492
19/01/2024,19/01/2024 12:02,SCR-7884A4D99D84,RETAILER C,RET-PROD-014,Compact Smart Display 492,TV,1224.28,1707.19,Was,Black Friday,https://www.retailerc.co.uk/products/compact-smart-display-492
20/01/2024,20/01/2024 08:36,SCR-2584A6D9EDD6,retailer c,RET-PROD-014,Compact Smart Display 492,TV,1224.28,,,Black Friday,https://www.retailerc.co.uk/products/compact-smart-display-492
21/01/2024,21/01/2024 10:33,SCR-E5270A54F5DB,RETAILER C,RET-PROD-014,Compact Smart Display 492,TV,1224.28,,,Black Friday,https://www.retailerc.co.uk/products/compact-smart-display-492
22/01/2024,22/01/2024 14:06,SCR-768616EC497E,Retailer  C,RET-PROD-014,Compact Smart Display 492,TV,1224.28,1707.19,Was,Black Friday,https://www.retailerc.co.uk/products/compact-smart-display-492
23/01/2024,23/01/2024 22:19,SCR-209820802B14,Ret C,RET-PROD-014,,TV,1224.28,1707.19,Was,Black Friday,https://www.retailerc.co.uk/products/compact-smart-display-492
24/01/2024,24/01/2024 17:59,SCR-93ECDF96925B,retailer c,RET-PROD-014,Compact Smart Display 492,TV,1224.28,,,Black Friday,https://www.retailerc.co.uk/products/compact-smart-display-492
25/01/2024,25/01/2024 10:15,SCR-72FF6AFDF0E8,Retailer  C,RET-PROD-014,Compact Smart Display 492,TV,1224.28,1707.19,WAS,Black Friday,https://www.retailerc.co.uk/products/compact-smart-display-492
26/01/2024,26/01/2024 06:48,SCR-EABFF9F9B06F,RETAILER C,RET-PROD-014,Compact Smart Display 492,TV,1224.28,1707.19,Was,Black Friday,https://www.retailerc.co.uk/products/compact-smart-display-492
27/01/2024,27/01/2024 17:06,SCR-A594517B0AFE,Ret C,RET-PROD-014,Compact Smart Display 492,TV,1224.28,1707.19,Was,Black Friday,https://www.retailerc.co.uk/products/compact-smart-display-492
28/01/2024,28/01/2024 14:40,SCR-1A59B90F2D36,Retailer  C,RET-PROD-014,Compact Smart Display 492,TV,1224.28,,,Black Friday,https://www.retailerc.co.uk/products/compact-smart-display-492
29/01/2024,29/01/2024 12:28,SCR-C3609FF09C30,Retailer  C,RET-PROD-014,Compact Smart Display 492,TV,1224.28,,,Black Friday,https://www.retailerc.co.uk/products/compact-smart-display-492
30/01/2024,30/01/2024 07:27,SCR-EC3C5407CED2,Ret C,RET-PROD-014,Compact Smart Display 492,TV,1224.28,1707.19,Was,Black Friday,https://www.retailerc.co.uk/products/compact-smart-display-492
31/01/2024,31/01/2024 22:22,SCR-282931D613D1,Retailer C,RET-PROD-014,Compact Smart Display 492,TV,1224.28,1707.19,Was,Black Friday,https://www.retailerc.co.uk/products/compact-smart-display-492
01/02/2024,01/02/2024 15:38,SCR-9D7C442D9A7F,Ret C,RET-PROD-014,Compact Smart Display 492,TV,1224.28,,,Black Friday,https://www.retailerc.co.uk/products/compact-smart-display-492
02/02/2024,02/02/2024 20:22,SCR-146875D4BEFA,retailer c,RET-PROD-014,Compact Smart Display 492,TV,1224.28,1707.19,Was,Black Friday,https://www.retailerc.co.uk/products/compact-smart-display-492
03/02/2024,03/02/2024 16:15,SCR-E42B40DB6973,Retailer C,RET-PROD-014,Compact Smart Display 492,TV,1224.28,1707.19,Was,Black Friday,https://www.retailerc.co.uk/products/compact-smart-display-492
04/02/2024,04/02/2024 20:55,SCR-1FB6A81055DE,RETAILER C,RET-PROD-014,Compact Smart Display 492,TV,1224.28,1707.19,Was,Black Friday,https://www.retailerc.co.uk/products/compact-smart-display-492
05/02/2024,05/02/2024 21:22,SCR-C3E8D00017C0,Retailer C,RET-PROD-014,Compact Smart Display 492,TV,1224.28,1707.19,was,Black Friday,https://www.retailerc.co.uk/products/compact-smart-display-492
06/02/2024,06/02/2024 20:21,SCR-316224EEF93F,Retailer  C,RET-PROD-014,Compact Smart Display 492,TV,612.14,,,Black Friday,https://www.retailerc.co.uk/products/compact-smart-display-492
07/02/2024,07/02/2024 09:21,SCR-ECFBBE512376,Ret C,RET-PROD-014,Compact Smart Display 492,TV,1224.28,1707.19,Was,Black Friday,https://www.retailerc.co.uk/products/compact-smart-display-492
08/02/2024,08/02/2024 13:52,SCR-86625E1AE3B8,Ret C,RET-PROD-014,Compact Smart Display 492,TV,1224.28,1707.19,Was,Black Friday,https://www.retailerc.co.uk/products/compact-smart-display-492
09/02/2024,09/02/2024 08:12,SCR-E8C4ADC50620,Retailer  C,RET-PROD-014,Compact Smart Display 492,TV,1224.28,1707.19 GBP,Was,Black Friday,https://www.retailerc.co.uk/products/compact-smart-display-492
10/02/2024,10/02/2024 12:51,SCR-A3DCDAB4E839,Retailer C,RET-PROD-014,Compact Smart Display 492,TV,1224.28,,,Black Friday,https://www.retailerc.co.uk/products/compact-smart-display-492
11/02/2024,11/02/2024 21:46,SCR-3CD2B0A2C0CE,Ret C,RET-PROD-014,Compact Smart Display 492,TV,1224.28,1707.19,,Black Friday,https://www.retailerc.co.uk/products/compact-smart-display-492
12/02/2024,12/02/2024 08:49,SCR-FC2F90550D23,RETAILER C,RET-PROD-014,Compact Smart Display 492,TV,1224.28,1707.19,Was,Black Friday,https://www.retailerc.co.uk/products/compact-smart-display-492
13/02/2024,13/02/2024 21:29,SCR-39B5F21539C4,Ret C,RET-PROD-014,Compact Smart Display 492,TV,1224.28,1707.19,Was,Black Friday,https://www.retailerc.co.uk/products/compact-smart-display-492
14/02/2024,14/02/2024 12:56,SCR-2E88E9E949F3,Retailer  C,RET-PROD-014,Compact Smart Display 492,TV,1224.28,1707.19,Was,Black Friday,https://www.retailerc.co.uk/products/compact-smart-display-492
15/02/2024,15/02/2024 22:26,SCR-B27AD960E0BC,retailer c,RET-PROD-014,Compact Smart Display 492,TV,1224.28,1707.19,Was,Black Friday,https://www.retailerc.co.uk/products/compact-smart-display-492
16/02/2024,16/02/2024 17:31,SCR-81F3E884E8E1,RETAILER C,RET-PROD-014,Compact Smart Display 492,TV,1224.28,,,Black Friday,https://www.retailerc.co.uk/products/compact-smart-display-492
17/02/2024,17/02/2024 18:29,SCR-21742CAE1CDF,Ret C,RET-PROD-014,Compact Smart Display 492,TV,1224.28,,,Black Friday,https://www.retailerc.co.uk/products/compact-smart-display-492
18/02/2024,18/02/2024 08:27,SCR-3959CFE8E8F1,Retailer C,RET-PROD-014,Compact Smart Display 492,TV,1224.28,1707.19,Was,Black Friday,https://www.retailerc.co.uk/products/compact-smart-display-492
19/02/2024,19/02/2024 09:47,SCR-ED2B001E072A,RETAILER C,RET-PROD-014,Compact Smart Display 492,TV,1224.28,1707.19,Was,Black Friday,https://www.retailerc.co.uk/products/compact-smart-display-492
20/02/2024,20/02/2024 11:18,SCR-96F40A939444,Retailer C,RET-PROD-014,Compact Smart Display 492,TV,1224.28,1707.19,Was:,Black Friday,https://www.retailerc.co.uk/products/compact-smart-display-492
21/02/2024,21/02/2024 19:31,SCR-8D935606C9E9,RETAILER C,RET-PROD-014,Compact Smart Display 492,TV,1224.28,1707.19,Was,Black Friday,https://www.retailerc.co.uk/products/compact-smart-display-492
22/02/2024,22/02/2024 19:05,SCR-5A8D2B99D70B,Retailer  C,RET-PROD-014,Compact Smart Display 492,TV,1224.28,,,Black Friday,https://www.retailerc.co.uk/products/compact-smart-display-492
23/02/2024,23/02/2024 14:17,SCR-2EDA5CFE1924,Retailer C,RET-PROD-014,Compact Smart Display 492,TV,1224.28,1707.19,Was,Black Friday,https://www.retailerc.co.uk/products/compact-smart-display-492
24/02/2024,24/02/2024 20:33,SCR-CB3A8A46A2F5,Retailer  C,RET-PROD-014,Compact Smart Display 492,TV,£1224.28,1707.19,Was,Black Friday,https://www.retailerc.co.uk/products/compact-smart-display-492
25/02/2024,25/02/2024 21:21,SCR-A07831D86A70,RETAILER C,RET-PROD-014,Compact Smart Display 492,TV,1224.28,,,Black Friday,https://www.retailerc.co.uk/products/compact-smart-display-492
26/02/2024,26/02/2024 22:21,SCR-7371A24156AC,RETAILER C,RET-PROD-014,Compact Smart Display 492,TV,1224.28,1707.19,Was:,Black Friday,https://www.retailerc.co.uk/products/compact-smart-display-492
27/02/2024,27/02/2024 21:54,SCR-E067EB9E0A52,retailer c,RET-PROD-014,Compact Smart Display 492,TV,1224.28,1707.19,,Black Friday,https://www.retailerc.co.uk/products/compact-smart-display-492
28/02/2024,28/02/2024 13:42,SCR-AA06CF1C70CA,Retailer C,RET-PROD-014,Compact Smart Display 492,TV,£1224.28,1707.19,Was,Black Friday,https://www.retailerc.co.uk/products/compact-smart-display-492
29/02/2024,29/02/2024 11:03,SCR-8BA65D74A48E,Retailer  C,RET-PROD-014,Compact Smart Display 492,TV,1224.28,1707.19,Was,Black Friday,https://www.retailerc.co.uk/products/compact-smart-display-492
01/03/2024,01/03/2024 10:59,SCR-C3DCD57D1C13,Ret C,RET-PROD-014,Compact Smart Display 492,TV,1224.28,1707.19,Was,Black Friday,https://www.retailerc.co.uk/products/compact-smart-display-492
02/03/2024,02/03/2024 14:49,SCR-81D6E25CFF92,retailer c,RET-PROD-014,Compact Smart Display 492,TV,1224.28,,,Black Friday,https://www.retailerc.co.uk/products/compact-smart-display-492
03/03/2024,03/03/2024 16:41,SCR-940A8ABAEF87,retailer c,RET-PROD-014,,TV,1224.28,1707.19,Was,Black Friday,https://www.retailerc.co.uk/products/compact-smart-display-492
04/03/2024,04/03/2024 13:14,SCR-CF453B260772,Retailer C,RET-PROD-014,Compact Smart Display 492,TV,1224.28,1707.19,Was,Black Friday,https://www.retailerc.co.uk/products/compact-smart-display-492
05/03/2024,05/03/2024 09:14,SCR-58F023FF834D,Ret C,RET-PROD-014,Compact Smart Display 492,TV,1224.28,1707.19,WAS,Black Friday,https://www.retailerc.co.uk/products/compact-smart-display-492
06/03/2024,06/03/2024 09:42,SCR-85DE8167AF90,Retailer  C,RET-PROD-014,Compact Smart Display 492,TV,£1224.28,1707.19,Was,Black Friday,https://www.retailerc.co.uk/products/compact-smart-display-492
07/03/2024,07/03/2024 18:59,SCR-C59BBEBAA2AF,RETAILER C,RET-PROD-014,Compact Smart Display 492,TV,1224.28,,,,https://www.retailerc.co.uk/products/compact-smart-display-492
08/03/2024,08/03/2024 20:15,SCR-94F455EECC81,Retailer  C,RET-PROD-014,Compact Smart Display 492,TV,1224.28,,,,https://www.retailerc.co.uk/products/compact-smart-display-492
09/03/2024,,SCR-83E7760225DC,RETAILER C,RET-PROD-014,Compact Smart Display 492,TV,1224.28,,,,https://www.retailerc.co.uk/products/compact-smart-display-492
10/03/2024,10/03/2024 19:00,SCR-A442AAC0996F,RETAILER C,RET-PROD-014,Compact Smart Display 492,TV,,,,,https://www.retailerc.co.uk/products/compact-smart-display-492
11/03/2024,11/03/2024 20:04,SCR-8C7AAB323CFE,Retailer C,RET-PROD-014,Compact Smart Display 492,TV,1224.28,,,,https://www.retailerc.co.uk/products/compact-smart-display-492
12/03/2024,12/03/2024 13:14,SCR-5274F913E910,Retailer C,RET-PROD-014,Compact Smart Display 492,TV,1224.28,,,,https://www.retailerc.co.uk/products/compact-smart-display-492
13/03/2024,13/03/2024 18:04,SCR-AE0C04F61FD1,Retailer  C,RET-PROD-014,Compact Smart Display 492,TV,1224.28,,,,https://www.retailerc.co.uk/products/compact-smart-display-492
14/03/2024,14/03/2024 21:12,SCR-612E928FDD49,RETAILER C,RET-PROD-014,Compact Smart Display 492,TV,1224.28,,,,https://www.retailerc.co.uk/products/compact-smart-display-492
15/03/2024,15/03/2024 15:32,SCR-E8D17A9DF802,retailer c,RET-PROD-014,Compact Smart Display 492,TV,1224.28,,,,https://www.retailerc.co.uk/products/compact-smart-display-492
16/03/2024,16/03/2024 09:18,SCR-2479A5A69BBB,Ret C,RET-PROD-014,Compact Smart Display 492,TV,1224.28,,,,https://www.retailerc.co.uk/products/compact-smart-display-492
17/03/2024,17/03/2024 12:54,SCR-91A7322B7225,Ret C,RET-PROD-014,Compact Smart Display 492,TV,1224.28,,,,https://www.retailerc.co.uk/products/compact-smart-display-492
18/03/2024,18/03/2024 10:10,SCR-F92A6552B479,retailer c,RET-PROD-014,Compact Smart Display 492,TV,1224.28,,,,https://www.retailerc.co.uk/products/compact-smart-display-492
19/03/2024,19/03/2024 19:23,SCR-81F78493657E,retailer c,RET-PROD-014,Compact Smart Display 492,TV,£1224.28,,,,https://www.retailerc.co.uk/products/compact-smart-display-492
20/03/2024,20/03/2024 07:44,SCR-4CAA10B4125F,Ret C,RET-PROD-014,Compact Smart Display 492,TV,1224.28,,,,https://www.retailerc.co.uk/products/compact-smart-display-492
21/03/2024,21/03/2024 13:18,SCR-F7429598DDB0,Retailer  C,RET-PROD-014,Compact Smart Display 492,TV,1224.28,,,,https://www.retailerc.co.uk/products/compact-smart-display-492
22/03/2024,22/03/2024 13:17,SCR-7F8DDE382BF7,retailer c,RET-PROD-014,Compact Smart Display 492,TV,2203.7,,,,https://www.retailerc.co.uk/products/compact-smart-display-492
23/03/2024,23/03/2024 14:18,SCR-72DA1F48FDCC,retailer c,RET-PROD-014,Compact Smart Display 492,TV,1224.28,,,,https://www.retailerc.co.uk/products/compact-smart-display-492
24/03/2024,24/03/2024 14:07,SCR-D99AA066766B,Retailer  C,RET-PROD-014,Compact Smart Display 492,TV,1224.28,,,,https://www.retailerc.co.uk/products/compact-smart-display-492
25/03/2024,25/03/2024 19:41,SCR-E4D4DA091F74,Ret C,RET-PROD-014,Compact Smart Display 492,TV,1224.28,,,,https://www.retailerc.co.uk/products/compact-smart-display-492
26/03/2024,26/03/2024 11:39,SCR-E2E0AA842E5C,Retailer C,RET-PROD-014,Compact Smart Display 492,TV,1224.28,,,,https://www.retailerc.co.uk/products/compact-smart-display-492
27/03/2024,27/03/2024 20:16,SCR-A8BD0DB2B44A,retailer c,RET-PROD-014,Compact Smart Display 492,TV,1224.28,,,,https://www.retailerc.co.uk/products/compact-smart-display-492
28/03/2024,28/03/2024 15:39,SCR-91EE3D456E5A,Retailer C,RET-PROD-014,Compact Smart Display 492,TV,1224.28,,,,https://www.retailerc.co.uk/products/compact-smart-display-492
29/03/2024,29/03/2024 18:21,SCR-43D2B1767EF2,Ret C,RET-PROD-014,Compact Smart Display 492,,1224.28,,,,https://www.retailerc.co.uk/products/compact-smart-display-492
30/03/2024,30/03/2024 17:10,SCR-9F13B83F0450,Ret C,RET-PROD-014,Compact Smart Display 492,TV,1224.28,,,,https://www.retailerc.co.uk/products/compact-smart-display-492
01/01/2024,01/01/2024 14:52,SCR-9408EA223ED2,Retailer  C,RET-PROD-015,Compact TV 380,TV,1706.45,,,,https://www.retailerc.co.uk/products/compact-tv-380
02/01/2024,02/01/2024 19:49,SCR-95C0C6DF9237,Retailer C,RET-PROD-015,Compact TV 380,TV,1706.45,,,,https://www.retailerc.co.uk/products/compact-tv-380
03/01/2024,03/01/2024 22:23,SCR-D4C4BB7EB7CF,Retailer C,RET-PROD-015,Compact TV 380,TV,1706.45,,,,https://www.retailerc.co.uk/products/compact-tv-380
04/01/2024,04/01/2024 20:41,SCR-0C56B5C15D01,RETAILER C,RET-PROD-015,Compact TV 380,TV,1706.45,,,,https://www.retailerc.co.uk/products/compact-tv-380
05/01/2024,05/01/2024 06:23,SCR-C3CAD8020215,retailer c,RET-PROD-015,Compact TV 380,TV,1706.45,,,,https://www.retailerc.co.uk/products/compact-tv-380
06/01/2024,06/01/2024 15:42,SCR-5F4B1517E8A7,RETAILER C,RET-PROD-015,Compact TV 380,TV,3071.61,,,,https://www.retailerc.co.uk/products/compact-tv-380
07/01/2024,07/01/2024 14:53,SCR-7138F331E84E,retailer c,RET-PROD-015,Compact TV 380,TV,1706.45,,,,https://www.retailerc.co.uk/products/compact-tv-380
08/01/2024,08/01/2024 11:10,SCR-4EDD2FAF938D,Retailer  C,RET-PROD-015,Compact TV 380,TV,1706.45,,,,https://www.retailerc.co.uk/products/compact-tv-380
09/01/2024,09/01/2024 19:58,SCR-9895F6DE0E8E,Ret C,RET-PROD-015,Compact TV 380,TV,1706.45,,,,https://www.retailerc.co.uk/products/compact-tv-380
10/01/2024,10/01/2024 11:14,SCR-8D7C7635D19C,Retailer  C,RET-PROD-015,Compact TV 380,TV,1706.45,,,,https://www.retailerc.co.uk/products/compact-tv-380
11/01/2024,11/01/2024 06:51,SCR-B3676F5A8448,Retailer C,RET-PROD-015,Compact TV 380,TV,1706.45,,,,https://www.retailerc.co.uk/products/compact-tv-380
12/01/2024,12/01/2024 11:30,SCR-423CCFE79531,Retailer  C,RET-PROD-015,Compact TV 380,TV,1706.45,,,,https://www.retailerc.co.uk/products/compact-tv-380
13/01/2024,13/01/2024 12:00,SCR-33C0902ECF61,RETAILER C,RET-PROD-015,Compact TV 380,TV,1493.4,,,,https://www.retailerc.co.uk/products/compact-tv-380
14/01/2024,14/01/2024 14:30,SCR-2628D90D87DC,retailer c,RET-PROD-015,Compact TV 380,TV,1493.4,,,,https://www.retailerc.co.uk/products/compact-tv-380
15/01/2024,15/01/2024 10:21,SCR-0FF8EEA69656,RETAILER C,RET-PROD-015,Compact TV 380,TV,1493.4,,,,https://www.retailerc.co.uk/products/compact-tv-380
16/01/2024,16/01/2024 13:10,SCR-1D602CEB489D,retailer c,,Compact TV 380,TV,1493.4,,,,https://www.retailerc.co.uk/products/compact-tv-380
17/01/2024,17/01/2024 20:47,SCR-D0901EC376B3,Ret C,RET-PROD-015,Compact TV 380,tv,1493.4,,,,https://www.retailerc.co.uk/products/compact-tv-380
18/01/2024,1705566211,SCR-7D0B29E73760,Retailer C,RET-PROD-015,Compact TV 380,TV,1493.4,,,,https://www.retailerc.co.uk/products/compact-tv-380
19/01/2024,19/01/2024 21:00,SCR-743847FFE8E1,RETAILER C,RET-PROD-015,Compact TV 380,TV,1493.4,,,,https://www.retailerc.co.uk/products/compact-tv-380
20/01/2024,20/01/2024 09:33,SCR-D8A12CB5194D,Retailer  C,RET-PROD-015,Compact TV 380,TV,1493.4,,,,https://www.retailerc.co.uk/products/compact-tv-380
21/01/2024,1705850195,SCR-875D5742B5A8,Retailer  C,RET-PROD-015,Compact TV 380,TV,1493.4,,,,https://www.retailerc.co.uk/products/compact-tv-380
22/01/2024,22/01/2024 19:10,SCR-6F3D8AE7D9F4,retailer c,RET-PROD-015,Compact TV 380,TV,1493.4,,,,https://www.retailerc.co.uk/products/compact-tv-380
23/01/2024,23/01/2024 10:42,SCR-AE4BA5C8BC0A,retailer c,RET-PROD-015,Compact TV 380,TV,1493.4,,,,https://www.retailerc.co.uk/products/compact-tv-380
24/01/2024,24/01/2024 22:05,SCR-32B321CFF55A,retailer c,RET-PROD-015,Compact TV 380,TV,1493.4,,,,https://www.retailerc.co.uk/products/compact-tv-380
25/01/2024,25/01/2024 15:10,SCR-3CBBA891031E,RETAILER C,RET-PROD-015,Compact TV 380,TV,1493.4,,,,https://www.retailerc.co.uk/products/compact-tv-380
26/01/2024,26/01/2024 20:21,SCR-166011D93B45,Ret C,RET-PROD-015,Compact TV 380,TV,1493.4,,,,https://www.retailerc.co.uk/products/compact-tv-380
27/01/2024,27/01/2024 09:12,SCR-AB3162CADE82,Ret C,RET-PROD-015,Compact TV 380,TV,1493.4,,,,https://www.retailerc.co.uk/products/compact-tv-380
28/01/2024,28/01/2024 19:29,SCR-1AF8FF73A44D,Retailer C,RET-PROD-015,Compact TV 380,TV,,,,,https://www.retailerc.co.uk/products/compact-tv-380
29/01/2024,29/01/2024 22:13,SCR-F38E3B409E5D,Retailer C,RET-PROD-015,Compact TV 380,TV,1493.4,,,,https://www.retailerc.co.uk/products/compact-tv-380
30/01/2024,30/01/2024 15:50,SCR-EB97F54DEA92,Ret C,RET-PROD-015,Compact TV 380,TV,1493.4,,,,https://www.retailerc.co.uk/products/compact-tv-380
31/01/2024,31/01/2024 15:52,SCR-21BC9E956184,Retailer C,RET-PROD-015,Compact TV 380,TV,1493.4,,,,https://www.retailerc.co.uk/products/compact-tv-380
01/02/2024,01/02/2024 21:52,SCR-B5E4054813A5,Ret C,RET-PROD-015,Compact TV 380,TV,1493.4,,,,https://www.retailerc.co.uk/products/compact-tv-380
02/02/2024,02/02/2024 14:40,SCR-C5626F260BB4,Ret C,RET-PROD-015,Compact TV 380,TV,1493.4,,,,https://www.retailerc.co.uk/products/compact-tv-380
03/02/2024,03/02/2024 13:39,SCR-32C0296D6496,retailer c,RET-PROD-015,Compact TV 380,TV,1493.4,,,,https://www.retailerc.co.uk/products/compact-tv-380
04/02/2024,04/02/2024 16:06,SCR-153A9B1715DB,RETAILER C,RET-PROD-015,Compact TV 380,TV,1493.4,,,,https://www.retailerc.co.uk/products/compact-tv-380
05/02/2024,05/02/2024 06:04,SCR-9C2F34BC5290,Retailer  C,RET-PROD-015,Compact TV 380,TV,1493.4,,,,https://www.retailerc.co.uk/products/compact-tv-380
06/02/2024,06/02/2024 14:26,SCR-3E98F840CF1C,RETAILER C,RET-PROD-015,Compact TV 380,TV,1493.4,,,,https://www.retailerc.co.uk/products/compact-tv-380
07/02/2024,07/02/2024 06:50,SCR-F116B6E94ABB,Ret C,RET-PROD-015,Compact TV 380,TV,1493.4,,,,https://www.retailerc.co.uk/products/compact-tv-380
08/02/2024,08/02/2024 10:09,SCR-1B245060CBE8,RETAILER C,RET-PROD-015,Compact TV 380,TV,1493.4,,,,https://www.retailerc.co.uk/products/compact-tv-380
09/02/2024,09/02/2024 09:53,SCR-507E33DF6D9F,Ret C,RET-PROD-015,Compact TV 380,TV,1493.4,,,,https://www.retailerc.co.uk/products/compact-tv-380
10/02/2024,,SCR-0C4745DADE1B,Retailer C,RET-PROD-015,Compact TV 380,TV,1493.4,,,,https://www.retailerc.co.uk/products/compact-tv-380
11/02/2024,1707673113,SCR-621C84AD57F1,Retailer  C,RET-PROD-015,Compact TV 380,TV,1493.4,,,,https://www.retailerc.co.uk/products/compact-tv-380
12/02/2024,12/02/2024 07:15,SCR-3C4B3C1F4108,retailer c,RET-PROD-015,Compact TV 380,TV,1493.4,,,,https://www.retailerc.co.uk/products/compact-tv-380
13/02/2024,13/02/2024 14:07,SCR-F132789FC204,Retailer C,RET-PROD-015,Compact TV 380,TV,1493.4,,,,https://www.retailerc.co.uk/products/compact-tv-380
14/02/2024,14/02/2024 07:38,SCR-A5A1A377AB90,Retailer C,RET-PROD-015,Compact TV 380,TV,1493.4,,,,https://www.retailerc.co.uk/products/compact-tv-380
15/02/2024,15/02/2024 11:12,SCR-B853D5F6FF0C,Retailer  C,RET-PROD-015,Compact TV 380,TV,1493.4,,,,https://www.retailerc.co.uk/products/compact-tv-380
16/02/2024,16/02/2024 10:41,SCR-18BAC9ED1C46,Ret C,RET-PROD-015,Compact TV 380,TV,1493.4,,,,https://www.retailerc.co.uk/products/compact-tv-380
17/02/2024,17/02/2024 15:56,SCR-B4797EEFFE90,retailer c,RET-PROD-015,Compact TV 380,TV,1493.4,,,,https://www.retailerc.co.uk/products/compact-tv-380
18/02/2024,18/02/2024 15:50,SCR-88B5488E1B46,Retailer  C,RET-PROD-015,Compact TV 380,TV,1493.4,,,,https://www.retailerc.co.uk/products/compact-tv-380
19/02/2024,1708350253,SCR-899039779C6D,Retailer C,RET-PROD-015,Compact TV 380,TV,2688.12,,,,https://www.retailerc.co.uk/products/compact-tv-380
20/02/2024,20/02/2024 19:50,SCR-324F161520DA,RETAILER C,RET-PROD-015,Compact TV 380,TV,1493.4,,,,https://www.retailerc.co.uk/products/compact-tv-380
21/02/2024,21/02/2024 14:37,SCR-478F4B962C2A,retailer c,RET-PROD-015,Compact TV 380,TV,1493.4,,,,https://www.retailerc.co.uk/products/compact-tv-380
22/02/2024,1708616445,SCR-1D1E34203D72,Retailer  C,RET-PROD-015,Compact TV 380,TV,1493.4,,,,https://www.retailerc.co.uk/products/compact-tv-380
23/02/2024,23/02/2024 11:59,SCR-D8201C0D4B8B,Ret C,RET-PROD-015,Compact TV 380,,1493.4,,,,https://www.retailerc.co.uk/products/compact-tv-380
24/02/2024,24/02/2024 16:03,SCR-77A3F71296E4,retailer c,RET-PROD-015,Compact TV 380,TV,1493.4,,,,https://www.retailerc.co.uk/products/compact-tv-380
25/02/2024,25/02/2024 16:07,SCR-5C427C21D960,retailer c,RET-PROD-015,Compact TV 380,TV,1493.4,,,,https://www.retailerc.co.uk/products/compact-tv-380
26/02/2024,26/02/2024 16:19,SCR-E1B53A38C094,Retailer  C,RET-PROD-015,Compact TV 380,TV,1493.4,,,,https://www.retailerc.co.uk/products/compact-tv-380
27/02/2024,27/02/2024 19:11,SCR-4F6453CF7587,Ret C,RET-PROD-015,Compact TV 380,tv,1493.4,,,,https://www.retailerc.co.uk/products/compact-tv-380
28/02/2024,28/02/2024 06:02,SCR-2B3ECC117207,Retailer C,RET-PROD-015,Compact TV 380,TV,1493.4,,,,https://www.retailerc.co.uk/products/compact-tv-380
29/02/2024,29/02/2024 09:41,SCR-00BC5081C601,RETAILER C,RET-PROD-015,Compact TV 380,TV,1493.4,,,,https://www.retailerc.co.uk/products/compact-tv-380
01/03/2024,01/03/2024 13:01,SCR-BB3EA5E2D21D,Retailer C,RET-PROD-015,Compact TV 380,TV,1493.4,,,,https://www.retailerc.co.uk/products/compact-tv-380
02/03/2024,02/03/2024 14:16,SCR-17E774D2CD84,retailer c,RET-PROD-015,Compact TV 380,TV,1264.52,1706.45,Was,Flash Sale,https://www.retailerc.co.uk/products/compact-tv-380
03/03/2024,03/03/2024 10:26,SCR-4F865AC52CDA,retailer c,RET-PROD-015,Compact TV 380,TV,£1264.52,1706.45,,Flash Sale,https://www.retailerc.co.uk/products/compact-tv-380
04/03/2024,04/03/2024 18:17,SCR-66AECCE60C14,RETAILER C,RET-PROD-015,Compact TV 380,TV,1264.52,1706.45 GBP,Was,Flash Sale,https://www.retailerc.co.uk/products/compact-tv-380
05/03/2024,05/03/2024 16:03,SCR-D2C9A146E924,Ret C,RET-PROD-015,Compact TV 380,TV,1264.52,1706.45,Was,Flash Sale,https://www.retailerc.co.uk/products/compact-tv-380
06/03/2024,06/03/2024 22:58,SCR-1C7056BE6120,RETAILER C,RET-PROD-015,Compact TV 380,TV,1264.52,1706.45,,Flash Sale,https://www.retailerc.co.uk/products/compact-tv-380
07/03/2024,07/03/2024 06:27,SCR-4EE3AA5E6367,Ret C,RET-PROD-015,Compact TV 380,TV,1264.52,1706.45,Was,Flash Sale,https://www.retailerc.co.uk/products/compact-tv-380
08/03/2024,08/03/2024 20:48,SCR-4A7E88676487,Retailer  C,RET-PROD-015,Compact TV 380,TV,1264.52,1706.45,Was,Flash Sale,https://www.retailerc.co.uk/products/compact-tv-380
09/03/2024,09/03/2024 08:13,SCR-2C822A1D5C83,Ret C,RET-PROD-015,Compact TV 380,TV,1264.52,,,Flash Sale,https://www.retailerc.co.uk/products/compact-tv-380
10/03/2024,10/03/2024 15:27,SCR-146A8BE7709D,retailer c,RET-PROD-015,Compact TV 380,tv,,1706.45,Was,Flash Sale,https://www.retailerc.co.uk/products/compact-tv-380
11/03/2024,11/03/2024 18:41,SCR-24AB6BA3C757,RETAILER C,RET-PROD-015,Compact TV 380,TV,1264.52,1706.45,Orig.,Flash Sale,https://www.retailerc.co.uk/products/compact-tv-380
12/03/2024,12/03/2024 22:38,SCR-6D33EBE1F429,Ret C,RET-PROD-015,Compact TV 380,TV,1264.52,,,Flash Sale,https://www.retailerc.co.uk/products/compact-tv-380
13/03/2024,13/03/2024 14:22,SCR-CA059DD72463,Retailer  C,RET-PROD-015,Compact TV 380,TV,1264.52,1706.45 GBP,WAS,Flash Sale,https://www.retailerc.co.uk/products/compact-tv-380
14/03/2024,14/03/2024 09:47,SCR-18197C5EB815,Retailer C,RET-PROD-015,Compact TV 380,TV,,1706.45,Was,Flash Sale,https://www.retailerc.co.uk/products/compact-tv-380
15/03/2024,15/03/2024 15:26,SCR-27A3C84F49BC,retailer c,RET-PROD-015,Compact TV 380,TV,1264.52,1706.45,Was,Flash Sale,https://www.retailerc.co.uk/products/compact-tv-380
16/03/2024,16/03/2024 18:12,SCR-A2EF0DFB2108,Retailer  C,RET-PROD-015,Compact TV 380,TV,1493.4,,,,https://www.retailerc.co.uk/products/compact-tv-380
17/03/2024,17/03/2024 21:13,SCR-32E7B39B6C08,retailer c,RET-PROD-015,Compact TV 380,,1493.4,,,,https://www.retailerc.co.uk/products/compact-tv-380
18/03/2024,18/03/2024 07:46,SCR-1D46BB1AC25B,Retailer C,RET-PROD-015,Compact TV 380,TV,,,,,https://www.retailerc.co.uk/products/compact-tv-380
19/03/2024,19/03/2024 16:22,SCR-612E6D93F984,Retailer  C,RET-PROD-015,Compact TV 380,TV,2688.12,,,,https://www.retailerc.co.uk/products/compact-tv-380
20/03/2024,20/03/2024 11:48,SCR-59FA9A25A5A9,retailer c,RET-PROD-015,Compact TV 380,TV,1493.4,,,,https://www.retailerc.co.uk/products/compact-tv-380
21/03/2024,21/03/2024 15:45,SCR-12468EE32A18,Retailer  C,RET-PROD-015,Compact TV 380,TV,1493.4,,,,https://www.retailerc.co.uk/products/compact-tv-380
22/03/2024,22/03/2024 13:39,SCR-880C35F2E4EC,RETAILER C,RET-PROD-015,Compact TV 380,TV,1493.4,,,,https://www.retailerc.co.uk/products/compact-tv-380
23/03/2024,23/03/2024 09:44,SCR-664C740D80AC,retailer c,RET-PROD-015,Compact TV 380,TV,1493.4,,,,https://www.retailerc.co.uk/products/compact-tv-380
24/03/2024,24/03/2024 22:24,SCR-7F4D46B25B6F,retailer c,RET-PROD-015,Compact TV 380,TV,1493.4,,,,https://www.retailerc.co.uk/products/compact-tv-380
25/03/2024,25/03/2024 09:19,SCR-6B7A28E4631F,retailer c,RET-PROD-015,Compact TV 380,tv,1493.4,,,,https://www.retailerc.co.uk/products/compact-tv-380
26/03/2024,26/03/2024 13:24,SCR-449EC6D7C0C1,Retailer C,RET-PROD-015,Compact TV 380,TV,1493.4,,,,https://www.retailerc.co.uk/products/compact-tv-380
27/03/2024,27/03/2024 20:24,SCR-9527EF703D6D,Retailer C,RET-PROD-015,Compact TV 380,TV,1493.4,,,,https://www.retailerc.co.uk/products/compact-tv-380
28/03/2024,28/03/2024 11:55,SCR-7ACEEDC6117F,retailer c,RET-PROD-015,Compact TV 380,TV,1493.4,,,,https://www.retailerc.co.uk/products/compact-tv-380
29/03/2024,29/03/2024 18:37,SCR-C2692FD0C4E5,Retailer C,RET-PROD-015,Compact TV 380,TV,1493.4,,,,https://www.retailerc.co.uk/products/compact-tv-380
30/03/2024,30/03/2024 06:01,SCR-62AFF6D565AD,retailer c,RET-PROD-015,Compact TV 380,TV,1493.4,,,,https://www.retailerc.co.uk/products/compact-tv-380
01/01/2024,01/01/2024 14:32,SCR-825641CE78C6,RetailerB,RET-PROD-016,HD Webcam 448,Computing,710.41,,,,https://www.retailerb.co.uk/products/hd-webcam-448
02/01/2024,02/01/2024 08:11,SCR-30E490E4D7B1,Retailer B,RET-PROD-016,HD Webcam 448,Computing,710.41,,,,https://www.retailerb.co.uk/products/hd-webcam-448
03/01/2024,03/01/2024 15:18,SCR-125B1A0D1FFD,RetailerB,RET-PROD-016,HD Webcam 448,computing,710.41,,,,https://www.retailerb.co.uk/products/hd-webcam-448
04/01/2024,04/01/2024 15:19,SCR-AF39B8A515EA,retailer b,RET-PROD-016,HD Webcam 448,Computing,710.41,,,,https://www.retailerb.co.uk/products/hd-webcam-448
05/01/2024,05/01/2024 06:29,SCR-82D2D96B12DC,retailer b,RET-PROD-016,HD Webcam 448,Computing,710.41,,,,https://www.retailerb.co.uk/products/hd-webcam-448
06/01/2024,06/01/2024 07:42,SCR-0CB7D4DFE6BA,RetailerB,RET-PROD-016,HD Webcam 448,Computing,710.41,,,,https://www.retailerb.co.uk/products/hd-webcam-448
07/01/2024,07/01/2024 08:53,SCR-7B3797E8E9B2,Retailer B,RET-PROD-016,HD Webcam 448,Computing,710.41,,,,https://www.retailerb.co.uk/products/hd-webcam-448
08/01/2024,08/01/2024 16:38,SCR-6C166522F940,retailer b,RET-PROD-016,HD Webcam 448,Computing,710.41,,,,https://www.retailerb.co.uk/products/hd-webcam-448
09/01/2024,09/01/2024 22:43,SCR-23EC4C067943,retailer b,RET-PROD-016,HD Webcam 448,Computing,710.41,,,,https://www.retailerb.co.uk/products/hd-webcam-448
10/01/2024,10/01/2024 22:24,SCR-78B943B124C7,RetailerB,RET-PROD-016,HD Webcam 448,Computing,710.41,,,,https://www.retailerb.co.uk/products/hd-webcam-448
11/01/2024,11/01/2024 16:33,SCR-D794506618F9,RETAILER B,RET-PROD-016,HD Webcam 448,Computing,710.41,,,,https://www.retailerb.co.uk/products/hd-webcam-448
12/01/2024,12/01/2024 12:26,SCR-4A0FB71C8DC6,Retailer B,RET-PROD-016,HD Webcam 448,Computing,710.41,,,,https://www.retailerb.co.uk/products/hd-webcam-448
13/01/2024,13/01/2024 08:25,SCR-280744195A6C,RetailerB,RET-PROD-016,HD Webcam 448,Computing,710.41,,,,https://www.retailerb.co.uk/products/hd-webcam-448
14/01/2024,14/01/2024 12:40,SCR-DBD4D6A5C455,retailer b,RET-PROD-016,HD Webcam 448,Computing,710.41,,,,https://www.retailerb.co.uk/products/hd-webcam-448
15/01/2024,15/01/2024 22:35,SCR-13398D1D2565,RetailerB,RET-PROD-016,HD Webcam 448,Computing,710.41,,,,https://www.retailerb.co.uk/products/hd-webcam-448
16/01/2024,16/01/2024 21:23,SCR-B2E31A7BB6FF,retailer b,RET-PROD-016,HD Webcam 448,Computing,710.41,,,,https://www.retailerb.co.uk/products/hd-webcam-448
17/01/2024,17/01/2024 17:52,SCR-B74F05F741F4,Retailer B.,RET-PROD-016,HD Webcam 448,Computing,710.41,,,,https://www.retailerb.co.uk/products/hd-webcam-448
18/01/2024,18/01/2024 15:09,SCR-FBF076BF2B1C,retailer b,RET-PROD-016,HD Webcam 448,Computing,710.41,,,,https://www.retailerb.co.uk/products/hd-webcam-448
19/01/2024,19/01/2024 13:19,SCR-3CAB929EB602,Retailer B,RET-PROD-016,HD Webcam 448,Computing,710.41,,,,https://www.retailerb.co.uk/products/hd-webcam-448
20/01/2024,20/01/2024 10:15,SCR-C941049242E4,RETAILER B,RET-PROD-016,HD Webcam 448,Computing,710.41,,,,https://www.retailerb.co.uk/products/hd-webcam-448
21/01/2024,21/01/2024 06:16,SCR-2F85BB445075,RETAILER B,RET-PROD-016,HD Webcam 448,Computing,710.41,,,,https://www.retailerb.co.uk/products/hd-webcam-448
22/01/2024,22/01/2024 22:33,SCR-3A67FEE9A5E1,Retailer B.,RET-PROD-016,HD Webcam 448,Computing,710.41,,,,https://www.retailerb.co.uk/products/hd-webcam-448
23/01/2024,23/01/2024 08:07,SCR-CC2CB607ED5B,RETAILER B,RET-PROD-016,HD Webcam 448,Computing,710.41,,,,https://www.retailerb.co.uk/products/hd-webcam-448
24/01/2024,24/01/2024 07:10,SCR-8B9FB1DD8F6C,Retailer B.,RET-PROD-016,HD Webcam 448,Computing,1092.1,,,,https://www.retailerb.co.uk/products/hd-webcam-448
25/01/2024,25/01/2024 17:24,SCR-15AB8403612A,RetailerB,RET-PROD-016,HD Webcam 448,Computing,1092.1,,,,https://www.retailerb.co.uk/products/hd-webcam-448
26/01/2024,26/01/2024 12:20,SCR-C87D7A00758D,retailer b,RET-PROD-016,HD Webcam 448,Computing,1092.1,,,,https://www.retailerb.co.uk/products/hd-webcam-448
27/01/2024,27/01/2024 16:34,SCR-45DAE7449610,retailer b,RET-PROD-016,HD Webcam 448,Computing,1092.1,,,,https://www.retailerb.co.uk/products/hd-webcam-448
28/01/2024,28/01/2024 15:43,SCR-E85B92C5E1B8,RETAILER B,RET-PROD-016,HD Webcam 448,Computing,1092.1,,,,https://www.retailerb.co.uk/products/hd-webcam-448
29/01/2024,29/01/2024 17:47,SCR-3EC5500E92DE,RETAILER B,RET-PROD-016,HD Webcam 448,Computing,589.83,1092.1,Was,Black Friday,https://www.retailerb.co.uk/products/hd-webcam-448
30/01/2024,30/01/2024 11:42,SCR-1FD2380D1B90,Retailer B.,,HD Webcam 448,Computing,589.83,1092.1,was,Black Friday,https://www.retailerb.co.uk/products/hd-webcam-448
31/01/2024,31/01/2024 10:39,SCR-19CF025B01C8,RETAILER B,RET-PROD-016,HD Webcam 448,Computing,589.83,,,Black Friday,https://www.retailerb.co.uk/products/hd-webcam-448
01/02/2024,01/02/2024 22:50,SCR-A300739BA78B,Retailer B,RET-PROD-016,HD Webcam 448,Computing,589.83,,,Black Friday,https://www.retailerb.co.uk/products/hd-webcam-448
02/02/2024,02/02/2024 19:59,SCR-4D469590EBE6,Retailer B,RET-PROD-016,HD Webcam 448,Computing,589.83,1092.1,Was,Black Friday,https://www.retailerb.co.uk/products/hd-webcam-448
03/02/2024,03/02/2024 10:44,SCR-392CD0661160,Retailer B.,RET-PROD-016,HD Webcam 448,Computing,589.83,1092.1,Was:,Black Friday,https://www.retailerb.co.uk/products/hd-webcam-448
04/02/2024,04/02/2024 11:32,SCR-DF9C3DDA3FC7,Retailer B,RET-PROD-016,HD Webcam 448,Computing,589.83,1092.1,Was,Black Friday,https://www.retailerb.co.uk/products/hd-webcam-448
05/02/2024,05/02/2024 22:38,SCR-D6CC89A59750,Retailer B,,HD Webcam 448,Computing,589.83,1092.1,Previously,Black Friday,https://www.retailerb.co.uk/products/hd-webcam-448
06/02/2024,06/02/2024 08:05,SCR-ADF62D28D83D,RETAILER B,RET-PROD-016,HD Webcam 448,Computing,589.83,1092.1,,Black Friday,https://www.retailerb.co.uk/products/hd-webcam-448
07/02/2024,07/02/2024 08:28,SCR-28CBF7FD7063,Retailer B,RET-PROD-016,HD Webcam 448,Computing,589.83,1092.1,Was,Black Friday,https://www.retailerb.co.uk/products/hd-webcam-448
08/02/2024,08/02/2024 14:11,SCR-7A89E3A6E5A4,Retailer B.,RET-PROD-016,HD Webcam 448,Computing,589.83,1092.1,Was,Black Friday,https://www.retailerb.co.uk/products/hd-webcam-448
09/02/2024,09/02/2024 08:31,SCR-29B1437DCCF1,Retailer B.,RET-PROD-016,HD Webcam 448,Computing,589.83,1092.1,Was,Black Friday,https://www.retailerb.co.uk/products/hd-webcam-448
10/02/2024,10/02/2024 10:40,SCR-F5C16F04BE7B,RetailerB,RET-PROD-016,HD Webcam 448,Computing,589.83,1092.1,Was,Black Friday,https://www.retailerb.co.uk/products/hd-webcam-448
11/02/2024,,SCR-94F071613146,Retailer B,RET-PROD-016,HD Webcam 448,Computing,589.83,1092.1,Was,Black Friday,https://www.retailerb.co.uk/products/hd-webcam-448
12/02/2024,12/02/2024 07:44,SCR-07DDD765AB47,RETAILER B,RET-PROD-016,HD Webcam 448,Computing,710.41,,,,https://www.retailerb.co.uk/products/hd-webcam-448
13/02/2024,13/02/2024 10:55,SCR-5AC0346E7B91,Retailer B,RET-PROD-016,HD Webcam 448,Computing,710.41,,,,https://www.retailerb.co.uk/products/hd-webcam-448
14/02/2024,14/02/2024 11:50,SCR-E447ED27C3D2,RetailerB,RET-PROD-016,HD Webcam 448,Computing,710.41,,,,https://www.retailerb.co.uk/products/hd-webcam-448
15/02/2024,15/02/2024 15:59,SCR-00F926293AE7,Retailer B,RET-PROD-016,HD Webcam 448,Computing,710.41,,,,https://www.retailerb.co.uk/products/hd-webcam-448
16/02/2024,16/02/2024 13:11,SCR-571562CE219C,RetailerB,RET-PROD-016,HD Webcam 448,computing,,,,,https://www.retailerb.co.uk/products/hd-webcam-448
17/02/2024,17/02/2024 08:15,SCR-93B8E16CBED4,RetailerB,RET-PROD-016,HD Webcam 448,Computing,355.2,,,,https://www.retailerb.co.uk/products/hd-webcam-448
18/02/2024,18/02/2024 14:24,SCR-4F9525DAC847,RETAILER B,RET-PROD-016,HD Webcam 448,Computing,710.41,,,,https://www.retailerb.co.uk/products/hd-webcam-448
19/02/2024,19/02/2024 17:40,SCR-DF1DEB6748C4,Retailer B,RET-PROD-016,HD Webcam 448,Computing,710.41,,,,https://www.retailerb.co.uk/products/hd-webcam-448
20/02/2024,20/02/2024 18:36,SCR-2274EF64B826,RetailerB,,HD Webcam 448,Computing,710.41,,,,https://www.retailerb.co.uk/products/hd-webcam-448
21/02/2024,21/02/2024 16:49,SCR-992359383957,Retailer B,RET-PROD-016,HD Webcam 448,Computing,710.41,,,,https://www.retailerb.co.uk/products/hd-webcam-448
22/02/2024,22/02/2024 07:43,SCR-D8FAB98A3E9A,Retailer B.,RET-PROD-016,HD Webcam 448,Computing,710.41,,,,https://www.retailerb.co.uk/products/hd-webcam-448
23/02/2024,23/02/2024 07:44,SCR-48673E217F59,Retailer B,RET-PROD-016,HD Webcam 448,Computing,710.41,,,,https://www.retailerb.co.uk/products/hd-webcam-448
24/02/2024,24/02/2024 07:57,SCR-64B312ADC46A,retailer b,RET-PROD-016,HD Webcam 448,Computing,710.41,,,,https://www.retailerb.co.uk/products/hd-webcam-448
25/02/2024,25/02/2024 08:12,SCR-726E78155E94,RETAILER B,RET-PROD-016,HD Webcam 448,Computing,710.41,,,,https://www.retailerb.co.uk/products/hd-webcam-448
26/02/2024,26/02/2024 19:55,SCR-35CCAC7E9015,Retailer B.,RET-PROD-016,HD Webcam 448,Computing,710.41,,,,https://www.retailerb.co.uk/products/hd-webcam-448
27/02/2024,,SCR-CECFBBF90941,Retailer B,,HD Webcam 448,Computing,710.41,,,,https://www.retailerb.co.uk/products/hd-webcam-448
28/02/2024,28/02/2024 15:02,SCR-AE628438090A,RETAILER B,RET-PROD-016,HD Webcam 448,Computing,710.41,,,,https://www.retailerb.co.uk/products/hd-webcam-448
29/02/2024,29/02/2024 17:07,SCR-3AC3F796F112,RETAILER B,RET-PROD-016,HD Webcam 448,Computing,710.41,,,,https://www.retailerb.co.uk/products/hd-webcam-448
01/03/2024,01/03/2024 22:45,SCR-697B0D7C3EA6,RETAILER B,RET-PROD-016,HD Webcam 448,Computing,710.41,,,,https://www.retailerb.co.uk/products/hd-webcam-448
02/03/2024,02/03/2024 20:38,SCR-8D7D079519E2,Retailer B.,RET-PROD-016,HD Webcam 448,Computing,710.41,,,,https://www.retailerb.co.uk/products/hd-webcam-448
03/03/2024,03/03/2024 10:16,SCR-73C67065AB61,retailer b,RET-PROD-016,HD Webcam 448,Computing,710.41,,,,https://www.retailerb.co.uk/products/hd-webcam-448
04/03/2024,04/03/2024 07:23,SCR-1F1B4C27008B,Retailer B,RET-PROD-016,HD Webcam 448,Computing,710.41,,,,https://www.retailerb.co.uk/products/hd-webcam-448
05/03/2024,05/03/2024 16:32,SCR-363B5DB05AA6,Retailer B.,RET-PROD-016,HD Webcam 448,Computing,710.41,,,,https://www.retailerb.co.uk/products/hd-webcam-448
06/03/2024,06/03/2024 07:45,SCR-CC5950AE7C73,RetailerB,RET-PROD-016,HD Webcam 448,Computing,710.41,,,,https://www.retailerb.co.uk/products/hd-webcam-448
07/03/2024,07/03/2024 10:19,SCR-7D1CD52946FC,RetailerB,RET-PROD-016,HD Webcam 448,Computing,710.41,,,,https://www.retailerb.co.uk/products/hd-webcam-448
08/03/2024,08/03/2024 18:26,SCR-42BB11EB5A6F,retailer b,RET-PROD-016,HD Webcam 448,Computing,1278.74,,,,https://www.retailerb.co.uk/products/hd-webcam-448
09/03/2024,09/03/2024 10:52,SCR-97AA53FC7DC5,retailer b,RET-PROD-016,HD Webcam 448,Computing,710.41,,,,https://www.retailerb.co.uk/products/hd-webcam-448
10/03/2024,10/03/2024 22:14,SCR-85A36F8C0F77,Retailer B.,RET-PROD-016,HD Webcam 448,computers,710.41,,,,https://www.retailerb.co.uk/products/hd-webcam-448
11/03/2024,11/03/2024 11:26,SCR-ED43D2F1CC62,retailer b,RET-PROD-016,,,710.41,,,,https://www.retailerb.co.uk/products/hd-webcam-448
12/03/2024,12/03/2024 12:21,SCR-7036C5AC2257,RetailerB,RET-PROD-016,HD Webcam 448,Computing,710.41,,,,https://www.retailerb.co.uk/products/hd-webcam-448
13/03/2024,13/03/2024 14:06,SCR-13077A6921B4,retailer b,RET-PROD-016,HD Webcam 448,Computing,710.41,,,,https://www.retailerb.co.uk/products/hd-webcam-448
14/03/2024,14/03/2024 11:24,SCR-8DFD9CAB82BC,Retailer B,RET-PROD-016,,Computing,710.41,,,,https://www.retailerb.co.uk/products/hd-webcam-448
15/03/2024,15/03/2024 10:50,SCR-FC6BFBD4CB48,RetailerB,RET-PROD-016,HD Webcam 448,Computing,710.41,,,,https://www.retailerb.co.uk/products/hd-webcam-448
16/03/2024,16/03/2024 16:38,SCR-A03A2B9EC61E,Retailer B,RET-PROD-016,HD Webcam 448,Computing,710.41,,,,https://www.retailerb.co.uk/products/hd-webcam-448
17/03/2024,1710703323,SCR-64F7E9405B2F,retailer b,RET-PROD-016,HD Webcam 448,Computing,710.41,,,,https://www.retailerb.co.uk/products/hd-webcam-448
18/03/2024,18/03/2024 10:22,SCR-232571B5120F,RetailerB,RET-PROD-016,HD Webcam 448,Computing,710.41,,,,https://www.retailerb.co.uk/products/hd-webcam-448
19/03/2024,19/03/2024 22:07,SCR-60D77CAA76CF,Retailer B,RET-PROD-016,HD Webcam 448,Computing,710.41,,,,https://www.retailerb.co.uk/products/hd-webcam-448
20/03/2024,20/03/2024 16:54,SCR-9F5E5183C1D9,Retailer B.,RET-PROD-016,HD Webcam 448,Computing,710.41,,,,https://www.retailerb.co.uk/products/hd-webcam-448
21/03/2024,21/03/2024 09:34,SCR-51556FD46341,RetailerB,RET-PROD-016,HD Webcam 448,Computing,710.41,,,,https://www.retailerb.co.uk/products/hd-webcam-448
22/03/2024,22/03/2024 12:14,SCR-FD51E6C51AD3,RETAILER B,RET-PROD-016,HD Webcam 448,Computing,710.41,,,,https://www.retailerb.co.uk/products/hd-webcam-448
23/03/2024,23/03/2024 19:26,SCR-A37DD25CF1B6,Retailer B.,RET-PROD-016,HD Webcam 448,Computing,710.41,,,,https://www.retailerb.co.uk/products/hd-webcam-448
24/03/2024,24/03/2024 18:12,SCR-BE527A4114E9,RetailerB,RET-PROD-016,HD Webcam 448,Computing,710.41,,,,https://www.retailerb.co.uk/products/hd-webcam-448
25/03/2024,25/03/2024 13:18,SCR-1168EA57945D,Retailer B,RET-PROD-016,HD Webcam 448,Computing,710.41,,,,https://www.retailerb.co.uk/products/hd-webcam-448
26/03/2024,26/03/2024 21:47,SCR-3CBC7BE5ECD7,Retailer B.,RET-PROD-016,HD Webcam 448,Computing,710.41,,,,https://www.retailerb.co.uk/products/hd-webcam-448
27/03/2024,27/03/2024 21:29,SCR-1882FFF90FD9,RetailerB,RET-PROD-016,HD Webcam 448,Computing,710.41,,,,https://www.retailerb.co.uk/products/hd-webcam-448
28/03/2024,28/03/2024 17:01,SCR-C774945E5205,RETAILER B,RET-PROD-016,HD Webcam 448,Computing,710.41,,,,https://www.retailerb.co.uk/products/hd-webcam-448
29/03/2024,29/03/2024 16:51,SCR-D8B214FBC2F4,Retailer B.,RET-PROD-016,HD Webcam 448,Computing,710.41,,,,https://www.retailerb.co.uk/products/hd-webcam-448
30/03/2024,30/03/2024 16:11,SCR-915D72A53122,retailer b,RET-PROD-016,HD Webcam 448,Computing,,,,,https://www.retailerb.co.uk/products/hd-webcam-448
01/01/2024,01/01/2024 13:08,SCR-4DC558FB76D5,Retailer-E,RET-PROD-017,Compact Humidifier 225,Home,183.95,,,,https://www.retailere.co.uk/products/compact-humidifier-225
02/01/2024,02/01/2024 21:19,SCR-0244749A4F48,Retailer E,RET-PROD-017,Compact Humidifier 225,Home,183.95,,,,https://www.retailere.co.uk/products/compact-humidifier-225
03/01/2024,03/01/2024 13:54,SCR-0601BE3B54D1,Retailer E,RET-PROD-017,Compact Humidifier 225,Home,183.95,,,,https://www.retailere.co.uk/products/compact-humidifier-225
04/01/2024,04/01/2024 09:08,SCR-14336F2CECE6,Ret. E,RET-PROD-017,Compact Humidifier 225,Home,183.95,,,,https://www.retailere.co.uk/products/compact-humidifier-225
05/01/2024,05/01/2024 13:19,SCR-19EEDF883CFF,Retailer E,RET-PROD-017,Compact Humidifier 225,Home,183.95,,,,https://www.retailere.co.uk/products/compact-humidifier-225
06/01/2024,06/01/2024 22:04,SCR-E42EA251AC71,RETAILER E,RET-PROD-017,Compact Humidifier 225,home,183.95,,,,https://www.retailere.co.uk/products/compact-humidifier-225
07/01/2024,07/01/2024 18:05,SCR-165C9237341E,RETAILER E,RET-PROD-017,Compact Humidifier 225,Home,183.95,,,,https://www.retailere.co.uk/products/compact-humidifier-225
08/01/2024,08/01/2024 21:39,SCR-A34D20703723,Retailer E,RET-PROD-017,Compact Humidifier 225,Home,183.95,,,,https://www.retailere.co.uk/products/compact-humidifier-225
09/01/2024,09/01/2024 16:05,SCR-EEB69CE6CC16,Retailer E,RET-PROD-017,Compact Humidifier 225,home,183.95,,,,https://www.retailere.co.uk/products/compact-humidifier-225
10/01/2024,10/01/2024 10:14,SCR-7280AABD7BD8,Ret. E,RET-PROD-017,Compact Humidifier 225,Home,183.95,,,,https://www.retailere.co.uk/products/compact-humidifier-225
11/01/2024,11/01/2024 07:14,SCR-B709A24F7C74,retailer e,RET-PROD-017,Compact Humidifier 225,Home,183.95,,,,https://www.retailere.co.uk/products/compact-humidifier-225
12/01/2024,12/01/2024 19:49,SCR-4CDD1D115A53,retailer e,RET-PROD-017,Compact Humidifier 225,Home,183.95,,,,https://www.retailere.co.uk/products/compact-humidifier-225
13/01/2024,13/01/2024 11:55,SCR-54B4A32573B5,RETAILER E,RET-PROD-017,Compact Humidifier 225,Home,183.95,,,,https://www.retailere.co.uk/products/compact-humidifier-225
14/01/2024,14/01/2024 13:44,SCR-3CF3B4D60387,RETAILER E,RET-PROD-017,Compact Humidifier 225,Home,183.95,,,,https://www.retailere.co.uk/products/compact-humidifier-225
15/01/2024,15/01/2024 21:23,SCR-85B76CC2164C,Ret. E,RET-PROD-017,Compact Humidifier 225,Home,183.95,,,,https://www.retailere.co.uk/products/compact-humidifier-225
16/01/2024,16/01/2024 21:10,SCR-A91DB05D0955,Retailer E,RET-PROD-017,Compact Humidifier 225,Home,183.95,,,,https://www.retailere.co.uk/products/compact-humidifier-225
17/01/2024,17/01/2024 22:07,SCR-A5CFDCAA5897,retailer e,RET-PROD-017,Compact Humidifier 225,HOME,183.95,,,,https://www.retailere.co.uk/products/compact-humidifier-225
18/01/2024,18/01/2024 06:15,SCR-932AD0A0CD5F,Retailer-E,RET-PROD-017,Compact Humidifier 225,Home,183.95,,,,https://www.retailere.co.uk/products/compact-humidifier-225
19/01/2024,19/01/2024 12:37,SCR-F3514CF1DD78,retailer e,RET-PROD-017,Compact Humidifier 225,Home,£183.95,,,,https://www.retailere.co.uk/products/compact-humidifier-225
20/01/2024,20/01/2024 08:56,SCR-540D1C22396E,Retailer E,RET-PROD-017,Compact Humidifier 225,Home,183.95,,,,https://www.retailere.co.uk/products/compact-humidifier-225
21/01/2024,21/01/2024 09:03,SCR-945B30B6967D,retailer e,RET-PROD-017,Compact Humidifier 225,Home,183.95,,,,https://www.retailere.co.uk/products/compact-humidifier-225
22/01/2024,22/01/2024 18:17,SCR-FB730B936C41,Ret. E,RET-PROD-017,Compact Humidifier 225,Home,183.95,,,,https://www.retailere.co.uk/products/compact-humidifier-225
23/01/2024,23/01/2024 17:34,SCR-82619B5B59FD,Retailer E,RET-PROD-017,,Home,183.95,,,,https://www.retailere.co.uk/products/compact-humidifier-225
24/01/2024,24/01/2024 16:26,SCR-2A36A56D35BE,Ret. E,RET-PROD-017,Compact Humidifier 225,Home,183.95,,,,https://www.retailere.co.uk/products/compact-humidifier-225
25/01/2024,25/01/2024 21:16,SCR-516A1C59DD29,Retailer E,RET-PROD-017,Compact Humidifier 225,Home,183.95,,,,https://www.retailere.co.uk/products/compact-humidifier-225
26/01/2024,26/01/2024 10:22,SCR-8E40739C63C6,Ret. E,,Compact Humidifier 225,Home,183.95,,,,https://www.retailere.co.uk/products/compact-humidifier-225
27/01/2024,27/01/2024 17:00,SCR-85AD1F1D936D,RETAILER E,RET-PROD-017,Compact Humidifier 225,Home,,,,,https://www.retailere.co.uk/products/compact-humidifier-225
28/01/2024,28/01/2024 16:09,SCR-84B0750FBCE5,RETAILER E,,Compact Humidifier 225,Home,183.95,,,,https://www.retailere.co.uk/products/compact-humidifier-225
29/01/2024,29/01/2024 17:48,SCR-4D4DC1E4E460,Ret. E,RET-PROD-017,Compact Humidifier 225,Home,183.95,,,,https://www.retailere.co.uk/products/compact-humidifier-225
30/01/2024,30/01/2024 10:39,SCR-47DDA263E993,Retailer-E,RET-PROD-017,Compact Humidifier 225,Home,183.95,,,,https://www.retailere.co.uk/products/compact-humidifier-225
31/01/2024,31/01/2024 11:48,SCR-F895E1665A51,Retailer-E,RET-PROD-017,Compact Humidifier 225,Home,183.95,,,,https://www.retailere.co.uk/products/compact-humidifier-225
01/02/2024,1706792591,SCR-DEFAA27F99E8,Ret. E,RET-PROD-017,Compact Humidifier 225,Home,183.95,,,,https://www.retailere.co.uk/products/compact-humidifier-225
02/02/2024,02/02/2024 09:16,SCR-5A29E7FD77B4,Ret. E,RET-PROD-017,Compact Humidifier 225,Home,183.95,,,,https://www.retailere.co.uk/products/compact-humidifier-225
03/02/2024,1706949461,SCR-05370B98374D,retailer e,RET-PROD-017,Compact Humidifier 225,Home,183.95,,,,https://www.retailere.co.uk/products/compact-humidifier-225
04/02/2024,04/02/2024 22:07,SCR-6BC8CC66BDFA,Ret. E,RET-PROD-017,Compact Humidifier 225,Home,183.95,,,,https://www.retailere.co.uk/products/compact-humidifier-225
05/02/2024,05/02/2024 21:32,SCR-6D7979257963,retailer e,RET-PROD-017,Compact Humidifier 225,Home,183.95,,,,https://www.retailere.co.uk/products/compact-humidifier-225
06/02/2024,06/02/2024 06:16,SCR-04285CB68430,Ret. E,RET-PROD-017,Compact Humidifier 225,Home,183.95,,,,https://www.retailere.co.uk/products/compact-humidifier-225
07/02/2024,07/02/2024 18:34,SCR-3CA775D7C80F,RETAILER E,RET-PROD-017,Compact Humidifier 225,Home,183.95,,,,https://www.retailere.co.uk/products/compact-humidifier-225
08/02/2024,08/02/2024 06:04,SCR-AADA44F05249,RETAILER E,RET-PROD-017,Compact Humidifier 225,Home,183.95,,,,https://www.retailere.co.uk/products/compact-humidifier-225
09/02/2024,09/02/2024 12:00,SCR-A78D50880586,Retailer E,RET-PROD-017,Compact Humidifier 225,Home,183.95,,,,https://www.retailere.co.uk/products/compact-humidifier-225
10/02/2024,10/02/2024 08:27,SCR-78F7FE046AB7,RETAILER E,RET-PROD-017,Compact Humidifier 225,Home,183.95,,,,https://www.retailere.co.uk/products/compact-humidifier-225
11/02/2024,11/02/2024 07:16,SCR-B20359DA40C4,Retailer E,RET-PROD-017,Compact Humidifier 225,Home,183.95,,,,https://www.retailere.co.uk/products/compact-humidifier-225
12/02/2024,12/02/2024 16:02,SCR-F9FD391E119A,RETAILER E,RET-PROD-017,Compact Humidifier 225,Home,183.95,,,,https://www.retailere.co.uk/products/compact-humidifier-225
13/02/2024,13/02/2024 18:08,SCR-337145BA02F3,Retailer E,RET-PROD-017,Compact Humidifier 225,Home,137.86,,,Winter Sale,https://www.retailere.co.uk/products/compact-humidifier-225
14/02/2024,14/02/2024 09:20,SCR-F8E113F15148,retailer e,RET-PROD-017,Compact Humidifier 225,Home,137.86,183.95,Was,Winter Sale,https://www.retailere.co.uk/products/compact-humidifier-225
15/02/2024,15/02/2024 16:18,SCR-167AA97E5623,Retailer E,RET-PROD-017,Compact Humidifier 225,Home,137.86,183.95,Was,Winter Sale,https://www.retailere.co.uk/products/compact-humidifier-225
16/02/2024,16/02/2024 08:23,SCR-B9139C626E57,Retailer-E,RET-PROD-017,Compact Humidifier 225,Home,137.86,183.95,Was,Winter Sale,https://www.retailere.co.uk/products/compact-humidifier-225
17/02/2024,17/02/2024 11:02,SCR-28DF9193D468,RETAILER E,RET-PROD-017,Compact Humidifier 225,Home,137.86,183.95,,Winter Sale,https://www.retailere.co.uk/products/compact-humidifier-225
18/02/2024,18/02/2024 06:46,SCR-24B13B840F9F,Retailer-E,RET-PROD-017,Compact Humidifier 225,Home,137.86,183.95,,Winter Sale,https://www.retailere.co.uk/products/compact-humidifier-225
19/02/2024,19/02/2024 11:46,SCR-119B158CC042,RETAILER E,RET-PROD-017,Compact Humidifier 225,Home,137.86,,,Winter Sale,https://www.retailere.co.uk/products/compact-humidifier-225
20/02/2024,20/02/2024 22:56,SCR-3AFBB0278B7E,Retailer E,RET-PROD-017,Compact Humidifier 225,Home,137.86,183.95,Was,Winter Sale,https://www.retailere.co.uk/products/compact-humidifier-225
21/02/2024,21/02/2024 18:04,SCR-2BC82A3C023A,Retailer E,RET-PROD-017,Compact Humidifier 225,Home,137.86,183.95,,Winter Sale,https://www.retailere.co.uk/products/compact-humidifier-225
22/02/2024,22/02/2024 17:13,SCR-F10B684781C6,Retailer E,RET-PROD-017,Compact Humidifier 225,Home,137.86,183.95,Was:,Winter Sale,https://www.retailere.co.uk/products/compact-humidifier-225
23/02/2024,23/02/2024 09:32,SCR-6A44A847FD6D,Retailer E,RET-PROD-017,Compact Humidifier 225,Home,137.86,183.95,Was,Winter Sale,https://www.retailere.co.uk/products/compact-humidifier-225
24/02/2024,24/02/2024 16:17,SCR-150C7A4CAB4B,Retailer-E,RET-PROD-017,Compact Humidifier 225,Home,137.86,183.95,Was,Winter Sale,https://www.retailere.co.uk/products/compact-humidifier-225
25/02/2024,25/02/2024 17:10,SCR-6C2F7AFBE1E5,Ret. E,RET-PROD-017,Compact Humidifier 225,Home,137.86,183.95,,Winter Sale,https://www.retailere.co.uk/products/compact-humidifier-225
26/02/2024,26/02/2024 22:28,SCR-C353DAF8D38D,RETAILER E,RET-PROD-017,Compact Humidifier 225,Home,137.86,,,Winter Sale,https://www.retailere.co.uk/products/compact-humidifier-225
27/02/2024,27/02/2024 06:07,SCR-EE6CCBDB87AB,retailer e,RET-PROD-017,Compact Humidifier 225,Home,137.86,,,,https://www.retailere.co.uk/products/compact-humidifier-225
28/02/2024,28/02/2024 12:41,SCR-B8A2D00D578D,Ret. E,RET-PROD-017,Compact Humidifier 225,Home,137.86,,,,https://www.retailere.co.uk/products/compact-humidifier-225
29/02/2024,29/02/2024 14:37,SCR-1007A74F4A1A,Retailer E,RET-PROD-017,Compact Humidifier 225,Home,137.86,,,,https://www.retailere.co.uk/products/compact-humidifier-225
01/03/2024,01/03/2024 10:48,SCR-93216449D5DA,Ret. E,RET-PROD-017,Compact Humidifier 225,Home,137.86,,,,https://www.retailere.co.uk/products/compact-humidifier-225
02/03/2024,02/03/2024 08:01,SCR-0E107A51E838,Retailer-E,RET-PROD-017,Compact Humidifier 225,Home,137.86,,,,https://www.retailere.co.uk/products/compact-humidifier-225
03/03/2024,03/03/2024 07:56,SCR-097FFF034F70,Retailer-E,RET-PROD-017,Compact Humidifier 225,Home,137.86,,,,https://www.retailere.co.uk/products/compact-humidifier-225
04/03/2024,04/03/2024 20:08,SCR-6094BB7F0D06,Retailer E,RET-PROD-017,Compact Humidifier 225,Home,137.86,,,,https://www.retailere.co.uk/products/compact-humidifier-225
05/03/2024,05/03/2024 10:17,SCR-CE6F7C05BB42,RETAILER E,RET-PROD-017,Compact Humidifier 225,Home,137.86,,,,https://www.retailere.co.uk/products/compact-humidifier-225
06/03/2024,06/03/2024 06:14,SCR-495649F3CD61,Ret. E,RET-PROD-017,Compact Humidifier 225,Home,137.86,,,,https://www.retailere.co.uk/products/compact-humidifier-225
07/03/2024,07/03/2024 17:12,SCR-B0E0DAF82403,RETAILER E,RET-PROD-017,Compact Humidifier 225,Home,137.86,,,,https://www.retailere.co.uk/products/compact-humidifier-225
08/03/2024,08/03/2024 12:15,SCR-D15D8B160F73,Ret. E,RET-PROD-017,Compact Humidifier 225,Home,137.86,,,,https://www.retailere.co.uk/products/compact-humidifier-225
09/03/2024,09/03/2024 07:33,SCR-403163104E93,RETAILER E,RET-PROD-017,Compact Humidifier 225,Home,137.86,,,,https://www.retailere.co.uk/products/compact-humidifier-225
10/03/2024,10/03/2024 21:32,SCR-F49FAE7E8187,RETAILER E,RET-PROD-017,Compact Humidifier 225,Home,137.86,,,,https://www.retailere.co.uk/products/compact-humidifier-225
11/03/2024,11/03/2024 21:48,SCR-1F390BE356E9,retailer e,RET-PROD-017,Compact Humidifier 225,Home,137.86,,,,https://www.retailere.co.uk/products/compact-humidifier-225
12/03/2024,12/03/2024 17:31,SCR-F5EAC00BA7A2,Ret. E,RET-PROD-017,Compact Humidifier 225,Home,137.86,,,,https://www.retailere.co.uk/products/compact-humidifier-225
13/03/2024,13/03/2024 13:05,SCR-5D94F320D7DF,Retailer-E,RET-PROD-017,Compact Humidifier 225,Home,137.86,,,,https://www.retailere.co.uk/products/compact-humidifier-225
14/03/2024,14/03/2024 07:12,SCR-43EC4C3FF495,retailer e,RET-PROD-017,Compact Humidifier 225,Home,137.86,,,,https://www.retailere.co.uk/products/compact-humidifier-225
15/03/2024,15/03/2024 07:37,SCR-B3573251746D,Retailer-E,RET-PROD-017,Compact Humidifier 225,Home,137.86,,,,https://www.retailere.co.uk/products/compact-humidifier-225
16/03/2024,16/03/2024 17:58,SCR-434E1FB5FEE2,Retailer E,RET-PROD-017,Compact Humidifier 225,Home,137.86,,,,https://www.retailere.co.uk/products/compact-humidifier-225
17/03/2024,1710693608,SCR-DEED88BEE47B,Retailer-E,RET-PROD-017,Compact Humidifier 225,Home,137.86,,,,https://www.retailere.co.uk/products/compact-humidifier-225
18/03/2024,18/03/2024 18:15,SCR-0798A351B508,Retailer-E,RET-PROD-017,Compact Humidifier 225,Home,137.86,,,,https://www.retailere.co.uk/products/compact-humidifier-225
19/03/2024,19/03/2024 06:49,SCR-0971E4B95B07,Ret. E,RET-PROD-017,Compact Humidifier 225,home,137.86,,,,https://www.retailere.co.uk/products/compact-humidifier-225
20/03/2024,20/03/2024 11:50,SCR-A083F75BE72E,Retailer E,,Compact Humidifier 225,Home,137.86,,,,https://www.retailere.co.uk/products/compact-humidifier-225
21/03/2024,21/03/2024 19:02,SCR-7F8BEA2B5637,RETAILER E,RET-PROD-017,Compact Humidifier 225,Home,137.86,,,,https://www.retailere.co.uk/products/compact-humidifier-225
22/03/2024,22/03/2024 17:11,SCR-6895379B939C,retailer e,RET-PROD-017,Compact Humidifier 225,Home,137.86,,,,https://www.retailere.co.uk/products/compact-humidifier-225
23/03/2024,23/03/2024 19:58,SCR-4DDC9070854F,Ret. E,RET-PROD-017,Compact Humidifier 225,Home,£137.86,,,,https://www.retailere.co.uk/products/compact-humidifier-225
24/03/2024,24/03/2024 09:17,SCR-9F6D6048D42C,RETAILER E,RET-PROD-017,Compact Humidifier 225,Home,137.86,,,,https://www.retailere.co.uk/products/compact-humidifier-225
25/03/2024,25/03/2024 14:10,SCR-CDF632A21CBB,retailer e,RET-PROD-017,Compact Humidifier 225,Home,137.86,,,,https://www.retailere.co.uk/products/compact-humidifier-225
26/03/2024,26/03/2024 07:07,SCR-13E528C1E8D7,retailer e,RET-PROD-017,Compact Humidifier 225,Home,137.86,,,,https://www.retailere.co.uk/products/compact-humidifier-225
27/03/2024,27/03/2024 07:30,SCR-02BF1DD2E783,retailer e,RET-PROD-017,Compact Humidifier 225,Home,137.86,,,,https://www.retailere.co.uk/products/compact-humidifier-225
28/03/2024,28/03/2024 08:26,SCR-AABA9A0CDF54,Retailer E,RET-PROD-017,Compact Humidifier 225,Home,137.86,,,,https://www.retailere.co.uk/products/compact-humidifier-225
29/03/2024,29/03/2024 10:14,SCR-526F83E6AE6D,retailer e,RET-PROD-017,Compact Humidifier 225,Home,137.86,,,,https://www.retailere.co.uk/products/compact-humidifier-225
30/03/2024,30/03/2024 11:39,SCR-56A147E78A85,Ret. E,RET-PROD-017,,Home,137.86,,,,https://www.retailere.co.uk/products/compact-humidifier-225
01/01/2024,01/01/2024 11:20,SCR-3279C8B1C9D4,retailer e,RET-PROD-018,Ultra Dishwasher 807,Appliances,355.89,,,,https://www.retailere.co.uk/products/ultra-dishwasher-807
02/01/2024,02/01/2024 16:52,SCR-854E99043A8B,Retailer-E,RET-PROD-018,Ultra Dishwasher 807,Appliances,£355.89,,,,https://www.retailere.co.uk/products/ultra-dishwasher-807
03/01/2024,03/01/2024 08:58,SCR-643DAFFD770A,RETAILER E,RET-PROD-018,Ultra Dishwasher 807,Appliances,355.89,,,,https://www.retailere.co.uk/products/ultra-dishwasher-807
04/01/2024,04/01/2024 13:16,SCR-F46117556546,RETAILER E,RET-PROD-018,Ultra Dishwasher 807,Appliances,355.89,,,,https://www.retailere.co.uk/products/ultra-dishwasher-807
05/01/2024,05/01/2024 17:02,SCR-288F629E15A8,RETAILER E,RET-PROD-018,Ultra Dishwasher 807,Appliances,355.89,,,,https://www.retailere.co.uk/products/ultra-dishwasher-807
06/01/2024,06/01/2024 07:06,SCR-766E750534A9,Retailer-E,RET-PROD-018,Ultra Dishwasher 807,Appliances,355.89,,,,https://www.retailere.co.uk/products/ultra-dishwasher-807
07/01/2024,07/01/2024 10:33,SCR-04A955485D45,retailer e,RET-PROD-018,Ultra Dishwasher 807,Appliances,355.89,,,,https://www.retailere.co.uk/products/ultra-dishwasher-807
08/01/2024,08/01/2024 06:04,SCR-3E9B84AFDF5F,Retailer E,RET-PROD-018,Ultra Dishwasher 807,Appliances,355.89,,,,https://www.retailere.co.uk/products/ultra-dishwasher-807
09/01/2024,09/01/2024 11:04,SCR-4F8ED50FEA97,Ret. E,RET-PROD-018,Ultra Dishwasher 807,Appliances,355.89,,,,https://www.retailere.co.uk/products/ultra-dishwasher-807
10/01/2024,10/01/2024 20:20,SCR-F5D373A6D395,RETAILER E,RET-PROD-018,Ultra Dishwasher 807,Appliances,355.89,,,,https://www.retailere.co.uk/products/ultra-dishwasher-807
11/01/2024,11/01/2024 14:11,SCR-3348FB35B67B,retailer e,RET-PROD-018,Ultra Dishwasher 807,Appliances,355.89,,,,https://www.retailere.co.uk/products/ultra-dishwasher-807
12/01/2024,12/01/2024 11:57,SCR-1B72A94A85A9,Ret. E,RET-PROD-018,Ultra Dishwasher 807,Appliances,355.89,,,,https://www.retailere.co.uk/products/ultra-dishwasher-807
13/01/2024,13/01/2024 21:57,SCR-A992199BA9D0,Retailer E,RET-PROD-018,Ultra Dishwasher 807,WHITE GOODS,355.89,,,,https://www.retailere.co.uk/products/ultra-dishwasher-807
14/01/2024,14/01/2024 08:38,SCR-1EE2884D59F7,RETAILER E,RET-PROD-018,Ultra Dishwasher 807,Appliances,355.89,,,,https://www.retailere.co.uk/products/ultra-dishwasher-807
15/01/2024,15/01/2024 15:42,SCR-03F33DD0EF40,Ret. E,RET-PROD-018,Ultra Dishwasher 807,Appliances,355.89,,,,https://www.retailere.co.uk/products/ultra-dishwasher-807
16/01/2024,16/01/2024 09:29,SCR-89767B7AE15E,Retailer-E,RET-PROD-018,Ultra Dishwasher 807,Appliances,355.89,,,,https://www.retailere.co.uk/products/ultra-dishwasher-807
17/01/2024,17/01/2024 08:19,SCR-125E1EC9418F,RETAILER E,RET-PROD-018,Ultra Dishwasher 807,APPLIANCES,355.89,,,,https://www.retailere.co.uk/products/ultra-dishwasher-807
18/01/2024,18/01/2024 16:39,SCR-0742CE603492,Retailer E,RET-PROD-018,Ultra Dishwasher 807,Appliances,355.89,,,,https://www.retailere.co.uk/products/ultra-dishwasher-807
19/01/2024,19/01/2024 06:16,SCR-060C68149EEC,Retailer E,RET-PROD-018,Ultra Dishwasher 807,white goods,355.89,,,,https://www.retailere.co.uk/products/ultra-dishwasher-807
20/01/2024,20/01/2024 08:11,SCR-A545C8923C0D,Retailer E,,Ultra Dishwasher 807,Appliances,355.89,,,,https://www.retailere.co.uk/products/ultra-dishwasher-807
21/01/2024,21/01/2024 06:37,SCR-AE3765E83B80,Ret. E,RET-PROD-018,Ultra Dishwasher 807,Appliances,355.89,,,,https://www.retailere.co.uk/products/ultra-dishwasher-807
22/01/2024,22/01/2024 06:05,SCR-0433FC663734,RETAILER E,RET-PROD-018,Ultra Dishwasher 807,Appliances,257.3,,,,https://www.retailere.co.uk/products/ultra-dishwasher-807
23/01/2024,23/01/2024 13:21,SCR-0997C7D87016,RETAILER E,RET-PROD-018,Ultra Dishwasher 807,Appliances,257.3,,,,https://www.retailere.co.uk/products/ultra-dishwasher-807
24/01/2024,24/01/2024 18:34,SCR-702BDB75AF7D,Ret. E,,Ultra Dishwasher 807,Appliances,257.3,,,,https://www.retailere.co.uk/products/ultra-dishwasher-807
25/01/2024,25/01/2024 10:29,SCR-882D413FC53D,RETAILER E,RET-PROD-018,Ultra Dishwasher 807,Appliances,257.3,,,,https://www.retailere.co.uk/products/ultra-dishwasher-807
26/01/2024,26/01/2024 12:45,SCR-A8A6D58ABC23,Retailer-E,RET-PROD-018,Ultra Dishwasher 807,Appliances,257.3,,,,https://www.retailere.co.uk/products/ultra-dishwasher-807
27/01/2024,27/01/2024 20:28,SCR-C7DC7CC91560,RETAILER E,RET-PROD-018,Ultra Dishwasher 807,Appliances,257.3,,,,https://www.retailere.co.uk/products/ultra-dishwasher-807
28/01/2024,28/01/2024 08:56,SCR-55A731319500,Retailer E,RET-PROD-018,Ultra Dishwasher 807,Appliances,257.3,,,,https://www.retailere.co.uk/products/ultra-dishwasher-807
29/01/2024,29/01/2024 13:15,SCR-CDB57FA16C21,retailer e,RET-PROD-018,Ultra Dishwasher 807,Appliances,257.3,,,,https://www.retailere.co.uk/products/ultra-dishwasher-807
30/01/2024,30/01/2024 07:43,SCR-0D8604753A3D,Retailer-E,RET-PROD-018,Ultra Dishwasher 807,Appliances,257.3,,,,https://www.retailere.co.uk/products/ultra-dishwasher-807
31/01/2024,31/01/2024 21:03,SCR-5E640CED8D46,Retailer E,RET-PROD-018,Ultra Dishwasher 807,Appliances,257.3,,,,https://www.retailere.co.uk/products/ultra-dishwasher-807
01/02/2024,01/02/2024 14:35,SCR-63ECA441A009,Retailer E,RET-PROD-018,Ultra Dishwasher 807,Appliances,257.3,,,,https://www.retailere.co.uk/products/ultra-dishwasher-807
02/02/2024,02/02/2024 07:56,SCR-C50B88734814,Retailer E,RET-PROD-018,Ultra Dishwasher 807,Appliances,£257.30,,,,https://www.retailere.co.uk/products/ultra-dishwasher-807
03/02/2024,03/02/2024 15:32,SCR-D084C1812895,Retailer-E,RET-PROD-018,Ultra Dishwasher 807,Appliances,257.3,,,,https://www.retailere.co.uk/products/ultra-dishwasher-807
04/02/2024,04/02/2024 13:17,SCR-B8E09801B9BB,Ret. E,RET-PROD-018,Ultra Dishwasher 807,Appliances,257.3,,,,https://www.retailere.co.uk/products/ultra-dishwasher-807
05/02/2024,05/02/2024 09:44,SCR-9DEB7F1BD307,Retailer E,RET-PROD-018,Ultra Dishwasher 807,Appliances,257.3,,,,https://www.retailere.co.uk/products/ultra-dishwasher-807
06/02/2024,06/02/2024 07:05,SCR-24EAA81686D1,Retailer E,RET-PROD-018,Ultra Dishwasher 807,Appliances,257.3,,,,https://www.retailere.co.uk/products/ultra-dishwasher-807
07/02/2024,07/02/2024 11:00,SCR-8576848D5ADE,retailer e,RET-PROD-018,Ultra Dishwasher 807,Appliances,257.3,,,,https://www.retailere.co.uk/products/ultra-dishwasher-807
08/02/2024,08/02/2024 19:42,SCR-4FCA055C644A,RETAILER E,RET-PROD-018,Ultra Dishwasher 807,Appliances,257.3,,,,https://www.retailere.co.uk/products/ultra-dishwasher-807
09/02/2024,09/02/2024 15:36,SCR-AADFE519D054,Retailer-E,RET-PROD-018,Ultra Dishwasher 807,Appliances,257.3,,,,https://www.retailere.co.uk/products/ultra-dishwasher-807
10/02/2024,10/02/2024 21:24,SCR-8E3D70218133,Retailer-E,RET-PROD-018,Ultra Dishwasher 807,Appliances,257.3,,,,https://www.retailere.co.uk/products/ultra-dishwasher-807
11/02/2024,11/02/2024 21:30,SCR-ED0A83EA914F,Retailer-E,RET-PROD-018,Ultra Dishwasher 807,Appliances,257.3,,,,https://www.retailere.co.uk/products/ultra-dishwasher-807
12/02/2024,12/02/2024 07:56,SCR-09A2EB32AEDB,retailer e,,Ultra Dishwasher 807,Appliances,257.3,,,,https://www.retailere.co.uk/products/ultra-dishwasher-807
13/02/2024,13/02/2024 17:01,SCR-DFA425917B91,retailer e,RET-PROD-018,Ultra Dishwasher 807,Appliances,257.3,,,,https://www.retailere.co.uk/products/ultra-dishwasher-807
14/02/2024,14/02/2024 13:22,SCR-C4A407A3A7E6,retailer e,RET-PROD-018,Ultra Dishwasher 807,Appliances,257.3,,,,https://www.retailere.co.uk/products/ultra-dishwasher-807
15/02/2024,15/02/2024 11:31,SCR-57D565C6AC43,retailer e,RET-PROD-018,Ultra Dishwasher 807,Appliances,257.3,,,,https://www.retailere.co.uk/products/ultra-dishwasher-807
16/02/2024,16/02/2024 19:17,SCR-1925D8FBE8EB,Retailer-E,RET-PROD-018,Ultra Dishwasher 807,Appliances,257.3,,,,https://www.retailere.co.uk/products/ultra-dishwasher-807
17/02/2024,17/02/2024 09:20,SCR-CF8CFFBB992C,RETAILER E,RET-PROD-018,Ultra Dishwasher 807,Appliances,257.3,,,,https://www.retailere.co.uk/products/ultra-dishwasher-807
18/02/2024,18/02/2024 12:09,SCR-E6D016F008D2,Retailer-E,RET-PROD-018,Ultra Dishwasher 807,Appliances,257.3,,,,https://www.retailere.co.uk/products/ultra-dishwasher-807
19/02/2024,19/02/2024 17:30,SCR-0CC41FFF26F2,Retailer E,RET-PROD-018,Ultra Dishwasher 807,Appliances,257.3,,,,https://www.retailere.co.uk/products/ultra-dishwasher-807
20/02/2024,20/02/2024 20:47,SCR-2510BD064BFB,Ret. E,RET-PROD-018,Ultra Dishwasher 807,Appliances,257.3,,,,https://www.retailere.co.uk/products/ultra-dishwasher-807
21/02/2024,21/02/2024 21:46,SCR-09AF395CECC8,RETAILER E,RET-PROD-018,Ultra Dishwasher 807,Appliances,257.3,,,,https://www.retailere.co.uk/products/ultra-dishwasher-807
22/02/2024,22/02/2024 21:01,SCR-6D70842F661C,retailer e,RET-PROD-018,Ultra Dishwasher 807,Appliances,257.3,,,,https://www.retailere.co.uk/products/ultra-dishwasher-807
23/02/2024,23/02/2024 21:02,SCR-665B5B3E98BF,Retailer E,RET-PROD-018,Ultra Dishwasher 807,Appliances,257.3,,,,https://www.retailere.co.uk/products/ultra-dishwasher-807
24/02/2024,24/02/2024 09:29,SCR-79301E68FFFE,retailer e,RET-PROD-018,Ultra Dishwasher 807,WHITE GOODS,257.3,,,,https://www.retailere.co.uk/products/ultra-dishwasher-807
25/02/2024,25/02/2024 15:33,SCR-C0D1866DDEE5,retailer e,RET-PROD-018,Ultra Dishwasher 807,Appliances,257.3,,,,https://www.retailere.co.uk/products/ultra-dishwasher-807
26/02/2024,26/02/2024 15:40,SCR-19BDA9F17604,RETAILER E,RET-PROD-018,Ultra Dishwasher 807,Appliances,257.3,,,,https://www.retailere.co.uk/products/ultra-dishwasher-807
27/02/2024,27/02/2024 20:19,SCR-3058CCE31172,Ret. E,RET-PROD-018,Ultra Dishwasher 807,appliances,257.3,,,,https://www.retailere.co.uk/products/ultra-dishwasher-807
28/02/2024,28/02/2024 10:35,SCR-637496A5798A,retailer e,RET-PROD-018,Ultra Dishwasher 807,Appliances,257.3,,,,https://www.retailere.co.uk/products/ultra-dishwasher-807
29/02/2024,29/02/2024 08:18,SCR-8F7225298624,RETAILER E,RET-PROD-018,Ultra Dishwasher 807,Appliances,257.3,,,,https://www.retailere.co.uk/products/ultra-dishwasher-807
01/03/2024,01/03/2024 15:41,SCR-BFE9FEF530AA,retailer e,RET-PROD-018,Ultra Dishwasher 807,Appliances,257.3,,,,https://www.retailere.co.uk/products/ultra-dishwasher-807
02/03/2024,02/03/2024 12:08,SCR-2B2314FE288D,Ret. E,RET-PROD-018,Ultra Dishwasher 807,Appliances,257.3,,,,https://www.retailere.co.uk/products/ultra-dishwasher-807
03/03/2024,03/03/2024 06:53,SCR-028203CD5E4E,RETAILER E,,Ultra Dishwasher 807,Appliances,257.3,,,,https://www.retailere.co.uk/products/ultra-dishwasher-807
04/03/2024,04/03/2024 20:51,SCR-B56196581D3A,Retailer E,RET-PROD-018,Ultra Dishwasher 807,Appliances,257.3,,,,https://www.retailere.co.uk/products/ultra-dishwasher-807
05/03/2024,05/03/2024 12:30,SCR-34C3D9411912,Retailer E,RET-PROD-018,Ultra Dishwasher 807,Appliances,257.3,,,,https://www.retailere.co.uk/products/ultra-dishwasher-807
06/03/2024,06/03/2024 16:00,SCR-518B01DCAACF,RETAILER E,RET-PROD-018,Ultra Dishwasher 807,Appliances,257.3,,,,https://www.retailere.co.uk/products/ultra-dishwasher-807
07/03/2024,07/03/2024 14:27,SCR-DBECFAA00B02,Retailer-E,RET-PROD-018,Ultra Dishwasher 807,Appliances,257.3,,,,https://www.retailere.co.uk/products/ultra-dishwasher-807
08/03/2024,08/03/2024 06:17,SCR-6F9FA120EF0F,Retailer-E,RET-PROD-018,Ultra Dishwasher 807,Appliances,257.3,,,,https://www.retailere.co.uk/products/ultra-dishwasher-807
09/03/2024,09/03/2024 14:55,SCR-25A52C52CB1E,Retailer-E,RET-PROD-018,Ultra Dishwasher 807,Appliances,257.3,,,,https://www.retailere.co.uk/products/ultra-dishwasher-807
10/03/2024,10/03/2024 14:12,SCR-FFD57EE99837,RETAILER E,RET-PROD-018,Ultra Dishwasher 807,Appliances,190.16,355.89,Was,Flash Sale,https://www.retailere.co.uk/products/ultra-dishwasher-807
11/03/2024,11/03/2024 22:32,SCR-A01C3EA38197,Ret. E,RET-PROD-018,Ultra Dishwasher 807,Appliances,190.16,355.89,Was,Flash Sale,https://www.retailere.co.uk/products/ultra-dishwasher-807
12/03/2024,12/03/2024 14:26,SCR-E8531E399F87,Retailer-E,RET-PROD-018,Ultra Dishwasher 807,Appliances,190.16,355.89,Was,Flash Sale,https://www.retailere.co.uk/products/ultra-dishwasher-807
13/03/2024,13/03/2024 20:08,SCR-65305B013275,retailer e,RET-PROD-018,Ultra Dishwasher 807,Appliances,190.16,355.89,Was,Flash Sale,https://www.retailere.co.uk/products/ultra-dishwasher-807
14/03/2024,14/03/2024 10:58,SCR-A17ACA326E6B,Ret. E,RET-PROD-018,Ultra Dishwasher 807,Appliances,190.16,355.89,Was,Flash Sale,https://www.retailere.co.uk/products/ultra-dishwasher-807
15/03/2024,15/03/2024 10:44,SCR-F5DDA3ABAE72,Retailer E,RET-PROD-018,Ultra Dishwasher 807,Appliances,190.16,355.89,Was,Flash Sale,https://www.retailere.co.uk/products/ultra-dishwasher-807
16/03/2024,16/03/2024 20:04,SCR-B4C033A1B57A,Retailer-E,RET-PROD-018,,Appliances,190.16,355.89,Was,Flash Sale,https://www.retailere.co.uk/products/ultra-dishwasher-807
17/03/2024,17/03/2024 07:41,SCR-30E11A03275A,Retailer E,RET-PROD-018,Ultra Dishwasher 807,Appliances,190.16,355.89,Was,Flash Sale,https://www.retailere.co.uk/products/ultra-dishwasher-807
18/03/2024,18/03/2024 20:04,SCR-B33AA380ED5E,Ret. E,RET-PROD-018,Ultra Dishwasher 807,Appliances,190.16,355.89,Was,Flash Sale,https://www.retailere.co.uk/products/ultra-dishwasher-807
19/03/2024,19/03/2024 13:31,SCR-E659F75BA11C,Retailer-E,RET-PROD-018,Ultra Dishwasher 807,Appliances,£190.16,355.89,Was,Flash Sale,https://www.retailere.co.uk/products/ultra-dishwasher-807
20/03/2024,20/03/2024 06:52,SCR-1F981DF1F96F,Retailer-E,RET-PROD-018,Ultra Dishwasher 807,Appliances,190.16,355.89,Was,Flash Sale,https://www.retailere.co.uk/products/ultra-dishwasher-807
21/03/2024,21/03/2024 13:30,SCR-5996A3911F40,Retailer-E,RET-PROD-018,Ultra Dishwasher 807,Appliances,190.16,,,Flash Sale,https://www.retailere.co.uk/products/ultra-dishwasher-807
22/03/2024,22/03/2024 20:30,SCR-A59ACC0845F1,retailer e,RET-PROD-018,Ultra Dishwasher 807,WHITE GOODS,190.16,355.89,Previously,Flash Sale,https://www.retailere.co.uk/products/ultra-dishwasher-807
23/03/2024,23/03/2024 19:39,SCR-3A6755A9D299,Retailer E,RET-PROD-018,Ultra Dishwasher 807,Appliances,190.16,355.89,Was,Flash Sale,https://www.retailere.co.uk/products/ultra-dishwasher-807
24/03/2024,24/03/2024 15:30,SCR-83AAF64B45EA,Retailer E,RET-PROD-018,Ultra Dishwasher 807,Appliances,190.16,,,Flash Sale,https://www.retailere.co.uk/products/ultra-dishwasher-807
25/03/2024,25/03/2024 14:17,SCR-6742F01D7968,Retailer E,RET-PROD-018,Ultra Dishwasher 807,Appliances,,355.89,Orig.,Flash Sale,https://www.retailere.co.uk/products/ultra-dishwasher-807
26/03/2024,26/03/2024 13:37,SCR-1B36F4218C36,retailer e,RET-PROD-018,Ultra Dishwasher 807,Appliances,190.16,,,Flash Sale,https://www.retailere.co.uk/products/ultra-dishwasher-807
27/03/2024,27/03/2024 18:03,SCR-CCD9BD2E1298,Ret. E,RET-PROD-018,Ultra Dishwasher 807,Appliances,190.16,355.89,Was,Flash Sale,https://www.retailere.co.uk/products/ultra-dishwasher-807
28/03/2024,28/03/2024 10:51,SCR-588EFF27DC6B,Retailer-E,RET-PROD-018,,Appliances,190.16,,,Flash Sale,https://www.retailere.co.uk/products/ultra-dishwasher-807
29/03/2024,29/03/2024 10:39,SCR-D2D3CCDB2561,retailer e,RET-PROD-018,Ultra Dishwasher 807,Appliances,190.16,355.89,Was,Flash Sale,https://www.retailere.co.uk/products/ultra-dishwasher-807
30/03/2024,30/03/2024 11:09,SCR-7785D6C929D6,RETAILER E,RET-PROD-018,Ultra Dishwasher 807,Appliances,190.16,355.89,Was,Flash Sale,https://www.retailere.co.uk/products/ultra-dishwasher-807
01/01/2024,01/01/2024 15:59,SCR-DE49007D5A39,Retailer C,RET-PROD-019,Compact Tablet 801,,£1028.51,,,,https://www.retailerc.co.uk/products/compact-tablet-801
02/01/2024,02/01/2024 11:26,SCR-6EA383981DCE,retailer c,RET-PROD-019,Compact Tablet 801,Computing,1028.51,,,,https://www.retailerc.co.uk/products/compact-tablet-801
03/01/2024,,SCR-294E764681C6,retailer c,RET-PROD-019,Compact Tablet 801,Computing,1028.51,,,,https://www.retailerc.co.uk/products/compact-tablet-801
04/01/2024,04/01/2024 09:02,SCR-5ACC1E125636,Ret C,RET-PROD-019,Compact Tablet 801,Computing,1028.51,,,,https://www.retailerc.co.uk/products/compact-tablet-801
05/01/2024,05/01/2024 12:06,SCR-D1104C88B7FF,RETAILER C,RET-PROD-019,Compact Tablet 801,Computing,1028.51,,,,https://www.retailerc.co.uk/products/compact-tablet-801
06/01/2024,06/01/2024 11:01,SCR-48EB636BB70E,Retailer C,RET-PROD-019,Compact Tablet 801,Computing,1028.51,,,,https://www.retailerc.co.uk/products/compact-tablet-801
07/01/2024,07/01/2024 18:15,SCR-4838A10CAAE8,Ret C,RET-PROD-019,Compact Tablet 801,Computing,1028.51,,,,https://www.retailerc.co.uk/products/compact-tablet-801
08/01/2024,08/01/2024 19:02,SCR-58A09F8D280A,RETAILER C,,Compact Tablet 801,Computing,1028.51,,,,https://www.retailerc.co.uk/products/compact-tablet-801
09/01/2024,09/01/2024 15:38,SCR-AF90A2AD0823,RETAILER C,RET-PROD-019,Compact Tablet 801,Computing,1028.51,,,,https://www.retailerc.co.uk/products/compact-tablet-801
10/01/2024,10/01/2024 06:09,SCR-8E505170201A,Retailer C,RET-PROD-019,Compact Tablet 801,Computing,1028.51,,,,https://www.retailerc.co.uk/products/compact-tablet-801
11/01/2024,11/01/2024 19:17,SCR-07587F592B6D,Ret C,RET-PROD-019,Compact Tablet 801,Computing,1028.51,,,,https://www.retailerc.co.uk/products/compact-tablet-801
12/01/2024,1705093261,SCR-464905A275BE,Retailer C,RET-PROD-019,Compact Tablet 801,Computing,1028.51,,,,https://www.retailerc.co.uk/products/compact-tablet-801
13/01/2024,13/01/2024 19:15,SCR-60CE751EC28A,Retailer C,RET-PROD-019,Compact Tablet 801,COMPUTING,1028.51,,,,https://www.retailerc.co.uk/products/compact-tablet-801
14/01/2024,14/01/2024 19:20,SCR-584D8CEA05A8,retailer c,RET-PROD-019,Compact Tablet 801,Computing,1028.51,,,,https://www.retailerc.co.uk/products/compact-tablet-801
15/01/2024,15/01/2024 10:43,SCR-18BA167D16CA,Retailer  C,RET-PROD-019,,Computing,1028.51,,,,https://www.retailerc.co.uk/products/compact-tablet-801
16/01/2024,16/01/2024 19:04,SCR-A803671D038C,Retailer C,RET-PROD-019,Compact Tablet 801,COMPUTING,£1028.51,,,,https://www.retailerc.co.uk/products/compact-tablet-801
17/01/2024,17/01/2024 11:28,SCR-72E53957D3E4,Retailer  C,RET-PROD-019,Compact Tablet 801,Computing,1028.51,,,,https://www.retailerc.co.uk/products/compact-tablet-801
18/01/2024,18/01/2024 22:48,SCR-896379219978,Ret C,RET-PROD-019,Compact Tablet 801,Computing,1028.51,,,,https://www.retailerc.co.uk/products/compact-tablet-801
19/01/2024,19/01/2024 13:47,SCR-89CEFF60A73A,retailer c,RET-PROD-019,Compact Tablet 801,Computing,1028.51,,,,https://www.retailerc.co.uk/products/compact-tablet-801
20/01/2024,20/01/2024 12:22,SCR-C0EF8444A530,retailer c,RET-PROD-019,Compact Tablet 801,Computing,1028.51,,,,https://www.retailerc.co.uk/products/compact-tablet-801
21/01/2024,21/01/2024 13:48,SCR-50DAE8942AE6,Ret C,,Compact Tablet 801,Computing,1028.51,,,,https://www.retailerc.co.uk/products/compact-tablet-801
22/01/2024,22/01/2024 21:10,SCR-B6E2AC377097,retailer c,RET-PROD-019,Compact Tablet 801,Computing,1028.51,,,,https://www.retailerc.co.uk/products/compact-tablet-801
23/01/2024,23/01/2024 15:17,SCR-DDC2AA214228,Retailer  C,RET-PROD-019,Compact Tablet 801,Computing,1028.51,,,,https://www.retailerc.co.uk/products/compact-tablet-801
24/01/2024,24/01/2024 17:04,SCR-22FBEFBCC628,Retailer  C,RET-PROD-019,Compact Tablet 801,Computing,1028.51,,,,https://www.retailerc.co.uk/products/compact-tablet-801
25/01/2024,25/01/2024 15:32,SCR-84DB3B186D7E,RETAILER C,,Compact Tablet 801,Computing,1028.51,,,,https://www.retailerc.co.uk/products/compact-tablet-801
26/01/2024,26/01/2024 18:13,SCR-A65CF40B4641,Retailer C,RET-PROD-019,,Computing,1028.51,,,,https://www.retailerc.co.uk/products/compact-tablet-801
27/01/2024,27/01/2024 18:47,SCR-346727359B6D,Retailer  C,RET-PROD-019,Compact Tablet 801,Computing,1028.51,,,,https://www.retailerc.co.uk/products/compact-tablet-801
28/01/2024,28/01/2024 14:17,SCR-FCC1C3DFBFB0,Ret C,RET-PROD-019,Compact Tablet 801,Computing,1028.51,,,,https://www.retailerc.co.uk/products/compact-tablet-801
29/01/2024,29/01/2024 06:57,SCR-D6E84C11B6B9,RETAILER C,RET-PROD-019,Compact Tablet 801,Computing,1028.51,,,,https://www.retailerc.co.uk/products/compact-tablet-801
30/01/2024,30/01/2024 16:22,SCR-7BF7B9C15358,retailer c,RET-PROD-019,Compact Tablet 801,Computing,1028.51,,,,https://www.retailerc.co.uk/products/compact-tablet-801
31/01/2024,31/01/2024 19:13,SCR-2CED3612A9B6,retailer c,RET-PROD-019,Compact Tablet 801,Computing,1028.51,,,,https://www.retailerc.co.uk/products/compact-tablet-801
01/02/2024,01/02/2024 18:20,SCR-64D0C0AD32AA,Ret C,RET-PROD-019,Compact Tablet 801,Computing,1028.51,,,,https://www.retailerc.co.uk/products/compact-tablet-801
02/02/2024,02/02/2024 20:54,SCR-322552AB9186,retailer c,RET-PROD-019,Compact Tablet 801,computers,1028.51,,,,https://www.retailerc.co.uk/products/compact-tablet-801
03/02/2024,03/02/2024 15:23,SCR-4554B0259D70,RETAILER C,RET-PROD-019,Compact Tablet 801,,1028.51,,,,https://www.retailerc.co.uk/products/compact-tablet-801
04/02/2024,04/02/2024 16:58,SCR-F5455DC9CAF0,Ret C,RET-PROD-019,Compact Tablet 801,Computing,1028.51,,,,https://www.retailerc.co.uk/products/compact-tablet-801
05/02/2024,05/02/2024 15:44,SCR-8660F42DE7EA,Retailer C,RET-PROD-019,Compact Tablet 801,Computing,1028.51,,,,https://www.retailerc.co.uk/products/compact-tablet-801
06/02/2024,06/02/2024 19:36,SCR-EBCC4C2A3317,retailer c,RET-PROD-019,Compact Tablet 801,Computing,,,,,https://www.retailerc.co.uk/products/compact-tablet-801
07/02/2024,07/02/2024 10:31,SCR-3B50EE1CE5AA,retailer c,RET-PROD-019,Compact Tablet 801,Computing,1028.51,,,,https://www.retailerc.co.uk/products/compact-tablet-801
08/02/2024,1707415679,SCR-430ABF675F57,Ret C,RET-PROD-019,Compact Tablet 801,Computing,1028.51,,,,https://www.retailerc.co.uk/products/compact-tablet-801
09/02/2024,09/02/2024 22:26,SCR-B44156B726FE,Retailer  C,RET-PROD-019,Compact Tablet 801,Computing,1028.51,,,,https://www.retailerc.co.uk/products/compact-tablet-801
10/02/2024,10/02/2024 18:54,SCR-61F1FF128C73,RETAILER C,RET-PROD-019,Compact Tablet 801,Computing,1028.51,,,,https://www.retailerc.co.uk/products/compact-tablet-801
11/02/2024,11/02/2024 08:04,SCR-136B493E2515,RETAILER C,RET-PROD-019,Compact Tablet 801,Computing,1028.51,,,,https://www.retailerc.co.uk/products/compact-tablet-801
12/02/2024,12/02/2024 19:31,SCR-176DF74033BA,RETAILER C,RET-PROD-019,Compact Tablet 801,Computing,,,,,https://www.retailerc.co.uk/products/compact-tablet-801
13/02/2024,13/02/2024 20:50,SCR-1D67B8627086,Ret C,RET-PROD-019,Compact Tablet 801,Computing,1028.51,,,,https://www.retailerc.co.uk/products/compact-tablet-801
14/02/2024,14/02/2024 12:47,SCR-9971BD0ACC1E,retailer c,RET-PROD-019,Compact Tablet 801,Computing,1028.51,,,,https://www.retailerc.co.uk/products/compact-tablet-801
15/02/2024,15/02/2024 13:40,SCR-B0C5CFCA47AB,RETAILER C,RET-PROD-019,Compact Tablet 801,COMPUTING,1028.51,,,,https://www.retailerc.co.uk/products/compact-tablet-801
16/02/2024,16/02/2024 08:22,SCR-51815440FF63,RETAILER C,RET-PROD-019,Compact Tablet 801,Computing,1028.51,,,,https://www.retailerc.co.uk/products/compact-tablet-801
17/02/2024,17/02/2024 14:29,SCR-711389C167DB,RETAILER C,RET-PROD-019,Compact Tablet 801,Computing,1028.51,,,,https://www.retailerc.co.uk/products/compact-tablet-801
18/02/2024,18/02/2024 06:01,SCR-257F98869E07,RETAILER C,,Compact Tablet 801,Computing,1028.51,,,,https://www.retailerc.co.uk/products/compact-tablet-801
19/02/2024,19/02/2024 08:37,SCR-AA7349A48928,Retailer C,RET-PROD-019,Compact Tablet 801,Computing,1041.21,,,,https://www.retailerc.co.uk/products/compact-tablet-801
20/02/2024,20/02/2024 19:36,SCR-604F8D804F8B,Retailer  C,RET-PROD-019,Compact Tablet 801,Computing,1041.21,,,,https://www.retailerc.co.uk/products/compact-tablet-801
21/02/2024,21/02/2024 16:48,SCR-3A6E244C53CC,Ret C,RET-PROD-019,Compact Tablet 801,COMPUTERS,1041.21,,,,https://www.retailerc.co.uk/products/compact-tablet-801
22/02/2024,22/02/2024 11:20,SCR-0302C6D09E50,Retailer  C,RET-PROD-019,Compact Tablet 801,Computing,1041.21,,,,https://www.retailerc.co.uk/products/compact-tablet-801
23/02/2024,23/02/2024 15:32,SCR-3E37B4A28912,Ret C,RET-PROD-019,Compact Tablet 801,Computing,1041.21,,,,https://www.retailerc.co.uk/products/compact-tablet-801
24/02/2024,24/02/2024 09:08,SCR-B071AE0AB2E3,retailer c,RET-PROD-019,Compact Tablet 801,Computing,1041.21,,,,https://www.retailerc.co.uk/products/compact-tablet-801
25/02/2024,25/02/2024 14:25,SCR-6F6153CB9329,Ret C,RET-PROD-019,Compact Tablet 801,Computing,1041.21,,,,https://www.retailerc.co.uk/products/compact-tablet-801
26/02/2024,26/02/2024 22:09,SCR-AD1F43B95A23,RETAILER C,RET-PROD-019,Compact Tablet 801,Computing,1041.21,,,,https://www.retailerc.co.uk/products/compact-tablet-801
27/02/2024,27/02/2024 20:27,SCR-267488907DAE,Retailer  C,RET-PROD-019,Compact Tablet 801,Computing,1041.21,,,,https://www.retailerc.co.uk/products/compact-tablet-801
28/02/2024,28/02/2024 15:16,SCR-4C76CCB3B73A,Ret C,RET-PROD-019,Compact Tablet 801,Computing,1041.21,,,,https://www.retailerc.co.uk/products/compact-tablet-801
29/02/2024,29/02/2024 14:16,SCR-50B31FDDF266,Retailer C,RET-PROD-019,Compact Tablet 801,Computing,1041.21,,,,https://www.retailerc.co.uk/products/compact-tablet-801
01/03/2024,01/03/2024 19:56,SCR-5A7956072797,Retailer C,RET-PROD-019,,Computing,1041.21,,,,https://www.retailerc.co.uk/products/compact-tablet-801
02/03/2024,02/03/2024 21:30,SCR-4D802B8DEE85,retailer c,RET-PROD-019,Compact Tablet 801,Computing,1041.21,,,,https://www.retailerc.co.uk/products/compact-tablet-801
03/03/2024,03/03/2024 14:31,SCR-B72CF3DF12EF,retailer c,RET-PROD-019,Compact Tablet 801,Computing,1041.21,,,,https://www.retailerc.co.uk/products/compact-tablet-801
04/03/2024,04/03/2024 14:04,SCR-62E685575E79,Ret C,,Compact Tablet 801,Computing,1041.21,,,,https://www.retailerc.co.uk/products/compact-tablet-801
05/03/2024,05/03/2024 09:17,SCR-3378DFA5A583,RETAILER C,RET-PROD-019,,,1041.21,,,,https://www.retailerc.co.uk/products/compact-tablet-801
06/03/2024,06/03/2024 19:47,SCR-3D205472DF9B,Retailer  C,RET-PROD-019,Compact Tablet 801,Computing,1041.21,,,,https://www.retailerc.co.uk/products/compact-tablet-801
07/03/2024,07/03/2024 14:33,SCR-D817B4D3D6D6,Retailer C,RET-PROD-019,Compact Tablet 801,Computing,1041.21,,,,https://www.retailerc.co.uk/products/compact-tablet-801
08/03/2024,08/03/2024 11:10,SCR-7FF3E106978C,Retailer  C,RET-PROD-019,Compact Tablet 801,Computing,1041.21,,,,https://www.retailerc.co.uk/products/compact-tablet-801
09/03/2024,09/03/2024 08:13,SCR-6FAFDDF2FBF5,RETAILER C,RET-PROD-019,Compact Tablet 801,Computing,,,,,https://www.retailerc.co.uk/products/compact-tablet-801
10/03/2024,10/03/2024 13:16,SCR-DFCB8C6162B1,RETAILER C,RET-PROD-019,Compact Tablet 801,Computing,1041.21,,,,https://www.retailerc.co.uk/products/compact-tablet-801
11/03/2024,11/03/2024 12:08,SCR-3B0AF7F2958A,retailer c,RET-PROD-019,Compact Tablet 801,Computing,1041.21,,,,https://www.retailerc.co.uk/products/compact-tablet-801
12/03/2024,12/03/2024 10:43,SCR-018A3057403B,retailer c,RET-PROD-019,Compact Tablet 801,Computing,1041.21,,,,https://www.retailerc.co.uk/products/compact-tablet-801
13/03/2024,13/03/2024 07:02,SCR-1F8FC67810B4,Retailer C,RET-PROD-019,Compact Tablet 801,Computing,1041.21,,,,https://www.retailerc.co.uk/products/compact-tablet-801
14/03/2024,14/03/2024 19:37,SCR-A9E219F0BF10,Ret C,RET-PROD-019,Compact Tablet 801,Computing,1041.21,,,,https://www.retailerc.co.uk/products/compact-tablet-801
15/03/2024,15/03/2024 18:23,SCR-CC80A86086B8,retailer c,RET-PROD-019,Compact Tablet 801,Computing,1041.21,,,,https://www.retailerc.co.uk/products/compact-tablet-801
16/03/2024,16/03/2024 19:59,SCR-8A5A545D1570,RETAILER C,RET-PROD-019,Compact Tablet 801,Computing,1041.21,,,,https://www.retailerc.co.uk/products/compact-tablet-801
17/03/2024,17/03/2024 14:44,SCR-817225B430B3,Retailer C,RET-PROD-019,Compact Tablet 801,Computing,1041.21,,,,https://www.retailerc.co.uk/products/compact-tablet-801
18/03/2024,18/03/2024 10:26,SCR-595005B6BA85,Retailer  C,RET-PROD-019,Compact Tablet 801,Computing,1041.21,,,,https://www.retailerc.co.uk/products/compact-tablet-801
19/03/2024,19/03/2024 11:13,SCR-98D3C2AF2851,Retailer C,RET-PROD-019,Compact Tablet 801,Computing,1041.21,,,,https://www.retailerc.co.uk/products/compact-tablet-801
20/03/2024,20/03/2024 07:15,SCR-1C3AEABAC6C1,retailer c,RET-PROD-019,Compact Tablet 801,Computing,1041.21,,,,https://www.retailerc.co.uk/products/compact-tablet-801
21/03/2024,21/03/2024 22:34,SCR-EB28509C6589,retailer c,RET-PROD-019,Compact Tablet 801,Computing,1041.21,,,,https://www.retailerc.co.uk/products/compact-tablet-801
22/03/2024,22/03/2024 21:18,SCR-A6C968A64C0D,Ret C,RET-PROD-019,Compact Tablet 801,computing,1041.21,,,,https://www.retailerc.co.uk/products/compact-tablet-801
23/03/2024,23/03/2024 13:40,SCR-EEFC04ED33A3,Retailer  C,RET-PROD-019,Compact Tablet 801,Computing,1041.21,,,,https://www.retailerc.co.uk/products/compact-tablet-801
24/03/2024,24/03/2024 08:00,SCR-B69B98B54B52,Retailer  C,RET-PROD-019,Compact Tablet 801,Computing,1041.21,,,,https://www.retailerc.co.uk/products/compact-tablet-801
25/03/2024,25/03/2024 09:26,SCR-6154774C69A6,RETAILER C,RET-PROD-019,Compact Tablet 801,Computing,1041.21,,,,https://www.retailerc.co.uk/products/compact-tablet-801
26/03/2024,26/03/2024 06:30,SCR-62A9793CB9DE,Ret C,RET-PROD-019,Compact Tablet 801,Computing,1041.21,,,,https://www.retailerc.co.uk/products/compact-tablet-801
27/03/2024,27/03/2024 10:36,SCR-D37307167A0E,Retailer  C,RET-PROD-019,Compact Tablet 801,Computing,1041.21,,,,https://www.retailerc.co.uk/products/compact-tablet-801
28/03/2024,28/03/2024 09:21,SCR-2AAF3588E8A6,Retailer  C,RET-PROD-019,Compact Tablet 801,Computing,1041.21,,,,https://www.retailerc.co.uk/products/compact-tablet-801
29/03/2024,29/03/2024 11:31,SCR-EBCD41F7DE3D,Retailer  C,RET-PROD-019,Compact Tablet 801,Computing,1041.21,,,,https://www.retailerc.co.uk/products/compact-tablet-801
30/03/2024,30/03/2024 21:54,SCR-EE3C15149536,Retailer C,RET-PROD-019,Compact Tablet 801,Computing,1041.21,,,,https://www.retailerc.co.uk/products/compact-tablet-801
01/01/2024,01/01/2024 22:30,SCR-B3FACE75D2C0,Retailer  C,RET-PROD-020,Classic TV 225,TV,£329.69,,,,https://www.retailerc.co.uk/products/classic-tv-225
02/01/2024,02/01/2024 10:43,SCR-2517C7DBCE28,Retailer  C,RET-PROD-020,Classic TV 225,TV,329.69,,,,https://www.retailerc.co.uk/products/classic-tv-225
03/01/2024,03/01/2024 20:24,SCR-5FFE513587D9,Retailer C,RET-PROD-020,Classic TV 225,TV,329.69,,,,https://www.retailerc.co.uk/products/classic-tv-225
04/01/2024,04/01/2024 15:46,SCR-8316E63B9929,Retailer  C,RET-PROD-020,Classic TV 225,TV,164.84,,,,https://www.retailerc.co.uk/products/classic-tv-225
05/01/2024,05/01/2024 17:54,SCR-D55E58D7291C,Retailer  C,RET-PROD-020,Classic TV 225,TV,329.69,,,,https://www.retailerc.co.uk/products/classic-tv-225
06/01/2024,06/01/2024 09:12,SCR-5EF3F26B642C,Retailer C,RET-PROD-020,Classic TV 225,TV,329.69,,,,https://www.retailerc.co.uk/products/classic-tv-225
07/01/2024,07/01/2024 22:31,SCR-2390CEDFB057,Ret C,RET-PROD-020,Classic TV 225,TV,329.69,,,,https://www.retailerc.co.uk/products/classic-tv-225
08/01/2024,08/01/2024 13:28,SCR-EF673B1DE01B,Ret C,RET-PROD-020,Classic TV 225,TV,329.69,,,,https://www.retailerc.co.uk/products/classic-tv-225
09/01/2024,09/01/2024 07:34,SCR-0141A4FC65D0,Retailer  C,RET-PROD-020,Classic TV 225,tv,329.69,,,,https://www.retailerc.co.uk/products/classic-tv-225
10/01/2024,10/01/2024 09:15,SCR-DEC7986E5DC3,Retailer C,RET-PROD-020,Classic TV 225,TV,329.69,,,,https://www.retailerc.co.uk/products/classic-tv-225
11/01/2024,11/01/2024 15:38,SCR-266E5E724828,retailer c,RET-PROD-020,Classic TV 225,TV,329.69,,,,https://www.retailerc.co.uk/products/classic-tv-225
12/01/2024,12/01/2024 06:06,SCR-4D39851843EA,Ret C,RET-PROD-020,Classic TV 225,TV,329.69,,,,https://www.retailerc.co.uk/products/classic-tv-225
13/01/2024,13/01/2024 08:26,SCR-A6A57A2862AC,Ret C,RET-PROD-020,Classic TV 225,TV,329.69,,,,https://www.retailerc.co.uk/products/classic-tv-225
14/01/2024,14/01/2024 18:16,SCR-3099BE521C27,Ret C,RET-PROD-020,Classic TV 225,TV,329.69,,,,https://www.retailerc.co.uk/products/classic-tv-225
15/01/2024,15/01/2024 12:16,SCR-89B091AA09CB,Retailer  C,RET-PROD-020,,tv,329.69,,,,https://www.retailerc.co.uk/products/classic-tv-225
16/01/2024,16/01/2024 20:45,SCR-E14583A88835,retailer c,RET-PROD-020,Classic TV 225,TV,329.69,,,,https://www.retailerc.co.uk/products/classic-tv-225
17/01/2024,17/01/2024 09:54,SCR-A34934CA57C7,RETAILER C,RET-PROD-020,Classic TV 225,TV,329.69,,,,https://www.retailerc.co.uk/products/classic-tv-225
18/01/2024,18/01/2024 09:45,SCR-9760184FFB1A,retailer c,RET-PROD-020,Classic TV 225,,329.69,,,,https://www.retailerc.co.uk/products/classic-tv-225
19/01/2024,,SCR-8FA6850D5940,RETAILER C,RET-PROD-020,Classic TV 225,TV,329.69,,,,https://www.retailerc.co.uk/products/classic-tv-225
20/01/2024,20/01/2024 13:40,SCR-5F90D3771EAF,RETAILER C,RET-PROD-020,Classic TV 225,TV,329.69,,,,https://www.retailerc.co.uk/products/classic-tv-225
21/01/2024,21/01/2024 06:13,SCR-B7005672427E,retailer c,RET-PROD-020,Classic TV 225,tv,£329.69,,,,https://www.retailerc.co.uk/products/classic-tv-225
22/01/2024,22/01/2024 21:28,SCR-F3671F141E8F,RETAILER C,RET-PROD-020,Classic TV 225,TV,329.69,,,,https://www.retailerc.co.uk/products/classic-tv-225
23/01/2024,23/01/2024 17:23,SCR-A1EE28C344EA,Retailer  C,RET-PROD-020,Classic TV 225,TV,329.69,,,,https://www.retailerc.co.uk/products/classic-tv-225
24/01/2024,24/01/2024 13:20,SCR-326757E87880,Retailer  C,,Classic TV 225,TV,329.69,,,,https://www.retailerc.co.uk/products/classic-tv-225
25/01/2024,25/01/2024 08:58,SCR-8095DB395A2B,Retailer  C,RET-PROD-020,Classic TV 225,TV,329.69,,,,https://www.retailerc.co.uk/products/classic-tv-225
26/01/2024,26/01/2024 15:52,SCR-BE08A16A53BB,Retailer C,RET-PROD-020,Classic TV 225,TV,329.69,,,,https://www.retailerc.co.uk/products/classic-tv-225
27/01/2024,27/01/2024 16:44,SCR-A5BC2E534A9F,RETAILER C,RET-PROD-020,Classic TV 225,TV,329.69,,,,https://www.retailerc.co.uk/products/classic-tv-225
28/01/2024,28/01/2024 11:55,SCR-C2304299ACCB,Retailer C,RET-PROD-020,Classic TV 225,tv,329.69,,,,https://www.retailerc.co.uk/products/classic-tv-225
29/01/2024,29/01/2024 20:22,SCR-037B9ACC157B,Ret C,RET-PROD-020,Classic TV 225,TV,329.69,,,,https://www.retailerc.co.uk/products/classic-tv-225
30/01/2024,30/01/2024 15:17,SCR-57908A15753A,RETAILER C,RET-PROD-020,Classic TV 225,TV,329.69,,,,https://www.retailerc.co.uk/products/classic-tv-225
31/01/2024,31/01/2024 06:03,SCR-74BF00FEF463,RETAILER C,RET-PROD-020,Classic TV 225,TV,329.69,,,,https://www.retailerc.co.uk/products/classic-tv-225
01/02/2024,01/02/2024 08:59,SCR-D6554417627F,Retailer C,RET-PROD-020,Classic TV 225,TV,329.69,,,,https://www.retailerc.co.uk/products/classic-tv-225
02/02/2024,02/02/2024 14:05,SCR-ACAEEF89B65F,Ret C,RET-PROD-020,Classic TV 225,TV,329.69,,,,https://www.retailerc.co.uk/products/classic-tv-225
03/02/2024,03/02/2024 07:35,SCR-A879CC6F0E47,Ret C,RET-PROD-020,Classic TV 225,TV,329.69,661.91,Was,Bank Holiday Sale,https://www.retailerc.co.uk/products/classic-tv-225
04/02/2024,04/02/2024 22:36,SCR-AF071EE28339,Retailer  C,RET-PROD-020,Classic TV 225,TV,329.69,661.91,Was:,Bank Holiday Sale,https://www.retailerc.co.uk/products/classic-tv-225
05/02/2024,05/02/2024 12:41,SCR-14A0B6E9A9DF,Retailer  C,RET-PROD-020,Classic TV 225,TV,329.69,,,Bank Holiday Sale,https://www.retailerc.co.uk/products/classic-tv-225
06/02/2024,06/02/2024 16:37,SCR-2397EB1B3C70,Retailer  C,RET-PROD-020,Classic TV 225,TV,329.69,661.91,Was,Bank Holiday Sale,https://www.retailerc.co.uk/products/classic-tv-225
07/02/2024,07/02/2024 15:14,SCR-ACCEEB787FCA,Ret C,RET-PROD-020,Classic TV 225,TV,329.69,,,Bank Holiday Sale,https://www.retailerc.co.uk/products/classic-tv-225
08/02/2024,08/02/2024 13:17,SCR-5FF7836DB3F4,RETAILER C,RET-PROD-020,Classic TV 225,TV,329.69,661.91,Was,Bank Holiday Sale,https://www.retailerc.co.uk/products/classic-tv-225
09/02/2024,09/02/2024 06:29,SCR-F2A5E8ED101C,retailer c,,Classic TV 225,TV,329.69,,,Bank Holiday Sale,https://www.retailerc.co.uk/products/classic-tv-225
10/02/2024,10/02/2024 13:44,SCR-B3E5AA424012,Retailer C,RET-PROD-020,Classic TV 225,TV,329.69,661.91,,Bank Holiday Sale,https://www.retailerc.co.uk/products/classic-tv-225
11/02/2024,11/02/2024 10:25,SCR-26FBA94162EF,Retailer C,RET-PROD-020,Classic TV 225,TV,329.69,661.91,Was,Bank Holiday Sale,https://www.retailerc.co.uk/products/classic-tv-225
12/02/2024,12/02/2024 17:32,SCR-A29D26F20953,RETAILER C,RET-PROD-020,Classic TV 225,TV,329.69,661.91,WAS,Bank Holiday Sale,https://www.retailerc.co.uk/products/classic-tv-225
13/02/2024,13/02/2024 08:39,SCR-10F5B27671D9,Retailer C,RET-PROD-020,Classic TV 225,TV,329.69,661.91,Was,Bank Holiday Sale,https://www.retailerc.co.uk/products/classic-tv-225
14/02/2024,14/02/2024 17:48,SCR-BC2CEA6D1C34,Retailer  C,RET-PROD-020,Classic TV 225,TV,329.69,,,Bank Holiday Sale,https://www.retailerc.co.uk/products/classic-tv-225
15/02/2024,15/02/2024 18:42,SCR-D6CF6C4EDD8B,RETAILER C,RET-PROD-020,Classic TV 225,TV,329.69,661.91,,Bank Holiday Sale,https://www.retailerc.co.uk/products/classic-tv-225
16/02/2024,16/02/2024 18:57,SCR-0A85FE2BD556,Retailer C,RET-PROD-020,Classic TV 225,TV,329.69,661.91,Previously,Bank Holiday Sale,https://www.retailerc.co.uk/products/classic-tv-225
17/02/2024,17/02/2024 18:53,SCR-23DC227D85F2,retailer c,RET-PROD-020,Classic TV 225,TV,329.69,661.91,Previously,Bank Holiday Sale,https://www.retailerc.co.uk/products/classic-tv-225
18/02/2024,18/02/2024 20:22,SCR-55C8D3A62671,RETAILER C,RET-PROD-020,Classic TV 225,TV,329.69,661.91,Was,Bank Holiday Sale,https://www.retailerc.co.uk/products/classic-tv-225
19/02/2024,19/02/2024 19:48,SCR-767B08D94767,retailer c,RET-PROD-020,Classic TV 225,TV,329.69,661.91,,Bank Holiday Sale,https://www.retailerc.co.uk/products/classic-tv-225
20/02/2024,20/02/2024 14:09,SCR-B1BD65B6052A,retailer c,RET-PROD-020,Classic TV 225,TV,329.69,661.91,Orig.,Bank Holiday Sale,https://www.retailerc.co.uk/products/classic-tv-225
21/02/2024,21/02/2024 14:40,SCR-901281628070,retailer c,RET-PROD-020,Classic TV 225,TV,329.69,,,Bank Holiday Sale,https://www.retailerc.co.uk/products/classic-tv-225
22/02/2024,22/02/2024 13:43,SCR-28240DD8E5E4,Retailer C,RET-PROD-020,Classic TV 225,TV,329.69,661.91,Was:,Bank Holiday Sale,https://www.retailerc.co.uk/products/classic-tv-225
23/02/2024,23/02/2024 19:51,SCR-B9A0CBC19AD2,Ret C,RET-PROD-020,Classic TV 225,TV,329.69,661.91,,Bank Holiday Sale,https://www.retailerc.co.uk/products/classic-tv-225
24/02/2024,24/02/2024 10:33,SCR-A6AB1360826F,Ret C,RET-PROD-020,Classic TV 225,TV,329.69,661.91,,Bank Holiday Sale,https://www.retailerc.co.uk/products/classic-tv-225
25/02/2024,25/02/2024 18:32,SCR-1E555E0AFEC0,Retailer C,RET-PROD-020,Classic TV 225,TV,329.69,661.91,Was,Bank Holiday Sale,https://www.retailerc.co.uk/products/classic-tv-225
26/02/2024,,SCR-C6685C7D033E,Retailer  C,RET-PROD-020,Classic TV 225,TV,329.69,661.91,Was,Bank Holiday Sale,https://www.retailerc.co.uk/products/classic-tv-225
27/02/2024,,SCR-5877AD91F90D,Ret C,RET-PROD-020,Classic TV 225,TV,329.69,661.91,Was,Bank Holiday Sale,https://www.retailerc.co.uk/products/classic-tv-225
28/02/2024,28/02/2024 22:13,SCR-AA933D89B255,Ret C,RET-PROD-020,Classic TV 225,TV,329.69,,,Bank Holiday Sale,https://www.retailerc.co.uk/products/classic-tv-225
29/02/2024,29/02/2024 18:57,SCR-9ABA7D4A61A4,retailer c,RET-PROD-020,Classic TV 225,TV,329.69,661.91,Was:,Bank Holiday Sale,https://www.retailerc.co.uk/products/classic-tv-225
01/03/2024,01/03/2024 13:38,SCR-096C72CD7508,Ret C,RET-PROD-020,Classic TV 225,TV,329.69,661.91 GBP,Previously,Bank Holiday Sale,https://www.retailerc.co.uk/products/classic-tv-225
02/03/2024,02/03/2024 09:01,SCR-09CCF793332F,retailer c,RET-PROD-020,Classic TV 225,TV,329.69,661.91,,Bank Holiday Sale,https://www.retailerc.co.uk/products/classic-tv-225
03/03/2024,03/03/2024 14:00,SCR-96FBF10D098C,RETAILER C,RET-PROD-020,Classic TV 225,TV,329.69,,,Bank Holiday Sale,https://www.retailerc.co.uk/products/classic-tv-225
04/03/2024,04/03/2024 18:12,SCR-85357A380C67,Retailer C,RET-PROD-020,Classic TV 225,TV,329.69,661.91,,Bank Holiday Sale,https://www.retailerc.co.uk/products/classic-tv-225
05/03/2024,05/03/2024 20:45,SCR-EA1A29BF6B21,RETAILER C,RET-PROD-020,Classic TV 225,TV,329.69,661.91,Was,Bank Holiday Sale,https://www.retailerc.co.uk/products/classic-tv-225
06/03/2024,06/03/2024 09:51,SCR-0FEB0F1E4CD0,retailer c,RET-PROD-020,Classic TV 225,TV,329.69,661.91,Was,Bank Holiday Sale,https://www.retailerc.co.uk/products/classic-tv-225
07/03/2024,07/03/2024 14:45,SCR-E31EA1C60C07,Ret C,RET-PROD-020,Classic TV 225,TV,329.69,661.91,WAS,Bank Holiday Sale,https://www.retailerc.co.uk/products/classic-tv-225
08/03/2024,08/03/2024 18:37,SCR-1ECEE096CA7D,Retailer C,RET-PROD-020,Classic TV 225,TV,329.69,,,Bank Holiday Sale,https://www.retailerc.co.uk/products/classic-tv-225
09/03/2024,09/03/2024 11:28,SCR-166B5491D20D,Retailer  C,RET-PROD-020,Classic TV 225,TV,329.69,661.91,Was:,Bank Holiday Sale,https://www.retailerc.co.uk/products/classic-tv-225
10/03/2024,10/03/2024 10:00,SCR-C47C6DF5BF97,Retailer  C,RET-PROD-020,Classic TV 225,TV,329.69,661.91 GBP,,Bank Holiday Sale,https://www.retailerc.co.uk/products/classic-tv-225
11/03/2024,11/03/2024 08:09,SCR-1704A35B7E89,Retailer  C,RET-PROD-020,Classic TV 225,tv,329.69,661.91,Was,Bank Holiday Sale,https://www.retailerc.co.uk/products/classic-tv-225
12/03/2024,12/03/2024 11:24,SCR-CF5CADA9AD08,retailer c,RET-PROD-020,Classic TV 225,TV,329.69,661.91,Was,Bank Holiday Sale,https://www.retailerc.co.uk/products/classic-tv-225
13/03/2024,13/03/2024 10:48,SCR-12E4155CB080,Retailer  C,RET-PROD-020,Classic TV 225,TV,329.69,,,Bank Holiday Sale,https://www.retailerc.co.uk/products/classic-tv-225
14/03/2024,14/03/2024 19:50,SCR-6C42EE5DD2EF,retailer c,RET-PROD-020,Classic TV 225,TV,329.69,,,Bank Holiday Sale,https://www.retailerc.co.uk/products/classic-tv-225
15/03/2024,15/03/2024 11:13,SCR-BF3A98E4B924,Retailer  C,RET-PROD-020,Classic TV 225,TV,329.69,661.91,Was,Bank Holiday Sale,https://www.retailerc.co.uk/products/classic-tv-225
16/03/2024,16/03/2024 16:39,SCR-55DBADFCE81E,Retailer  C,RET-PROD-020,,TV,329.69,,,Bank Holiday Sale,https://www.retailerc.co.uk/products/classic-tv-225
17/03/2024,17/03/2024 22:24,SCR-535FFEDBE703,Retailer  C,RET-PROD-020,Classic TV 225,TV,329.69,661.91,Was,Bank Holiday Sale,https://www.retailerc.co.uk/products/classic-tv-225
18/03/2024,18/03/2024 19:28,SCR-EC5F49FA0561,Ret C,RET-PROD-020,Classic TV 225,TV,329.69,661.91,Previously,Bank Holiday Sale,https://www.retailerc.co.uk/products/classic-tv-225
19/03/2024,19/03/2024 14:29,SCR-E073337421AF,Retailer  C,RET-PROD-020,Classic TV 225,TV,329.69,661.91,Was,Bank Holiday Sale,https://www.retailerc.co.uk/products/classic-tv-225
20/03/2024,20/03/2024 07:48,SCR-094038D1AD1C,Ret C,RET-PROD-020,Classic TV 225,TV,329.69,661.91,was,Bank Holiday Sale,https://www.retailerc.co.uk/products/classic-tv-225
21/03/2024,21/03/2024 22:39,SCR-A1E9634420E3,Retailer C,RET-PROD-020,Classic TV 225,TV,329.69,661.91,Was,Bank Holiday Sale,https://www.retailerc.co.uk/products/classic-tv-225
22/03/2024,22/03/2024 20:16,SCR-180799737AE9,retailer c,RET-PROD-020,Classic TV 225,TV,329.69,661.91,Was,Bank Holiday Sale,https://www.retailerc.co.uk/products/classic-tv-225
23/03/2024,23/03/2024 09:21,SCR-939A9017CE60,retailer c,RET-PROD-020,Classic TV 225,TV,£329.69,661.91,,Bank Holiday Sale,https://www.retailerc.co.uk/products/classic-tv-225
24/03/2024,24/03/2024 21:11,SCR-3555BA1669F3,Ret C,RET-PROD-020,Classic TV 225,,329.69,661.91,Was,Bank Holiday Sale,https://www.retailerc.co.uk/products/classic-tv-225
25/03/2024,25/03/2024 08:55,SCR-2B100E7F16C3,retailer c,RET-PROD-020,Classic TV 225,TV,329.69,661.91,,Bank Holiday Sale,https://www.retailerc.co.uk/products/classic-tv-225
26/03/2024,26/03/2024 17:00,SCR-6D769E846BFC,Ret C,RET-PROD-020,Classic TV 225,TV,329.69,661.91,Was,Bank Holiday Sale,https://www.retailerc.co.uk/products/classic-tv-225
27/03/2024,27/03/2024 11:00,SCR-F375CCF48A9C,Ret C,RET-PROD-020,Classic TV 225,TV,329.69,661.91,Was,Bank Holiday Sale,https://www.retailerc.co.uk/products/classic-tv-225
28/03/2024,28/03/2024 08:06,SCR-61DB5314AB17,RETAILER C,RET-PROD-020,Classic TV 225,TV,329.69,661.91,Was,Bank Holiday Sale,https://www.retailerc.co.uk/products/classic-tv-225
29/03/2024,29/03/2024 17:32,SCR-5F189AD73A5F,Retailer C,RET-PROD-020,Classic TV 225,TV,329.69,661.91,Was,Bank Holiday Sale,https://www.retailerc.co.uk/products/classic-tv-225
30/03/2024,30/03/2024 19:38,SCR-354381AE97BA,retailer c,RET-PROD-020,Classic TV 225,TV,329.69,661.91,Was,Bank Holiday Sale,https://www.retailerc.co.uk/products/classic-tv-225
01/01/2024,01/01/2024 11:30,SCR-00E1440E1D1A,Retailer A,RET-PROD-021,Compact Keyboard 523,Computing,1056.55,,,,https://www.retailera.co.uk/products/compact-keyboard-523
02/01/2024,02/01/2024 06:03,SCR-A756BA53BAB4,retailer a,RET-PROD-021,Compact Keyboard 523,Computing,1056.55,,,,https://www.retailera.co.uk/products/compact-keyboard-523
03/01/2024,03/01/2024 17:47,SCR-645EC59B9EB3,RETAILER A,RET-PROD-021,Compact Keyboard 523,Computing,1056.55,,,,https://www.retailera.co.uk/products/compact-keyboard-523
04/01/2024,04/01/2024 21:15,SCR-266DC5428518,Retailer-A,RET-PROD-021,Compact Keyboard 523,Computing,1056.55,,,,https://www.retailera.co.uk/products/compact-keyboard-523
05/01/2024,05/01/2024 15:50,SCR-D1B372D2B2B7,Ret. A,RET-PROD-021,Compact Keyboard 523,Computing,1056.55,,,,https://www.retailera.co.uk/products/compact-keyboard-523
06/01/2024,06/01/2024 15:13,SCR-E5C00295BAF9,Ret. A,RET-PROD-021,Compact Keyboard 523,Computing,1056.55,,,,https://www.retailera.co.uk/products/compact-keyboard-523
07/01/2024,07/01/2024 13:18,SCR-12E3475F77E5,RetailerA,RET-PROD-021,Compact Keyboard 523,Computing,1056.55,,,,https://www.retailera.co.uk/products/compact-keyboard-523
08/01/2024,08/01/2024 13:04,SCR-14729076016C,Ret. A,RET-PROD-021,Compact Keyboard 523,Computing,1056.55,,,,https://www.retailera.co.uk/products/compact-keyboard-523
09/01/2024,09/01/2024 17:48,SCR-E4336DEA051D,Retailer A,RET-PROD-021,Compact Keyboard 523,Computing,1056.55,,,,https://www.retailera.co.uk/products/compact-keyboard-523
10/01/2024,10/01/2024 19:25,SCR-B8026360FE48,Retailer-A,RET-PROD-021,Compact Keyboard 523,Computing,1056.55,,,,https://www.retailera.co.uk/products/compact-keyboard-523
11/01/2024,11/01/2024 15:33,SCR-C4D4AD4FC3C8,Retailer A,RET-PROD-021,Compact Keyboard 523,Computing,1056.55,,,,https://www.retailera.co.uk/products/compact-keyboard-523
12/01/2024,12/01/2024 18:22,SCR-CA3C4698EAC1,Retailer-A,RET-PROD-021,Compact Keyboard 523,Computing,1056.55,,,,https://www.retailera.co.uk/products/compact-keyboard-523
13/01/2024,13/01/2024 10:07,SCR-6F51A939E470,retailer a,RET-PROD-021,Compact Keyboard 523,computers,1056.55,,,,https://www.retailera.co.uk/products/compact-keyboard-523
14/01/2024,14/01/2024 21:38,SCR-187532B5717F,RetailerA,RET-PROD-021,Compact Keyboard 523,Computing,1056.55,,,,https://www.retailera.co.uk/products/compact-keyboard-523
15/01/2024,15/01/2024 14:25,SCR-BE1640A81821,Retailer-A,RET-PROD-021,Compact Keyboard 523,Computing,1056.55,,,,https://www.retailera.co.uk/products/compact-keyboard-523
16/01/2024,16/01/2024 13:33,SCR-8BBC31CBC5D6,RetailerA,RET-PROD-021,Compact Keyboard 523,Computing,1056.55,,,,https://www.retailera.co.uk/products/compact-keyboard-523
17/01/2024,17/01/2024 10:04,SCR-E97A9568FE1C,retailer a,RET-PROD-021,Compact Keyboard 523,Computing,1056.55,,,,https://www.retailera.co.uk/products/compact-keyboard-523
18/01/2024,1705600742,SCR-D50F6BFDA31B,RetailerA,RET-PROD-021,Compact Keyboard 523,Computing,1056.55,,,,https://www.retailera.co.uk/products/compact-keyboard-523
19/01/2024,19/01/2024 19:26,SCR-23E611121DED,RetailerA,RET-PROD-021,Compact Keyboard 523,,1056.55,,,,https://www.retailera.co.uk/products/compact-keyboard-523
20/01/2024,20/01/2024 17:51,SCR-5E6CBE442EAE,RETAILER A,RET-PROD-021,Compact Keyboard 523,Computing,1056.55,,,,https://www.retailera.co.uk/products/compact-keyboard-523
21/01/2024,21/01/2024 17:04,SCR-C925D5C76492,Retailer-A,RET-PROD-021,Compact Keyboard 523,Computing,1056.55,,,,https://www.retailera.co.uk/products/compact-keyboard-523
22/01/2024,22/01/2024 22:53,SCR-0E32E6A58C9C,Retailer A,RET-PROD-021,Compact Keyboard 523,Computing,1056.55,,,,https://www.retailera.co.uk/products/compact-keyboard-523
23/01/2024,23/01/2024 18:38,SCR-FA25807485C5,RETAILER A,RET-PROD-021,Compact Keyboard 523,Computing,1056.55,,,,https://www.retailera.co.uk/products/compact-keyboard-523
24/01/2024,24/01/2024 10:04,SCR-213B55A758A3,Retailer-A,RET-PROD-021,Compact Keyboard 523,Computing,1056.55,,,,https://www.retailera.co.uk/products/compact-keyboard-523
25/01/2024,25/01/2024 13:30,SCR-AB3401F8D3C2,Retailer-A,RET-PROD-021,Compact Keyboard 523,Computing,1056.55,,,,https://www.retailera.co.uk/products/compact-keyboard-523
26/01/2024,26/01/2024 12:50,SCR-5421BBF4F17F,Ret. A,RET-PROD-021,Compact Keyboard 523,Computing,1056.55,,,,https://www.retailera.co.uk/products/compact-keyboard-523
27/01/2024,27/01/2024 16:15,SCR-FFAF4553FEC0,RETAILER A,,Compact Keyboard 523,Computing,1056.55,,,,https://www.retailera.co.uk/products/compact-keyboard-523
28/01/2024,28/01/2024 19:08,SCR-969530A8134A,RETAILER A,RET-PROD-021,Compact Keyboard 523,Computing,1056.55,,,,https://www.retailera.co.uk/products/compact-keyboard-523
29/01/2024,29/01/2024 18:26,SCR-2FEF6144D8E6,RetailerA,RET-PROD-021,Compact Keyboard 523,Computing,1056.55,,,,https://www.retailera.co.uk/products/compact-keyboard-523
30/01/2024,30/01/2024 13:48,SCR-22DB97BA6F8E,Retailer A,RET-PROD-021,Compact Keyboard 523,COMPUTING,688.51,,,Summer Sale,https://www.retailera.co.uk/products/compact-keyboard-523
31/01/2024,31/01/2024 17:00,SCR-3E646F4042C2,Ret. A,RET-PROD-021,Compact Keyboard 523,Computing,688.51,1056.55,Was,Summer Sale,https://www.retailera.co.uk/products/compact-keyboard-523
01/02/2024,01/02/2024 22:33,SCR-EE90CC5CF8AD,retailer a,RET-PROD-021,,Computing,688.51,1056.55,Was,Summer Sale,https://www.retailera.co.uk/products/compact-keyboard-523
02/02/2024,02/02/2024 15:00,SCR-076AC8BE76DC,retailer a,RET-PROD-021,Compact Keyboard 523,,688.51,,,Summer Sale,https://www.retailera.co.uk/products/compact-keyboard-523
03/02/2024,03/02/2024 16:40,SCR-2A4908F512B8,Retailer A,RET-PROD-021,Compact Keyboard 523,Computing,688.51,1056.55,Was,Summer Sale,https://www.retailera.co.uk/products/compact-keyboard-523
04/02/2024,04/02/2024 12:50,SCR-2FAD6DAC6716,Retailer A,RET-PROD-021,Compact Keyboard 523,Computing,£688.51,,,Summer Sale,https://www.retailera.co.uk/products/compact-keyboard-523
05/02/2024,1707119347,SCR-6CC05D1333AC,Retailer A,RET-PROD-021,Compact Keyboard 523,Computing,688.51,1056.55,Was,Summer Sale,https://www.retailera.co.uk/products/compact-keyboard-523
06/02/2024,06/02/2024 22:38,SCR-E61BE7BD5850,Retailer-A,RET-PROD-021,Compact Keyboard 523,Computing,688.51,1056.55,WAS,Summer Sale,https://www.retailera.co.uk/products/compact-keyboard-523
07/02/2024,07/02/2024 06:09,SCR-7C7C394F8531,retailer a,RET-PROD-021,Compact Keyboard 523,Computing,688.51,1056.55,Was,Summer Sale,https://www.retailera.co.uk/products/compact-keyboard-523
08/02/2024,08/02/2024 06:48,SCR-3234ECDD4323,Retailer A,RET-PROD-021,Compact Keyboard 523,Computing,688.51,1056.55,Was,Summer Sale,https://www.retailera.co.uk/products/compact-keyboard-523
09/02/2024,09/02/2024 18:31,SCR-C500A7EB695A,RETAILER A,RET-PROD-021,Compact Keyboard 523,Computing,688.51,,,,https://www.retailera.co.uk/products/compact-keyboard-523
10/02/2024,10/02/2024 18:52,SCR-BA24C9CC0883,RETAILER A,RET-PROD-021,Compact Keyboard 523,Computing,688.51,,,,https://www.retailera.co.uk/products/compact-keyboard-523
11/02/2024,11/02/2024 22:13,SCR-2B857CB3C300,retailer a,RET-PROD-021,Compact Keyboard 523,Computing,688.51,,,,https://www.retailera.co.uk/products/compact-keyboard-523
12/02/2024,12/02/2024 22:05,SCR-7D66D4A16D4F,Retailer-A,RET-PROD-021,Compact Keyboard 523,Computing,688.51,,,,https://www.retailera.co.uk/products/compact-keyboard-523
13/02/2024,13/02/2024 21:25,SCR-690844D1CA80,RetailerA,RET-PROD-021,Compact Keyboard 523,computers,688.51,,,,https://www.retailera.co.uk/products/compact-keyboard-523
14/02/2024,14/02/2024 08:50,SCR-18080BF03C93,Retailer-A,RET-PROD-021,Compact Keyboard 523,Computing,688.51,,,,https://www.retailera.co.uk/products/compact-keyboard-523
15/02/2024,15/02/2024 14:42,SCR-DA2C69CE4F01,RETAILER A,,Compact Keyboard 523,Computing,688.51,,,,https://www.retailera.co.uk/products/compact-keyboard-523
16/02/2024,16/02/2024 21:56,SCR-A971AA953315,Ret. A,RET-PROD-021,Compact Keyboard 523,Computing,688.51,,,,https://www.retailera.co.uk/products/compact-keyboard-523
17/02/2024,17/02/2024 11:02,SCR-163260EF9221,RetailerA,RET-PROD-021,Compact Keyboard 523,Computing,,,,,https://www.retailera.co.uk/products/compact-keyboard-523
18/02/2024,18/02/2024 08:32,SCR-4757E6E5CE6E,Ret. A,,Compact Keyboard 523,Computing,688.51,,,,https://www.retailera.co.uk/products/compact-keyboard-523
19/02/2024,19/02/2024 08:44,SCR-8FF755E5A9F1,RETAILER A,,Compact Keyboard 523,Computing,688.51,,,,https://www.retailera.co.uk/products/compact-keyboard-523
20/02/2024,20/02/2024 17:14,SCR-CBE2227E4C29,RetailerA,RET-PROD-021,Compact Keyboard 523,Computing,688.51,,,,https://www.retailera.co.uk/products/compact-keyboard-523
21/02/2024,21/02/2024 12:30,SCR-CCB7D8F1B0C0,Retailer A,RET-PROD-021,Compact Keyboard 523,Computing,688.51,,,,https://www.retailera.co.uk/products/compact-keyboard-523
22/02/2024,22/02/2024 19:27,SCR-869E95D34CA2,Retailer A,RET-PROD-021,Compact Keyboard 523,Computing,688.51,,,,https://www.retailera.co.uk/products/compact-keyboard-523
23/02/2024,23/02/2024 15:41,SCR-8DBA5A71C0F3,Retailer-A,RET-PROD-021,Compact Keyboard 523,Computing,688.51,,,,https://www.retailera.co.uk/products/compact-keyboard-523
24/02/2024,24/02/2024 14:01,SCR-4D1E9F8D1E4B,Retailer A,RET-PROD-021,Compact Keyboard 523,Computing,688.51,,,,https://www.retailera.co.uk/products/compact-keyboard-523
25/02/2024,25/02/2024 20:17,SCR-D83D404FBF6E,RetailerA,RET-PROD-021,Compact Keyboard 523,Computing,688.51,,,,https://www.retailera.co.uk/products/compact-keyboard-523
26/02/2024,26/02/2024 12:10,SCR-AA68117FB4BA,Retailer-A,RET-PROD-021,,Computing,688.51,,,,https://www.retailera.co.uk/products/compact-keyboard-523
27/02/2024,27/02/2024 14:55,SCR-D43F498EAD2A,RETAILER A,RET-PROD-021,Compact Keyboard 523,Computing,,,,,https://www.retailera.co.uk/products/compact-keyboard-523
28/02/2024,28/02/2024 17:46,SCR-2210EE593098,RETAILER A,RET-PROD-021,Compact Keyboard 523,Computing,688.51,,,,https://www.retailera.co.uk/products/compact-keyboard-523
29/02/2024,29/02/2024 09:51,SCR-D21EA64B8ACA,RETAILER A,RET-PROD-021,Compact Keyboard 523,COMPUTERS,688.51,,,,https://www.retailera.co.uk/products/compact-keyboard-523
01/03/2024,01/03/2024 11:16,SCR-B9F13B46AA3C,retailer a,RET-PROD-021,Compact Keyboard 523,Computing,688.51,,,,https://www.retailera.co.uk/products/compact-keyboard-523
02/03/2024,02/03/2024 09:18,SCR-B99D7E0075A1,Retailer A,RET-PROD-021,Compact Keyboard 523,Computing,688.51,,,,https://www.retailera.co.uk/products/compact-keyboard-523
03/03/2024,03/03/2024 15:44,SCR-6B7B9C5CAEED,retailer a,RET-PROD-021,Compact Keyboard 523,Computing,688.51,,,,https://www.retailera.co.uk/products/compact-keyboard-523
04/03/2024,04/03/2024 08:05,SCR-FBDA35B9C475,Retailer A,,Compact Keyboard 523,Computing,688.51,,,,https://www.retailera.co.uk/products/compact-keyboard-523
05/03/2024,05/03/2024 15:47,SCR-6F99949BA23A,Retailer-A,RET-PROD-021,Compact Keyboard 523,,688.51,,,,https://www.retailera.co.uk/products/compact-keyboard-523
06/03/2024,06/03/2024 14:42,SCR-C0A54E1C7BFA,retailer a,RET-PROD-021,Compact Keyboard 523,Computing,688.51,,,,https://www.retailera.co.uk/products/compact-keyboard-523
07/03/2024,07/03/2024 14:04,SCR-E1A5D437548E,Retailer-A,RET-PROD-021,Compact Keyboard 523,Computing,688.51,,,,https://www.retailera.co.uk/products/compact-keyboard-523
08/03/2024,08/03/2024 11:17,SCR-801350B4D35F,RETAILER A,RET-PROD-021,Compact Keyboard 523,Computing,1239.32,,,,https://www.retailera.co.uk/products/compact-keyboard-523
09/03/2024,09/03/2024 14:47,SCR-50C5ACCB2B92,RETAILER A,RET-PROD-021,Compact Keyboard 523,Computing,688.51,,,,https://www.retailera.co.uk/products/compact-keyboard-523
10/03/2024,10/03/2024 07:55,SCR-26E100634756,RETAILER A,RET-PROD-021,Compact Keyboard 523,Computing,688.51,,,,https://www.retailera.co.uk/products/compact-keyboard-523
11/03/2024,11/03/2024 09:19,SCR-74F2D2FF18B1,RetailerA,RET-PROD-021,,Computing,688.51,,,,https://www.retailera.co.uk/products/compact-keyboard-523
12/03/2024,12/03/2024 09:12,SCR-408CC71CFC0B,RetailerA,RET-PROD-021,Compact Keyboard 523,Computing,688.51,,,,https://www.retailera.co.uk/products/compact-keyboard-523
13/03/2024,13/03/2024 09:44,SCR-F0DD044180BE,retailer a,RET-PROD-021,Compact Keyboard 523,Computing,£688.51,,,,https://www.retailera.co.uk/products/compact-keyboard-523
14/03/2024,14/03/2024 20:51,SCR-A6B602ACE03E,Ret. A,RET-PROD-021,Compact Keyboard 523,Computing,688.51,,,,https://www.retailera.co.uk/products/compact-keyboard-523
15/03/2024,15/03/2024 13:20,SCR-09D59DF78DC8,Retailer A,RET-PROD-021,Compact Keyboard 523,Computing,688.51,,,,https://www.retailera.co.uk/products/compact-keyboard-523
16/03/2024,16/03/2024 22:45,SCR-6C824C586541,Retailer-A,RET-PROD-021,Compact Keyboard 523,Computing,688.51,,,,https://www.retailera.co.uk/products/compact-keyboard-523
17/03/2024,17/03/2024 07:02,SCR-5893BCD00ED8,Retailer A,RET-PROD-021,Compact Keyboard 523,Computing,688.51,,,,https://www.retailera.co.uk/products/compact-keyboard-523
18/03/2024,18/03/2024 22:07,SCR-F6154957558E,retailer a,RET-PROD-021,Compact Keyboard 523,COMPUTING,688.51,,,,https://www.retailera.co.uk/products/compact-keyboard-523
19/03/2024,19/03/2024 07:03,SCR-5FDC9C9842C5,RetailerA,RET-PROD-021,Compact Keyboard 523,Computing,688.51,,,,https://www.retailera.co.uk/products/compact-keyboard-523
20/03/2024,20/03/2024 11:31,SCR-FC6FF0C7CCC6,RETAILER A,RET-PROD-021,Compact Keyboard 523,Computing,688.51,,,,https://www.retailera.co.uk/products/compact-keyboard-523
21/03/2024,21/03/2024 17:59,SCR-7EA3397D9A58,Retailer A,RET-PROD-021,Compact Keyboard 523,Computing,688.51,,,,https://www.retailera.co.uk/products/compact-keyboard-523
22/03/2024,22/03/2024 11:20,SCR-A6A98D24D64D,Ret. A,RET-PROD-021,Compact Keyboard 523,Computing,688.51,,,,https://www.retailera.co.uk/products/compact-keyboard-523
23/03/2024,23/03/2024 14:39,SCR-A457C6FE8AEB,RETAILER A,RET-PROD-021,Compact Keyboard 523,Computing,688.51,,,,https://www.retailera.co.uk/products/compact-keyboard-523
24/03/2024,24/03/2024 13:04,SCR-161CF513D77C,retailer a,RET-PROD-021,Compact Keyboard 523,computers,688.51,,,,https://www.retailera.co.uk/products/compact-keyboard-523
25/03/2024,25/03/2024 22:34,SCR-DFADAFBE3489,Retailer-A,RET-PROD-021,Compact Keyboard 523,COMPUTING,688.51,,,,https://www.retailera.co.uk/products/compact-keyboard-523
26/03/2024,26/03/2024 14:43,SCR-794C6AA758DA,Ret. A,RET-PROD-021,Compact Keyboard 523,Computing,688.51,,,,https://www.retailera.co.uk/products/compact-keyboard-523
27/03/2024,27/03/2024 07:37,SCR-D51A67971FE8,Retailer-A,RET-PROD-021,Compact Keyboard 523,Computing,688.51,,,,https://www.retailera.co.uk/products/compact-keyboard-523
28/03/2024,28/03/2024 06:39,SCR-D09BEEA1341F,Ret. A,RET-PROD-021,Compact Keyboard 523,Computing,688.51,,,,https://www.retailera.co.uk/products/compact-keyboard-523
29/03/2024,29/03/2024 14:58,SCR-1E29F04246DB,RetailerA,RET-PROD-021,Compact Keyboard 523,Computing,688.51,,,,https://www.retailera.co.uk/products/compact-keyboard-523
30/03/2024,30/03/2024 07:35,SCR-23CD631440B4,RETAILER A,RET-PROD-021,Compact Keyboard 523,Computing,688.51,,,,https://www.retailera.co.uk/products/compact-keyboard-523
01/01/2024,01/01/2024 07:26,SCR-187148CDC683,retailer a,RET-PROD-022,Wireless Soundbar 670,Audio,220.54,,,,https://www.retailera.co.uk/products/wireless-soundbar-670
02/01/2024,02/01/2024 13:03,SCR-F0E15C59701E,Retailer A,RET-PROD-022,Wireless Soundbar 670,,220.54,,,,https://www.retailera.co.uk/products/wireless-soundbar-670
03/01/2024,03/01/2024 22:52,SCR-32AE56FDE0B1,RETAILER A,RET-PROD-022,Wireless Soundbar 670,Audio,220.54,,,,https://www.retailera.co.uk/products/wireless-soundbar-670
04/01/2024,04/01/2024 13:43,SCR-F064E33D0752,Retailer-A,RET-PROD-022,Wireless Soundbar 670,Audio,220.54,,,,https://www.retailera.co.uk/products/wireless-soundbar-670
05/01/2024,05/01/2024 11:00,SCR-803B7D5BF747,Ret. A,RET-PROD-022,Wireless Soundbar 670,Audio,220.54,,,,https://www.retailera.co.uk/products/wireless-soundbar-670
06/01/2024,06/01/2024 06:40,SCR-5A249BEE6A2B,retailer a,RET-PROD-022,Wireless Soundbar 670,Audio,220.54,,,,https://www.retailera.co.uk/products/wireless-soundbar-670
07/01/2024,07/01/2024 13:43,SCR-60B122658C7C,Ret. A,RET-PROD-022,Wireless Soundbar 670,Audio,220.54,,,,https://www.retailera.co.uk/products/wireless-soundbar-670
08/01/2024,08/01/2024 09:38,SCR-3F8995D200F9,Retailer A,RET-PROD-022,Wireless Soundbar 670,Audio,220.54,,,,https://www.retailera.co.uk/products/wireless-soundbar-670
09/01/2024,09/01/2024 12:56,SCR-36A4A4C992A8,retailer a,RET-PROD-022,Wireless Soundbar 670,Audio,220.54,,,,https://www.retailera.co.uk/products/wireless-soundbar-670
10/01/2024,10/01/2024 10:18,SCR-14A4BD4E2BE8,RETAILER A,RET-PROD-022,Wireless Soundbar 670,Audio,220.54,,,,https://www.retailera.co.uk/products/wireless-soundbar-670
11/01/2024,11/01/2024 09:03,SCR-E3D0964D0D1F,Retailer-A,RET-PROD-022,Wireless Soundbar 670,Audio,220.54,,,,https://www.retailera.co.uk/products/wireless-soundbar-670
12/01/2024,12/01/2024 08:24,SCR-5F0A8B00A8C6,RetailerA,RET-PROD-022,Wireless Soundbar 670,Audio,220.54,,,,https://www.retailera.co.uk/products/wireless-soundbar-670
13/01/2024,13/01/2024 16:17,SCR-AD3BDED0A2FD,retailer a,RET-PROD-022,Wireless Soundbar 670,Audio,220.54,,,,https://www.retailera.co.uk/products/wireless-soundbar-670
14/01/2024,14/01/2024 08:11,SCR-1F71E919E224,Ret. A,RET-PROD-022,Wireless Soundbar 670,Audio,220.54,,,,https://www.retailera.co.uk/products/wireless-soundbar-670
15/01/2024,15/01/2024 06:25,SCR-297F01E63EAA,Retailer-A,RET-PROD-022,Wireless Soundbar 670,Audio,,,,,https://www.retailera.co.uk/products/wireless-soundbar-670
16/01/2024,16/01/2024 15:38,SCR-5735412C3D09,retailer a,RET-PROD-022,Wireless Soundbar 670,Audio,220.54,,,,https://www.retailera.co.uk/products/wireless-soundbar-670
17/01/2024,17/01/2024 13:57,SCR-CCA3B0020C41,RetailerA,RET-PROD-022,Wireless Soundbar 670,Audio,£220.54,,,,https://www.retailera.co.uk/products/wireless-soundbar-670
18/01/2024,18/01/2024 18:53,SCR-08E18A95EB4B,retailer a,RET-PROD-022,Wireless Soundbar 670,Audio,220.54,,,,https://www.retailera.co.uk/products/wireless-soundbar-670
19/01/2024,19/01/2024 09:24,SCR-58462A4E2088,Ret. A,RET-PROD-022,Wireless Soundbar 670,Audio,220.54,,,,https://www.retailera.co.uk/products/wireless-soundbar-670
20/01/2024,20/01/2024 21:43,SCR-E36A6DFC23E3,RETAILER A,RET-PROD-022,Wireless Soundbar 670,Audio,220.54,,,,https://www.retailera.co.uk/products/wireless-soundbar-670
21/01/2024,21/01/2024 22:26,SCR-3EF38BCC4209,retailer a,RET-PROD-022,Wireless Soundbar 670,Audio,220.54,,,,https://www.retailera.co.uk/products/wireless-soundbar-670
22/01/2024,22/01/2024 17:36,SCR-25A93F1F9DF8,RetailerA,RET-PROD-022,Wireless Soundbar 670,Audio,220.54,,,,https://www.retailera.co.uk/products/wireless-soundbar-670
23/01/2024,23/01/2024 21:23,SCR-DAF312D58796,Retailer-A,RET-PROD-022,Wireless Soundbar 670,AUDIO,220.54,,,,https://www.retailera.co.uk/products/wireless-soundbar-670
24/01/2024,24/01/2024 12:46,SCR-582847F2E630,retailer a,RET-PROD-022,Wireless Soundbar 670,Audio,220.54,,,,https://www.retailera.co.uk/products/wireless-soundbar-670
25/01/2024,25/01/2024 15:48,SCR-A386566002BA,retailer a,RET-PROD-022,Wireless Soundbar 670,electronics,220.54,,,,https://www.retailera.co.uk/products/wireless-soundbar-670
26/01/2024,26/01/2024 12:39,SCR-006AA05F3A45,Retailer A,RET-PROD-022,Wireless Soundbar 670,Audio,220.54,,,,https://www.retailera.co.uk/products/wireless-soundbar-670
27/01/2024,27/01/2024 20:31,SCR-D9AFC7A32483,RetailerA,RET-PROD-022,Wireless Soundbar 670,Audio,220.54,,,,https://www.retailera.co.uk/products/wireless-soundbar-670
28/01/2024,28/01/2024 19:53,SCR-01D4FA71C3B4,Retailer A,RET-PROD-022,Wireless Soundbar 670,Audio,220.54,,,,https://www.retailera.co.uk/products/wireless-soundbar-670
29/01/2024,29/01/2024 18:41,SCR-253CD45A997A,Retailer-A,RET-PROD-022,,Audio,220.54,,,,https://www.retailera.co.uk/products/wireless-soundbar-670
30/01/2024,30/01/2024 21:45,SCR-6A188EF0FF65,RetailerA,RET-PROD-022,Wireless Soundbar 670,Audio,£220.54,,,,https://www.retailera.co.uk/products/wireless-soundbar-670
31/01/2024,31/01/2024 10:39,SCR-BAB5F35989D9,Retailer-A,RET-PROD-022,Wireless Soundbar 670,Audio,220.54,,,,https://www.retailera.co.uk/products/wireless-soundbar-670
01/02/2024,01/02/2024 10:20,SCR-CEDF10AEB8E1,RETAILER A,RET-PROD-022,Wireless Soundbar 670,Audio,220.54,,,,https://www.retailera.co.uk/products/wireless-soundbar-670
02/02/2024,02/02/2024 18:26,SCR-E0BF8FA70801,Retailer A,RET-PROD-022,Wireless Soundbar 670,Audio,152.84,220.54,Was,Flash Sale,https://www.retailera.co.uk/products/wireless-soundbar-670
03/02/2024,03/02/2024 17:10,SCR-923CD739017B,retailer a,RET-PROD-022,Wireless Soundbar 670,Audio,152.84,,,Flash Sale,https://www.retailera.co.uk/products/wireless-soundbar-670
04/02/2024,04/02/2024 13:39,SCR-0A9EB37D52C7,RETAILER A,RET-PROD-022,Wireless Soundbar 670,Audio,152.84,220.54,Was,Flash Sale,https://www.retailera.co.uk/products/wireless-soundbar-670
05/02/2024,05/02/2024 20:11,SCR-1F29077AE9EC,retailer a,RET-PROD-022,Wireless Soundbar 670,Audio,152.84,220.54,Was,Flash Sale,https://www.retailera.co.uk/products/wireless-soundbar-670
06/02/2024,06/02/2024 22:07,SCR-0D49F4017026,retailer a,RET-PROD-022,Wireless Soundbar 670,Audio,152.84,220.54,Was,Flash Sale,https://www.retailera.co.uk/products/wireless-soundbar-670
07/02/2024,07/02/2024 19:29,SCR-6BDF85762F3C,RETAILER A,RET-PROD-022,Wireless Soundbar 670,Audio,152.84,,,Flash Sale,https://www.retailera.co.uk/products/wireless-soundbar-670
08/02/2024,08/02/2024 17:45,SCR-FDD945361E3B,RetailerA,,Wireless Soundbar 670,Audio,152.84,220.54,Was,Flash Sale,https://www.retailera.co.uk/products/wireless-soundbar-670
09/02/2024,09/02/2024 15:12,SCR-438BDFBA3AC8,RETAILER A,RET-PROD-022,Wireless Soundbar 670,Audio,152.84,220.54,,Flash Sale,https://www.retailera.co.uk/products/wireless-soundbar-670
10/02/2024,10/02/2024 19:39,SCR-CF38CAD94324,Retailer A,RET-PROD-022,Wireless Soundbar 670,audio,152.84,220.54,Was,Flash Sale,https://www.retailera.co.uk/products/wireless-soundbar-670
11/02/2024,11/02/2024 17:48,SCR-C640F4D149C7,RetailerA,RET-PROD-022,Wireless Soundbar 670,Audio,152.84,220.54,,Flash Sale,https://www.retailera.co.uk/products/wireless-soundbar-670
12/02/2024,12/02/2024 09:46,SCR-54C97D46AFA6,Ret. A,RET-PROD-022,Wireless Soundbar 670,Audio,152.84,220.54,Previously,Flash Sale,https://www.retailera.co.uk/products/wireless-soundbar-670
13/02/2024,13/02/2024 17:36,SCR-CC57D256F497,RETAILER A,RET-PROD-022,Wireless Soundbar 670,Audio,152.84,220.54,Was,Flash Sale,https://www.retailera.co.uk/products/wireless-soundbar-670
14/02/2024,14/02/2024 08:05,SCR-68BD491EBECB,Ret. A,RET-PROD-022,Wireless Soundbar 670,Audio,152.84,220.54,,Flash Sale,https://www.retailera.co.uk/products/wireless-soundbar-670
15/02/2024,15/02/2024 12:26,SCR-E7D99F8EA1A0,RetailerA,RET-PROD-022,Wireless Soundbar 670,Audio,152.84,,,,https://www.retailera.co.uk/products/wireless-soundbar-670
16/02/2024,16/02/2024 15:03,SCR-B2771E2D4A3F,RETAILER A,RET-PROD-022,Wireless Soundbar 670,Audio,152.84,,,,https://www.retailera.co.uk/products/wireless-soundbar-670
17/02/2024,17/02/2024 13:10,SCR-36EB48CEB9F5,Ret. A,RET-PROD-022,Wireless Soundbar 670,Audio,152.84,,,,https://www.retailera.co.uk/products/wireless-soundbar-670
18/02/2024,18/02/2024 10:17,SCR-94AC5F06EF9A,RETAILER A,RET-PROD-022,Wireless Soundbar 670,Audio,152.84,,,,https://www.retailera.co.uk/products/wireless-soundbar-670
19/02/2024,19/02/2024 11:28,SCR-8730230AEEBC,Retailer A,RET-PROD-022,Wireless Soundbar 670,Audio,152.84,,,,https://www.retailera.co.uk/products/wireless-soundbar-670
20/02/2024,20/02/2024 21:17,SCR-C0688FD4F8DA,Ret. A,RET-PROD-022,Wireless Soundbar 670,Audio,152.84,,,,https://www.retailera.co.uk/products/wireless-soundbar-670
21/02/2024,21/02/2024 16:09,SCR-DEA5FBB1AFAC,Retailer A,RET-PROD-022,Wireless Soundbar 670,Audio,152.84,,,,https://www.retailera.co.uk/products/wireless-soundbar-670
22/02/2024,22/02/2024 09:28,SCR-F888461ABF5D,RetailerA,RET-PROD-022,Wireless Soundbar 670,Audio,152.84,,,,https://www.retailera.co.uk/products/wireless-soundbar-670
23/02/2024,23/02/2024 19:34,SCR-8CEF16E2726E,RetailerA,RET-PROD-022,Wireless Soundbar 670,Audio,152.84,,,,https://www.retailera.co.uk/products/wireless-soundbar-670
24/02/2024,24/02/2024 09:09,SCR-9C2B77E63B8A,RETAILER A,RET-PROD-022,Wireless Soundbar 670,Audio,152.84,,,,https://www.retailera.co.uk/products/wireless-soundbar-670
25/02/2024,25/02/2024 11:12,SCR-E32AE89D357B,retailer a,RET-PROD-022,Wireless Soundbar 670,Audio,152.84,,,,https://www.retailera.co.uk/products/wireless-soundbar-670
26/02/2024,26/02/2024 16:20,SCR-20071EF99B19,Retailer A,RET-PROD-022,Wireless Soundbar 670,Audio,152.84,,,,https://www.retailera.co.uk/products/wireless-soundbar-670
27/02/2024,27/02/2024 21:26,SCR-F26A4A4CB14A,Retailer-A,RET-PROD-022,Wireless Soundbar 670,electronics,152.84,,,,https://www.retailera.co.uk/products/wireless-soundbar-670
28/02/2024,28/02/2024 17:26,SCR-E7F7536B0F3D,Retailer-A,RET-PROD-022,Wireless Soundbar 670,Audio,152.84,,,,https://www.retailera.co.uk/products/wireless-soundbar-670
29/02/2024,29/02/2024 11:18,SCR-C933EEADBCBA,RETAILER A,RET-PROD-022,Wireless Soundbar 670,Audio,152.84,,,,https://www.retailera.co.uk/products/wireless-soundbar-670
01/03/2024,01/03/2024 07:57,SCR-C502EB974EFB,RetailerA,RET-PROD-022,Wireless Soundbar 670,Audio,152.84,,,,https://www.retailera.co.uk/products/wireless-soundbar-670
02/03/2024,02/03/2024 18:35,SCR-7E2F2CC751AE,Retailer A,RET-PROD-022,Wireless Soundbar 670,Audio,152.84,,,,https://www.retailera.co.uk/products/wireless-soundbar-670
03/03/2024,1709475499,SCR-362425519332,RETAILER A,RET-PROD-022,Wireless Soundbar 670,Audio,152.84,,,,https://www.retailera.co.uk/products/wireless-soundbar-670
04/03/2024,04/03/2024 20:53,SCR-03091DE52AFA,Retailer-A,RET-PROD-022,Wireless Soundbar 670,Audio,152.84,,,,https://www.retailera.co.uk/products/wireless-soundbar-670
05/03/2024,05/03/2024 14:20,SCR-BAB2CBE9EB85,Retailer-A,RET-PROD-022,Wireless Soundbar 670,Audio,152.84,,,,https://www.retailera.co.uk/products/wireless-soundbar-670
06/03/2024,06/03/2024 10:52,SCR-ECB142803E30,retailer a,RET-PROD-022,Wireless Soundbar 670,audio,152.84,,,,https://www.retailera.co.uk/products/wireless-soundbar-670
07/03/2024,07/03/2024 20:57,SCR-B01DE2A1EC29,RETAILER A,RET-PROD-022,Wireless Soundbar 670,Audio,152.84,,,,https://www.retailera.co.uk/products/wireless-soundbar-670
08/03/2024,08/03/2024 14:42,SCR-BB0F87B498B4,Retailer-A,RET-PROD-022,Wireless Soundbar 670,Audio,152.84,,,,https://www.retailera.co.uk/products/wireless-soundbar-670
09/03/2024,09/03/2024 19:35,SCR-AE22061CDEA4,Retailer-A,RET-PROD-022,Wireless Soundbar 670,Audio,152.84,,,,https://www.retailera.co.uk/products/wireless-soundbar-670
10/03/2024,10/03/2024 12:25,SCR-85368094E13B,RETAILER A,RET-PROD-022,Wireless Soundbar 670,electronics,152.84,,,,https://www.retailera.co.uk/products/wireless-soundbar-670
11/03/2024,11/03/2024 08:02,SCR-7FCA931EFC4F,Retailer-A,RET-PROD-022,Wireless Soundbar 670,Audio,152.84,,,,https://www.retailera.co.uk/products/wireless-soundbar-670
12/03/2024,12/03/2024 14:33,SCR-DA472EDE52C2,RetailerA,RET-PROD-022,Wireless Soundbar 670,Audio,152.84,,,,https://www.retailera.co.uk/products/wireless-soundbar-670
13/03/2024,13/03/2024 21:38,SCR-00E4732FABA0,Retailer-A,,Wireless Soundbar 670,Audio,152.84,,,,https://www.retailera.co.uk/products/wireless-soundbar-670
14/03/2024,14/03/2024 16:03,SCR-4BD5804F839D,RetailerA,RET-PROD-022,Wireless Soundbar 670,Audio,152.84,,,,https://www.retailera.co.uk/products/wireless-soundbar-670
15/03/2024,15/03/2024 14:08,SCR-2020F14E6419,Retailer A,RET-PROD-022,Wireless Soundbar 670,Audio,152.84,,,,https://www.retailera.co.uk/products/wireless-soundbar-670
16/03/2024,16/03/2024 06:07,SCR-0195564D131F,RETAILER A,RET-PROD-022,Wireless Soundbar 670,Audio,152.84,,,,https://www.retailera.co.uk/products/wireless-soundbar-670
17/03/2024,17/03/2024 20:45,SCR-CE31683F05D6,Retailer A,RET-PROD-022,Wireless Soundbar 670,Audio,152.84,,,,https://www.retailera.co.uk/products/wireless-soundbar-670
18/03/2024,18/03/2024 19:38,SCR-C51FB058C011,retailer a,RET-PROD-022,Wireless Soundbar 670,Audio,152.84,,,,https://www.retailera.co.uk/products/wireless-soundbar-670
19/03/2024,19/03/2024 14:47,SCR-64E0A8A88542,Retailer A,RET-PROD-022,Wireless Soundbar 670,Audio,152.84,,,,https://www.retailera.co.uk/products/wireless-soundbar-670
20/03/2024,20/03/2024 12:30,SCR-3EEDB732D83E,Retailer A,RET-PROD-022,Wireless Soundbar 670,Audio,152.84,,,,https://www.retailera.co.uk/products/wireless-soundbar-670
21/03/2024,21/03/2024 10:03,SCR-25A8D7FC49A3,RETAILER A,RET-PROD-022,Wireless Soundbar 670,Audio,152.84,,,,https://www.retailera.co.uk/products/wireless-soundbar-670
22/03/2024,22/03/2024 17:47,SCR-8E4FCA906BCF,Retailer A,RET-PROD-022,Wireless Soundbar 670,Audio,£152.84,,,,https://www.retailera.co.uk/products/wireless-soundbar-670
23/03/2024,23/03/2024 13:59,SCR-40846D6ABD5D,Retailer A,RET-PROD-022,Wireless Soundbar 670,Audio,152.84,,,,https://www.retailera.co.uk/products/wireless-soundbar-670
24/03/2024,24/03/2024 15:19,SCR-F86DA7837AD0,RETAILER A,RET-PROD-022,Wireless Soundbar 670,audio,152.84,,,,https://www.retailera.co.uk/products/wireless-soundbar-670
25/03/2024,25/03/2024 14:43,SCR-AAAA44FD5EEA,RETAILER A,,Wireless Soundbar 670,Audio,152.84,,,,https://www.retailera.co.uk/products/wireless-soundbar-670
26/03/2024,26/03/2024 06:24,SCR-3CCC69088A1B,Retailer A,RET-PROD-022,Wireless Soundbar 670,Audio,152.84,,,,https://www.retailera.co.uk/products/wireless-soundbar-670
27/03/2024,27/03/2024 07:40,SCR-B00305C4EEE9,Retailer A,RET-PROD-022,Wireless Soundbar 670,Audio,152.84,,,,https://www.retailera.co.uk/products/wireless-soundbar-670
28/03/2024,28/03/2024 09:39,SCR-865EA207444F,retailer a,RET-PROD-022,Wireless Soundbar 670,Audio,152.84,,,,https://www.retailera.co.uk/products/wireless-soundbar-670
29/03/2024,29/03/2024 10:31,SCR-42642445698C,Retailer-A,RET-PROD-022,Wireless Soundbar 670,Audio,152.84,,,,https://www.retailera.co.uk/products/wireless-soundbar-670
30/03/2024,30/03/2024 12:09,SCR-911ED31A336F,retailer a,RET-PROD-022,Wireless Soundbar 670,Audio,152.84,,,,https://www.retailera.co.uk/products/wireless-soundbar-670
01/01/2024,01/01/2024 15:38,SCR-67538F7E2904,RETAILER A,RET-PROD-023,Classic Amplifier 373,Audio,68.94,,,,https://www.retailera.co.uk/products/classic-amplifier-373
02/01/2024,02/01/2024 22:12,SCR-D89C89B62E83,Ret. A,RET-PROD-023,Classic Amplifier 373,Audio,68.94,,,,https://www.retailera.co.uk/products/classic-amplifier-373
03/01/2024,03/01/2024 22:15,SCR-E4D52C21CDC8,retailer a,RET-PROD-023,Classic Amplifier 373,Audio,68.94,,,,https://www.retailera.co.uk/products/classic-amplifier-373
04/01/2024,04/01/2024 19:07,SCR-E7D91E9BC1A3,RetailerA,RET-PROD-023,Classic Amplifier 373,Audio,68.94,,,,https://www.retailera.co.uk/products/classic-amplifier-373
05/01/2024,05/01/2024 16:33,SCR-9FE749A9989F,RETAILER A,RET-PROD-023,Classic Amplifier 373,Audio,,,,,https://www.retailera.co.uk/products/classic-amplifier-373
06/01/2024,06/01/2024 17:40,SCR-8CE9250920A3,Ret. A,RET-PROD-023,Classic Amplifier 373,Audio,68.94,,,,https://www.retailera.co.uk/products/classic-amplifier-373
07/01/2024,07/01/2024 18:46,SCR-E1A94E982E02,retailer a,RET-PROD-023,Classic Amplifier 373,Audio,68.94,,,,https://www.retailera.co.uk/products/classic-amplifier-373
08/01/2024,08/01/2024 17:20,SCR-7F4576FA715C,Ret. A,RET-PROD-023,Classic Amplifier 373,electronics,68.94,,,,https://www.retailera.co.uk/products/classic-amplifier-373
09/01/2024,09/01/2024 21:58,SCR-2BDE97A9149C,RETAILER A,RET-PROD-023,Classic Amplifier 373,Audio,68.94,,,,https://www.retailera.co.uk/products/classic-amplifier-373
10/01/2024,10/01/2024 07:54,SCR-924FE56E05F2,Retailer-A,RET-PROD-023,Classic Amplifier 373,Audio,68.94,,,,https://www.retailera.co.uk/products/classic-amplifier-373
11/01/2024,11/01/2024 07:56,SCR-86827C9D068A,retailer a,RET-PROD-023,Classic Amplifier 373,,68.94,,,,https://www.retailera.co.uk/products/classic-amplifier-373
12/01/2024,12/01/2024 07:24,SCR-6726DB2EBAC7,retailer a,RET-PROD-023,Classic Amplifier 373,Audio,68.94,,,,https://www.retailera.co.uk/products/classic-amplifier-373
13/01/2024,13/01/2024 15:36,SCR-89992B11BD5F,Ret. A,RET-PROD-023,Classic Amplifier 373,Audio,£68.94,,,,https://www.retailera.co.uk/products/classic-amplifier-373
14/01/2024,14/01/2024 10:59,SCR-9CB08F607D77,Ret. A,RET-PROD-023,Classic Amplifier 373,Audio,68.94,,,,https://www.retailera.co.uk/products/classic-amplifier-373
15/01/2024,15/01/2024 07:05,SCR-29E20A33EDEA,Ret. A,RET-PROD-023,Classic Amplifier 373,,68.94,,,,https://www.retailera.co.uk/products/classic-amplifier-373
16/01/2024,16/01/2024 08:53,SCR-5EEF869BF080,RetailerA,RET-PROD-023,Classic Amplifier 373,Audio,68.94,,,,https://www.retailera.co.uk/products/classic-amplifier-373
17/01/2024,17/01/2024 09:04,SCR-376843186FF1,RetailerA,RET-PROD-023,Classic Amplifier 373,Audio,68.94,,,,https://www.retailera.co.uk/products/classic-amplifier-373
18/01/2024,18/01/2024 07:05,SCR-56D7B5444C58,Ret. A,RET-PROD-023,Classic Amplifier 373,Audio,68.94,,,,https://www.retailera.co.uk/products/classic-amplifier-373
19/01/2024,19/01/2024 18:54,SCR-7ABA6EA978D5,Retailer A,RET-PROD-023,Classic Amplifier 373,,68.94,,,,https://www.retailera.co.uk/products/classic-amplifier-373
20/01/2024,20/01/2024 09:40,SCR-903D55F44C93,retailer a,RET-PROD-023,Classic Amplifier 373,Audio,68.94,,,,https://www.retailera.co.uk/products/classic-amplifier-373
21/01/2024,21/01/2024 13:44,SCR-5A40F2F55C81,Retailer-A,RET-PROD-023,Classic Amplifier 373,Audio,68.94,,,,https://www.retailera.co.uk/products/classic-amplifier-373
22/01/2024,22/01/2024 17:14,SCR-F5938C4E42C7,RetailerA,RET-PROD-023,Classic Amplifier 373,ELECTRONICS,68.94,,,,https://www.retailera.co.uk/products/classic-amplifier-373
23/01/2024,23/01/2024 13:15,SCR-12AAB9BB42D0,Retailer A,RET-PROD-023,Classic Amplifier 373,Audio,68.94,,,,https://www.retailera.co.uk/products/classic-amplifier-373
24/01/2024,24/01/2024 15:05,SCR-84677B561C0F,Retailer-A,RET-PROD-023,Classic Amplifier 373,Audio,68.94,,,,https://www.retailera.co.uk/products/classic-amplifier-373
25/01/2024,25/01/2024 17:20,SCR-10F6122DC88E,Retailer A,RET-PROD-023,Classic Amplifier 373,Audio,68.94,,,,https://www.retailera.co.uk/products/classic-amplifier-373
26/01/2024,26/01/2024 22:15,SCR-730E3391BCD7,retailer a,RET-PROD-023,Classic Amplifier 373,,68.94,,,,https://www.retailera.co.uk/products/classic-amplifier-373
27/01/2024,27/01/2024 09:18,SCR-C8FC65629173,RETAILER A,RET-PROD-023,Classic Amplifier 373,Audio,68.94,,,,https://www.retailera.co.uk/products/classic-amplifier-373
28/01/2024,28/01/2024 11:29,SCR-CF4140DE6496,RetailerA,RET-PROD-023,Classic Amplifier 373,ELECTRONICS,68.94,,,,https://www.retailera.co.uk/products/classic-amplifier-373
29/01/2024,29/01/2024 09:33,SCR-5A1C6CC0C6A8,RetailerA,RET-PROD-023,Classic Amplifier 373,,68.94,,,,https://www.retailera.co.uk/products/classic-amplifier-373
30/01/2024,30/01/2024 16:53,SCR-D7AE16B48CDB,RetailerA,RET-PROD-023,Classic Amplifier 373,Audio,68.94,,,,https://www.retailera.co.uk/products/classic-amplifier-373
31/01/2024,31/01/2024 15:24,SCR-4CF620C70AF2,Ret. A,,Classic Amplifier 373,Audio,£68.94,,,,https://www.retailera.co.uk/products/classic-amplifier-373
01/02/2024,01/02/2024 22:41,SCR-16F6ED311950,RetailerA,RET-PROD-023,Classic Amplifier 373,Audio,68.94,,,,https://www.retailera.co.uk/products/classic-amplifier-373
02/02/2024,1706898226,SCR-FE53EAC84450,RETAILER A,RET-PROD-023,Classic Amplifier 373,Audio,68.94,,,,https://www.retailera.co.uk/products/classic-amplifier-373
03/02/2024,03/02/2024 07:33,SCR-E75402FFD112,RetailerA,RET-PROD-023,Classic Amplifier 373,Audio,68.94,,,,https://www.retailera.co.uk/products/classic-amplifier-373
04/02/2024,04/02/2024 12:48,SCR-E76B7EF1B4C3,RETAILER A,,Classic Amplifier 373,Audio,47.49,68.94,Was,Winter Sale,https://www.retailera.co.uk/products/classic-amplifier-373
05/02/2024,05/02/2024 15:37,SCR-DFC5C8D10874,RETAILER A,RET-PROD-023,Classic Amplifier 373,,47.49,,,Winter Sale,https://www.retailera.co.uk/products/classic-amplifier-373
06/02/2024,06/02/2024 19:58,SCR-D335A214F3A4,Retailer-A,RET-PROD-023,Classic Amplifier 373,Audio,47.49,68.94,Was,Winter Sale,https://www.retailera.co.uk/products/classic-amplifier-373
07/02/2024,07/02/2024 14:27,SCR-1BE7E60081DC,Retailer A,RET-PROD-023,Classic Amplifier 373,Audio,47.49,68.94 GBP,Was,Winter Sale,https://www.retailera.co.uk/products/classic-amplifier-373
08/02/2024,08/02/2024 18:25,SCR-FBDC3387DC93,Retailer-A,RET-PROD-023,Classic Amplifier 373,Audio,47.49,68.94,,Winter Sale,https://www.retailera.co.uk/products/classic-amplifier-373
09/02/2024,09/02/2024 20:18,SCR-0A2ABBC0F3CE,RETAILER A,RET-PROD-023,Classic Amplifier 373,Audio,47.49,68.94,Was,Winter Sale,https://www.retailera.co.uk/products/classic-amplifier-373
10/02/2024,10/02/2024 09:36,SCR-76CD724A1305,Ret. A,RET-PROD-023,,Audio,47.49,,,Winter Sale,https://www.retailera.co.uk/products/classic-amplifier-373
11/02/2024,11/02/2024 11:16,SCR-784A7C399AA5,retailer a,RET-PROD-023,Classic Amplifier 373,Audio,47.49,68.94,Was,Winter Sale,https://www.retailera.co.uk/products/classic-amplifier-373
12/02/2024,12/02/2024 09:27,SCR-94B967C39AC3,Retailer A,RET-PROD-023,Classic Amplifier 373,Audio,47.49,68.94,Was,Winter Sale,https://www.retailera.co.uk/products/classic-amplifier-373
13/02/2024,13/02/2024 20:40,SCR-6F9A47ADFE61,Retailer A,,Classic Amplifier 373,Audio,47.49,68.94,Was,Winter Sale,https://www.retailera.co.uk/products/classic-amplifier-373
14/02/2024,14/02/2024 06:33,SCR-BC32BD7A03D3,Ret. A,RET-PROD-023,Classic Amplifier 373,Audio,47.49,68.94,Was,,https://www.retailera.co.uk/products/classic-amplifier-373
15/02/2024,15/02/2024 22:55,SCR-A5EA8A2BE7A7,Retailer-A,RET-PROD-023,,Audio,47.49,68.94,Previously,,https://www.retailera.co.uk/products/classic-amplifier-373
16/02/2024,16/02/2024 22:43,SCR-DEAD60CCD690,Retailer-A,RET-PROD-023,Classic Amplifier 373,Audio,47.49,68.94,Was,,https://www.retailera.co.uk/products/classic-amplifier-373
17/02/2024,17/02/2024 10:30,SCR-816E1D11D708,RETAILER A,RET-PROD-023,,Audio,47.49,68.94,Was,,https://www.retailera.co.uk/products/classic-amplifier-373
18/02/2024,18/02/2024 17:42,SCR-53EF74B7FC35,Ret. A,RET-PROD-023,Classic Amplifier 373,ELECTRONICS,47.49,68.94,,,https://www.retailera.co.uk/products/classic-amplifier-373
19/02/2024,19/02/2024 13:29,SCR-5FE91A4C891A,retailer a,RET-PROD-023,Classic Amplifier 373,Audio,47.49,68.94,Was,,https://www.retailera.co.uk/products/classic-amplifier-373
20/02/2024,20/02/2024 19:01,SCR-6C85B8695E0D,Retailer-A,RET-PROD-023,Classic Amplifier 373,Audio,47.49,,,,https://www.retailera.co.uk/products/classic-amplifier-373
21/02/2024,21/02/2024 22:28,SCR-836E025A399A,Retailer-A,RET-PROD-023,Classic Amplifier 373,Audio,47.49,68.94,Was,,https://www.retailera.co.uk/products/classic-amplifier-373
22/02/2024,22/02/2024 19:42,SCR-0E40D8E0AAB9,Retailer A,RET-PROD-023,Classic Amplifier 373,Audio,47.49,68.94,Was,,https://www.retailera.co.uk/products/classic-amplifier-373
23/02/2024,23/02/2024 09:52,SCR-777477C3523C,Retailer A,RET-PROD-023,Classic Amplifier 373,Audio,47.49,68.94,Was,,https://www.retailera.co.uk/products/classic-amplifier-373
24/02/2024,24/02/2024 12:56,SCR-66F73EDB2489,Retailer-A,RET-PROD-023,Classic Amplifier 373,Audio,47.49,68.94,Was,,https://www.retailera.co.uk/products/classic-amplifier-373
25/02/2024,25/02/2024 10:35,SCR-E2BE1AE71C74,Ret. A,RET-PROD-023,Classic Amplifier 373,Audio,47.49,68.94,Was,,https://www.retailera.co.uk/products/classic-amplifier-373
26/02/2024,26/02/2024 06:58,SCR-D59C860DCCD3,Ret. A,RET-PROD-023,Classic Amplifier 373,Audio,47.49,,,,https://www.retailera.co.uk/products/classic-amplifier-373
27/02/2024,27/02/2024 16:46,SCR-47D08D600C36,Retailer A,RET-PROD-023,Classic Amplifier 373,Audio,47.49,68.94,Was,,https://www.retailera.co.uk/products/classic-amplifier-373
28/02/2024,28/02/2024 21:56,SCR-3FB7F81BA2D3,Retailer A,RET-PROD-023,Classic Amplifier 373,Audio,47.49,68.94,Was,,https://www.retailera.co.uk/products/classic-amplifier-373
29/02/2024,29/02/2024 21:59,SCR-34D7EF942BB3,Ret. A,RET-PROD-023,Classic Amplifier 373,Audio,47.49,68.94,Was,,https://www.retailera.co.uk/products/classic-amplifier-373
01/03/2024,01/03/2024 22:54,SCR-EFC4D64F3C17,Retailer-A,RET-PROD-023,Classic Amplifier 373,Audio,,68.94,Orig.,,https://www.retailera.co.uk/products/classic-amplifier-373
02/03/2024,02/03/2024 07:15,SCR-53A6EEEE304D,retailer a,RET-PROD-023,Classic Amplifier 373,Audio,47.49,68.94,Was:,,https://www.retailera.co.uk/products/classic-amplifier-373
03/03/2024,03/03/2024 07:45,SCR-C4E11C631BC0,retailer a,RET-PROD-023,Classic Amplifier 373,Audio,47.49,68.94,,,https://www.retailera.co.uk/products/classic-amplifier-373
04/03/2024,04/03/2024 19:24,SCR-72AA7239C9A5,Retailer-A,RET-PROD-023,,Audio,47.49,68.94,Was,,https://www.retailera.co.uk/products/classic-amplifier-373
05/03/2024,05/03/2024 13:10,SCR-3696C612BFC6,retailer a,RET-PROD-023,Classic Amplifier 373,Audio,£47.49,68.94,Was:,,https://www.retailera.co.uk/products/classic-amplifier-373
06/03/2024,06/03/2024 15:17,SCR-F5B7CDD73C7B,Ret. A,,Classic Amplifier 373,Audio,47.49,68.94,,,https://www.retailera.co.uk/products/classic-amplifier-373
07/03/2024,07/03/2024 14:15,SCR-A777DF745EAC,RetailerA,,Classic Amplifier 373,Audio,47.49,68.94,Was,,https://www.retailera.co.uk/products/classic-amplifier-373
08/03/2024,08/03/2024 22:19,SCR-4200ACDAE977,retailer a,RET-PROD-023,Classic Amplifier 373,Audio,47.49,68.94,Orig.,,https://www.retailera.co.uk/products/classic-amplifier-373
09/03/2024,09/03/2024 06:12,SCR-8F65F82406AA,RetailerA,RET-PROD-023,Classic Amplifier 373,Audio,47.49,68.94,Was,,https://www.retailera.co.uk/products/classic-amplifier-373
10/03/2024,10/03/2024 15:10,SCR-E6BB039A1FD4,RETAILER A,RET-PROD-023,Classic Amplifier 373,Audio,47.49,68.94,Was,,https://www.retailera.co.uk/products/classic-amplifier-373
11/03/2024,11/03/2024 21:00,SCR-B89921EF9977,RetailerA,RET-PROD-023,Classic Amplifier 373,Audio,47.49,68.94,,,https://www.retailera.co.uk/products/classic-amplifier-373
12/03/2024,12/03/2024 14:52,SCR-65D1B7B52956,Retailer A,RET-PROD-023,Classic Amplifier 373,Audio,47.49,68.94,Was,,https://www.retailera.co.uk/products/classic-amplifier-373
13/03/2024,13/03/2024 10:47,SCR-6A1B08879BD9,retailer a,RET-PROD-023,Classic Amplifier 373,Audio,47.49,68.94,Was,,https://www.retailera.co.uk/products/classic-amplifier-373
14/03/2024,14/03/2024 06:26,SCR-97D8FCBA72BB,retailer a,RET-PROD-023,Classic Amplifier 373,Audio,47.49,68.94,Was,,https://www.retailera.co.uk/products/classic-amplifier-373
15/03/2024,15/03/2024 21:48,SCR-2EE1A69C37A4,RETAILER A,RET-PROD-023,Classic Amplifier 373,Audio,47.49,,,,https://www.retailera.co.uk/products/classic-amplifier-373
16/03/2024,16/03/2024 20:45,SCR-FB2D2520CC6B,Retailer A,RET-PROD-023,Classic Amplifier 373,AUDIO,47.49,68.94,Was,,https://www.retailera.co.uk/products/classic-amplifier-373
17/03/2024,17/03/2024 20:54,SCR-E7D413BC4488,Retailer-A,RET-PROD-023,Classic Amplifier 373,Audio,47.49,68.94,Was,,https://www.retailera.co.uk/products/classic-amplifier-373
18/03/2024,18/03/2024 16:40,SCR-5FB38084FD92,Retailer A,RET-PROD-023,Classic Amplifier 373,Audio,47.49,,,,https://www.retailera.co.uk/products/classic-amplifier-373
19/03/2024,19/03/2024 09:53,SCR-7C5FD37F1B81,RetailerA,RET-PROD-023,Classic Amplifier 373,Audio,47.49,68.94,Was,,https://www.retailera.co.uk/products/classic-amplifier-373
20/03/2024,20/03/2024 06:01,SCR-B028AEC5545A,retailer a,RET-PROD-023,Classic Amplifier 373,Audio,47.49,68.94,Orig.,,https://www.retailera.co.uk/products/classic-amplifier-373
21/03/2024,21/03/2024 20:13,SCR-3F202FFFDC89,RETAILER A,RET-PROD-023,Classic Amplifier 373,Audio,47.49,68.94,Was,,https://www.retailera.co.uk/products/classic-amplifier-373
22/03/2024,22/03/2024 07:38,SCR-D1995A06E355,Ret. A,RET-PROD-023,Classic Amplifier 373,Audio,47.49,68.94,Was,,https://www.retailera.co.uk/products/classic-amplifier-373
23/03/2024,23/03/2024 07:52,SCR-E19937771A79,retailer a,RET-PROD-023,Classic Amplifier 373,Audio,47.49,68.94,Was,,https://www.retailera.co.uk/products/classic-amplifier-373
24/03/2024,24/03/2024 20:40,SCR-B721E2722672,Retailer A,RET-PROD-023,Classic Amplifier 373,Audio,47.49,68.94,Was,,https://www.retailera.co.uk/products/classic-amplifier-373
25/03/2024,25/03/2024 06:57,SCR-9CF0B5C1F3F6,retailer a,RET-PROD-023,Classic Amplifier 373,Audio,47.49,,,,https://www.retailera.co.uk/products/classic-amplifier-373
26/03/2024,26/03/2024 14:34,SCR-0B42906333E4,RetailerA,RET-PROD-023,Classic Amplifier 373,Audio,47.49,68.94,Was,,https://www.retailera.co.uk/products/classic-amplifier-373
27/03/2024,1711526467,SCR-E8EEC403A596,Ret. A,RET-PROD-023,Classic Amplifier 373,Audio,47.49,68.94,Was,,https://www.retailera.co.uk/products/classic-amplifier-373
28/03/2024,28/03/2024 15:05,SCR-F2BA097C47F5,RetailerA,RET-PROD-023,Classic Amplifier 373,Audio,47.49,68.94,,,https://www.retailera.co.uk/products/classic-amplifier-373
29/03/2024,29/03/2024 18:20,SCR-8CE541822EE9,Retailer-A,RET-PROD-023,Classic Amplifier 373,Audio,47.49,,,,https://www.retailera.co.uk/products/classic-amplifier-373
30/03/2024,30/03/2024 19:27,SCR-4A3606ED39E4,Ret. A,,Classic Amplifier 373,electronics,47.49,68.94,Was,,https://www.retailera.co.uk/products/classic-amplifier-373
01/01/2024,01/01/2024 22:04,SCR-93C4195453FE,Retailer D,RET-PROD-024,Advanced Webcam 292,Computing,652.45,860.66,RRP,,https://www.retailerd.co.uk/products/advanced-webcam-292
02/01/2024,02/01/2024 15:03,SCR-51F3E495F21B,RetailerD,RET-PROD-024,Advanced Webcam 292,Computing,652.45,860.66,RRP,,https://www.retailerd.co.uk/products/advanced-webcam-292
03/01/2024,03/01/2024 10:41,SCR-876EA25DA2C7,Retailer D Ltd,RET-PROD-024,Advanced Webcam 292,Computing,652.45,860.66,,,https://www.retailerd.co.uk/products/advanced-webcam-292
04/01/2024,04/01/2024 14:18,SCR-10C8CA06335F,Retailer D Ltd,RET-PROD-024,Advanced Webcam 292,Computing,652.45,860.66,RRP,,https://www.retailerd.co.uk/products/advanced-webcam-292
05/01/2024,05/01/2024 16:44,SCR-99173541027A,retailer d,RET-PROD-024,Advanced Webcam 292,,652.45,,,,https://www.retailerd.co.uk/products/advanced-webcam-292
06/01/2024,06/01/2024 18:32,SCR-C6DEA1EFB248,Retailer D,RET-PROD-024,Advanced Webcam 292,Computing,652.45,860.66,RRP,,https://www.retailerd.co.uk/products/advanced-webcam-292
07/01/2024,07/01/2024 21:58,SCR-8B65D0984FE8,RetailerD,RET-PROD-024,Advanced Webcam 292,Computing,652.45,860.66,RRP,,https://www.retailerd.co.uk/products/advanced-webcam-292
08/01/2024,08/01/2024 16:07,SCR-54A2164B1CB4,RetailerD,RET-PROD-024,Advanced Webcam 292,Computing,652.45,860.66,RRP,,https://www.retailerd.co.uk/products/advanced-webcam-292
09/01/2024,09/01/2024 19:35,SCR-58B820B62E6D,retailer d,,Advanced Webcam 292,Computing,652.45,860.66 GBP,RRP,,https://www.retailerd.co.uk/products/advanced-webcam-292
10/01/2024,10/01/2024 18:25,SCR-63B21FB7A24C,Retailer D,RET-PROD-024,Advanced Webcam 292,Computing,652.45,860.66,RRP,,https://www.retailerd.co.uk/products/advanced-webcam-292
11/01/2024,11/01/2024 20:07,SCR-4823E2E35D18,retailer d,RET-PROD-024,Advanced Webcam 292,Computing,652.45,860.66,RRP,,https://www.retailerd.co.uk/products/advanced-webcam-292
12/01/2024,12/01/2024 07:09,SCR-D21CC2C2F833,RetailerD,RET-PROD-024,Advanced Webcam 292,Computing,652.45,860.66,RRP,,https://www.retailerd.co.uk/products/advanced-webcam-292
13/01/2024,13/01/2024 09:10,SCR-94F557ABE27A,RetailerD,RET-PROD-024,Advanced Webcam 292,Computing,652.45,860.66,RRP,,https://www.retailerd.co.uk/products/advanced-webcam-292
14/01/2024,14/01/2024 18:11,SCR-81EFFB72B7A1,RetailerD,RET-PROD-024,Advanced Webcam 292,Computing,652.45,860.66,RRP,,https://www.retailerd.co.uk/products/advanced-webcam-292
15/01/2024,15/01/2024 09:01,SCR-25AA0E366F8D,Retailer D Ltd,RET-PROD-024,Advanced Webcam 292,Computing,652.45,,,,https://www.retailerd.co.uk/products/advanced-webcam-292
16/01/2024,16/01/2024 19:19,SCR-0E3233A26E31,RetailerD,RET-PROD-024,Advanced Webcam 292,Computing,652.45,860.66,RRP,,https://www.retailerd.co.uk/products/advanced-webcam-292
17/01/2024,17/01/2024 09:28,SCR-FF327127EC52,Retailer D,RET-PROD-024,Advanced Webcam 292,Computing,652.45,860.66,RRP,,https://www.retailerd.co.uk/products/advanced-webcam-292
18/01/2024,18/01/2024 14:54,SCR-4CCD4D4D786C,Retailer D Ltd,RET-PROD-024,Advanced Webcam 292,Computing,652.45,860.66,RRP,,https://www.retailerd.co.uk/products/advanced-webcam-292
19/01/2024,19/01/2024 14:09,SCR-E2C1624B9D0F,retailer d,RET-PROD-024,Advanced Webcam 292,Computing,652.45,860.66,RRP,,https://www.retailerd.co.uk/products/advanced-webcam-292
20/01/2024,20/01/2024 08:34,SCR-615FBF5217F7,RetailerD,RET-PROD-024,Advanced Webcam 292,Computing,652.45,860.66,RRP,,https://www.retailerd.co.uk/products/advanced-webcam-292
21/01/2024,21/01/2024 08:45,SCR-CA88816FFBD7,Retailer D,RET-PROD-024,Advanced Webcam 292,COMPUTING,652.45,860.66,RRP,,https://www.retailerd.co.uk/products/advanced-webcam-292
22/01/2024,22/01/2024 10:39,SCR-7DE2D1396060,RetailerD,RET-PROD-024,Advanced Webcam 292,Computing,652.45,860.66,RRP,,https://www.retailerd.co.uk/products/advanced-webcam-292
23/01/2024,23/01/2024 15:26,SCR-2A86C6D4BA08,retailer d,RET-PROD-024,Advanced Webcam 292,Computing,652.45,860.66,,,https://www.retailerd.co.uk/products/advanced-webcam-292
24/01/2024,24/01/2024 13:45,SCR-A322A6BB0E16,Retailer D,RET-PROD-024,Advanced Webcam 292,Computing,652.45,860.66,RRP,,https://www.retailerd.co.uk/products/advanced-webcam-292
25/01/2024,25/01/2024 20:46,SCR-7D570574FD08,Retailer D,RET-PROD-024,Advanced Webcam 292,Computing,652.45,860.66,RRP,,https://www.retailerd.co.uk/products/advanced-webcam-292
26/01/2024,26/01/2024 19:44,SCR-85A99CF94ADF,Retailer D Ltd,RET-PROD-024,Advanced Webcam 292,Computing,652.45,860.66,RRP,,https://www.retailerd.co.uk/products/advanced-webcam-292
27/01/2024,27/01/2024 16:16,SCR-5F678E229F1F,Retailer D,RET-PROD-024,Advanced Webcam 292,COMPUTING,652.45,860.66,RRP,,https://www.retailerd.co.uk/products/advanced-webcam-292
28/01/2024,28/01/2024 21:35,SCR-99E9737E3CFD,retailer d,,Advanced Webcam 292,Computing,652.45,860.66,RRP,,https://www.retailerd.co.uk/products/advanced-webcam-292
29/01/2024,29/01/2024 14:22,SCR-D8DA60ADB2C6,Retailer D Ltd,RET-PROD-024,Advanced Webcam 292,Computing,652.45,860.66,RRP,,https://www.retailerd.co.uk/products/advanced-webcam-292
30/01/2024,30/01/2024 18:09,SCR-EF0DB78B5A94,Retailer D Ltd,RET-PROD-024,Advanced Webcam 292,Computing,,860.66,RRP,,https://www.retailerd.co.uk/products/advanced-webcam-292
31/01/2024,31/01/2024 16:03,SCR-E17BAA759D91,retailer d,RET-PROD-024,Advanced Webcam 292,Computing,652.45,860.66,RRP,,https://www.retailerd.co.uk/products/advanced-webcam-292
01/02/2024,01/02/2024 09:09,SCR-79B358796216,RetailerD,RET-PROD-024,Advanced Webcam 292,Computing,652.45,860.66,RRP,,https://www.retailerd.co.uk/products/advanced-webcam-292
02/02/2024,02/02/2024 22:46,SCR-782B45A588A1,retailer d,RET-PROD-024,Advanced Webcam 292,Computing,652.45,860.66,RRP,,https://www.retailerd.co.uk/products/advanced-webcam-292
03/02/2024,03/02/2024 21:00,SCR-20FF9CCDD2E8,RetailerD,RET-PROD-024,Advanced Webcam 292,Computing,652.45,860.66,RRP,,https://www.retailerd.co.uk/products/advanced-webcam-292
04/02/2024,04/02/2024 17:30,SCR-2E2C84025396,Retailer D,RET-PROD-024,Advanced Webcam 292,Computing,652.45,860.66 GBP,RRP,,https://www.retailerd.co.uk/products/advanced-webcam-292
05/02/2024,05/02/2024 16:10,SCR-95D6E34A676E,retailer d,RET-PROD-024,Advanced Webcam 292,Computing,652.45,860.66,RRP,,https://www.retailerd.co.uk/products/advanced-webcam-292
06/02/2024,06/02/2024 10:13,SCR-B0062367729D,RetailerD,RET-PROD-024,Advanced Webcam 292,Computing,652.45,860.66,RRP,,https://www.retailerd.co.uk/products/advanced-webcam-292
07/02/2024,07/02/2024 10:22,SCR-AFD26AD5C172,RetailerD,RET-PROD-024,Advanced Webcam 292,Computing,652.45,860.66,RRP,,https://www.retailerd.co.uk/products/advanced-webcam-292
08/02/2024,08/02/2024 15:08,SCR-0950AF1AF26A,Retailer D,RET-PROD-024,Advanced Webcam 292,Computing,652.45,860.66,RRP,,https://www.retailerd.co.uk/products/advanced-webcam-292
09/02/2024,09/02/2024 10:01,SCR-8E3F15769794,Retailer D,RET-PROD-024,Advanced Webcam 292,Computing,652.45,860.66,RRP,,https://www.retailerd.co.uk/products/advanced-webcam-292
10/02/2024,1707594888,SCR-E8E43E6AB867,retailer d,,Advanced Webcam 292,Computing,652.45,860.66,,,https://www.retailerd.co.uk/products/advanced-webcam-292
11/02/2024,11/02/2024 07:22,SCR-B378824D1074,Retailer D Ltd,RET-PROD-024,Advanced Webcam 292,Computing,652.45,860.66,RRP,,https://www.retailerd.co.uk/products/advanced-webcam-292
12/02/2024,12/02/2024 06:34,SCR-4C3031CF660E,RetailerD,RET-PROD-024,Advanced Webcam 292,Computing,£652.45,860.66,RRP,,https://www.retailerd.co.uk/products/advanced-webcam-292
13/02/2024,13/02/2024 12:14,SCR-10C7AB129D98,Retailer D Ltd,RET-PROD-024,,Computing,652.45,860.66,RRP,,https://www.retailerd.co.uk/products/advanced-webcam-292
14/02/2024,14/02/2024 11:18,SCR-014170F40AE3,retailer d,RET-PROD-024,Advanced Webcam 292,COMPUTING,652.45,860.66,RRP,,https://www.retailerd.co.uk/products/advanced-webcam-292
15/02/2024,15/02/2024 10:18,SCR-F3B7D801E82B,Retailer D,RET-PROD-024,Advanced Webcam 292,Computing,652.45,860.66,RRP,,https://www.retailerd.co.uk/products/advanced-webcam-292
16/02/2024,16/02/2024 17:54,SCR-CA1F5DE2F6F4,Retailer D Ltd,RET-PROD-024,Advanced Webcam 292,Computing,652.45,860.66,RRP,,https://www.retailerd.co.uk/products/advanced-webcam-292
17/02/2024,17/02/2024 21:27,SCR-F1801D701CC2,Retailer D,RET-PROD-024,Advanced Webcam 292,Computing,652.45,860.66,RRP,,https://www.retailerd.co.uk/products/advanced-webcam-292
18/02/2024,18/02/2024 14:29,SCR-54BF13CC6E71,retailer d,RET-PROD-024,Advanced Webcam 292,Computing,652.45,860.66,RRP,,https://www.retailerd.co.uk/products/advanced-webcam-292
19/02/2024,19/02/2024 18:01,SCR-AB327BC7019F,RetailerD,RET-PROD-024,Advanced Webcam 292,Computing,652.45,860.66,RRP,,https://www.retailerd.co.uk/products/advanced-webcam-292
20/02/2024,20/02/2024 15:58,SCR-8D733D347E38,Retailer D Ltd,RET-PROD-024,Advanced Webcam 292,Computing,652.45,860.66,RRP,,https://www.retailerd.co.uk/products/advanced-webcam-292
21/02/2024,21/02/2024 21:39,SCR-6364FCEB85A0,RetailerD,RET-PROD-024,Advanced Webcam 292,computing,652.45,,,,https://www.retailerd.co.uk/products/advanced-webcam-292
22/02/2024,22/02/2024 10:20,SCR-6C5B2BDD0F47,RetailerD,RET-PROD-024,Advanced Webcam 292,computing,652.45,860.66,RRP,,https://www.retailerd.co.uk/products/advanced-webcam-292
23/02/2024,23/02/2024 17:35,SCR-F0271705A6C2,Retailer D,RET-PROD-024,Advanced Webcam 292,Computing,652.45,860.66,RRP,,https://www.retailerd.co.uk/products/advanced-webcam-292
24/02/2024,24/02/2024 17:49,SCR-0FB526F04C9D,Retailer D,RET-PROD-024,Advanced Webcam 292,Computing,652.45,860.66,RRP,,https://www.retailerd.co.uk/products/advanced-webcam-292
25/02/2024,25/02/2024 17:24,SCR-4366DD5B0027,retailer d,RET-PROD-024,Advanced Webcam 292,Computing,652.45,860.66,RRP,,https://www.retailerd.co.uk/products/advanced-webcam-292
26/02/2024,26/02/2024 09:58,SCR-97EE674AE4C9,retailer d,RET-PROD-024,Advanced Webcam 292,Computing,652.45,860.66,RRP,,https://www.retailerd.co.uk/products/advanced-webcam-292
27/02/2024,27/02/2024 20:09,SCR-2634A3154E17,Retailer D,RET-PROD-024,Advanced Webcam 292,Computing,652.45,860.66,RRP,,https://www.retailerd.co.uk/products/advanced-webcam-292
28/02/2024,28/02/2024 12:39,SCR-76382CC50E8B,Retailer D,RET-PROD-024,Advanced Webcam 292,Computing,652.45,,,,https://www.retailerd.co.uk/products/advanced-webcam-292
29/02/2024,29/02/2024 21:14,SCR-C67B7E88F20C,Retailer D Ltd,RET-PROD-024,Advanced Webcam 292,Computing,652.45,860.66,RRP,,https://www.retailerd.co.uk/products/advanced-webcam-292
01/03/2024,01/03/2024 21:16,SCR-38F1E865D3B8,Retailer D Ltd,RET-PROD-024,Advanced Webcam 292,COMPUTERS,652.45,860.66,RRP,,https://www.retailerd.co.uk/products/advanced-webcam-292
02/03/2024,02/03/2024 07:02,SCR-1D0CE25F74D3,RetailerD,RET-PROD-024,Advanced Webcam 292,Computing,652.45,,,,https://www.retailerd.co.uk/products/advanced-webcam-292
03/03/2024,03/03/2024 07:39,SCR-0AF1115D88A6,retailer d,RET-PROD-024,Advanced Webcam 292,Computing,652.45,860.66,,,https://www.retailerd.co.uk/products/advanced-webcam-292
04/03/2024,04/03/2024 21:14,SCR-9CB6913B2927,RetailerD,RET-PROD-024,Advanced Webcam 292,Computing,652.45,860.66,RRP,,https://www.retailerd.co.uk/products/advanced-webcam-292
05/03/2024,05/03/2024 13:58,SCR-29FBECDCE7F2,Retailer D Ltd,RET-PROD-024,Advanced Webcam 292,Computing,652.45,860.66,,,https://www.retailerd.co.uk/products/advanced-webcam-292
06/03/2024,06/03/2024 21:38,SCR-2A749D746E87,retailer d,RET-PROD-024,Advanced Webcam 292,COMPUTING,652.45,,,,https://www.retailerd.co.uk/products/advanced-webcam-292
07/03/2024,07/03/2024 18:14,SCR-E1521CD502CF,Retailer D Ltd,RET-PROD-024,Advanced Webcam 292,Computing,652.45,860.66,RRP,,https://www.retailerd.co.uk/products/advanced-webcam-292
08/03/2024,08/03/2024 16:16,SCR-900D01F86DF8,Retailer D Ltd,RET-PROD-024,Advanced Webcam 292,Computing,652.45,860.66,RRP,,https://www.retailerd.co.uk/products/advanced-webcam-292
09/03/2024,09/03/2024 09:06,SCR-6E3DA2000224,Retailer D Ltd,RET-PROD-024,Advanced Webcam 292,Computing,652.45,860.66,RRP,,https://www.retailerd.co.uk/products/advanced-webcam-292
10/03/2024,10/03/2024 19:32,SCR-8C4F183F01E1,retailer d,RET-PROD-024,Advanced Webcam 292,Computing,652.45,,,,https://www.retailerd.co.uk/products/advanced-webcam-292
11/03/2024,11/03/2024 20:51,SCR-CC22FA298C53,RetailerD,RET-PROD-024,Advanced Webcam 292,Computing,652.45,860.66,RRP,,https://www.retailerd.co.uk/products/advanced-webcam-292
12/03/2024,12/03/2024 18:06,SCR-BC1DA187EA5E,Retailer D Ltd,RET-PROD-024,Advanced Webcam 292,Computing,652.45,,,,https://www.retailerd.co.uk/products/advanced-webcam-292
13/03/2024,13/03/2024 06:21,SCR-8EC739C9506C,retailer d,RET-PROD-024,Advanced Webcam 292,Computing,652.45,860.66,RRP,,https://www.retailerd.co.uk/products/advanced-webcam-292
14/03/2024,14/03/2024 06:29,SCR-A02E82B7ADE8,retailer d,RET-PROD-024,Advanced Webcam 292,Computing,652.45,860.66,RRP,,https://www.retailerd.co.uk/products/advanced-webcam-292
15/03/2024,15/03/2024 07:46,SCR-06C58F359F84,Retailer D Ltd,RET-PROD-024,Advanced Webcam 292,Computing,652.45,,,,https://www.retailerd.co.uk/products/advanced-webcam-292
16/03/2024,16/03/2024 17:27,SCR-5F5D0996924A,Retailer D,RET-PROD-024,Advanced Webcam 292,Computing,652.45,860.66,RRP,,https://www.retailerd.co.uk/products/advanced-webcam-292
17/03/2024,17/03/2024 19:27,SCR-12410FFB3F2C,RetailerD,RET-PROD-024,Advanced Webcam 292,Computing,652.45,860.66,RRP,,https://www.retailerd.co.uk/products/advanced-webcam-292
18/03/2024,18/03/2024 13:23,SCR-804C53F57D20,Retailer D,RET-PROD-024,Advanced Webcam 292,Computing,652.45,860.66,RRP,,https://www.retailerd.co.uk/products/advanced-webcam-292
19/03/2024,19/03/2024 20:11,SCR-D3F2ED8C6E55,retailer d,,Advanced Webcam 292,Computing,652.45,860.66,RRP,,https://www.retailerd.co.uk/products/advanced-webcam-292
20/03/2024,20/03/2024 08:19,SCR-FDD76007B1A0,Retailer D Ltd,RET-PROD-024,Advanced Webcam 292,Computing,652.45,,,,https://www.retailerd.co.uk/products/advanced-webcam-292
21/03/2024,21/03/2024 19:30,SCR-0114495D6C70,RetailerD,RET-PROD-024,Advanced Webcam 292,Computing,652.45,,,,https://www.retailerd.co.uk/products/advanced-webcam-292
22/03/2024,22/03/2024 22:07,SCR-5DF0F52502F3,Retailer D Ltd,RET-PROD-024,,Computing,652.45,860.66,RRP,,https://www.retailerd.co.uk/products/advanced-webcam-292
23/03/2024,23/03/2024 09:18,SCR-9C67DCE9B8A3,Retailer D,RET-PROD-024,Advanced Webcam 292,Computing,652.45,860.66,RRP,,https://www.retailerd.co.uk/products/advanced-webcam-292
24/03/2024,24/03/2024 20:17,SCR-954ED5806A87,retailer d,RET-PROD-024,Advanced Webcam 292,Computing,652.45,860.66,RRP,,https://www.retailerd.co.uk/products/advanced-webcam-292
25/03/2024,25/03/2024 22:14,SCR-611B1B16F093,Retailer D Ltd,RET-PROD-024,Advanced Webcam 292,,652.45,860.66,RRP,,https://www.retailerd.co.uk/products/advanced-webcam-292
26/03/2024,26/03/2024 15:24,SCR-D5B9DECE00EA,Retailer D,RET-PROD-024,Advanced Webcam 292,Computing,652.45,860.66,RRP,,https://www.retailerd.co.uk/products/advanced-webcam-292
27/03/2024,27/03/2024 21:51,SCR-9638691B225F,Retailer D Ltd,RET-PROD-024,Advanced Webcam 292,Computing,652.45,,,,https://www.retailerd.co.uk/products/advanced-webcam-292
28/03/2024,28/03/2024 06:33,SCR-5ABB40329806,RetailerD,RET-PROD-024,Advanced Webcam 292,Computing,652.45,860.66,RRP,,https://www.retailerd.co.uk/products/advanced-webcam-292
29/03/2024,29/03/2024 22:40,SCR-AB6A58BEE427,RetailerD,,Advanced Webcam 292,computing,652.45,,,,https://www.retailerd.co.uk/products/advanced-webcam-292
30/03/2024,30/03/2024 22:33,SCR-F6E48A5C45A7,Retailer D,RET-PROD-024,Advanced Webcam 292,Computing,,860.66,,,https://www.retailerd.co.uk/products/advanced-webcam-292
01/01/2024,01/01/2024 07:01,SCR-65E1B0CF9366,Retailer D,RET-PROD-025,HD Camera 310,Cameras,297.77,,,,https://www.retailerd.co.uk/products/hd-camera-310
02/01/2024,02/01/2024 20:42,SCR-660056B04D72,retailer d,RET-PROD-025,HD Camera 310,Cameras,297.77,,,,https://www.retailerd.co.uk/products/hd-camera-310
03/01/2024,03/01/2024 12:55,SCR-C71A3B644E06,Retailer D,RET-PROD-025,HD Camera 310,Cameras,297.77,,,,https://www.retailerd.co.uk/products/hd-camera-310
04/01/2024,04/01/2024 06:24,SCR-2BF6A908233D,Retailer D,RET-PROD-025,HD Camera 310,Cameras,297.77,,,,https://www.retailerd.co.uk/products/hd-camera-310
05/01/2024,05/01/2024 14:08,SCR-2823FC5C662A,RetailerD,RET-PROD-025,HD Camera 310,Cameras,297.77,,,,https://www.retailerd.co.uk/products/hd-camera-310
06/01/2024,06/01/2024 10:42,SCR-CFCF7FBA654F,RetailerD,RET-PROD-025,HD Camera 310,Cameras,297.77,,,,https://www.retailerd.co.uk/products/hd-camera-310
07/01/2024,07/01/2024 10:07,SCR-6AA1D2A097E4,Retailer D,RET-PROD-025,HD Camera 310,Cameras,297.77,,,,https://www.retailerd.co.uk/products/hd-camera-310
08/01/2024,08/01/2024 10:13,SCR-123D3EA227E2,retailer d,RET-PROD-025,HD Camera 310,Cameras,297.77,,,,https://www.retailerd.co.uk/products/hd-camera-310
09/01/2024,09/01/2024 17:14,SCR-CE221099F3A3,retailer d,RET-PROD-025,HD Camera 310,Cameras,297.77,,,,https://www.retailerd.co.uk/products/hd-camera-310
10/01/2024,10/01/2024 17:20,SCR-462CE1673ABD,retailer d,RET-PROD-025,HD Camera 310,Cameras,297.77,,,,https://www.retailerd.co.uk/products/hd-camera-310
11/01/2024,11/01/2024 18:51,SCR-81F976DB894A,Retailer D,RET-PROD-025,HD Camera 310,Cameras,297.77,,,,https://www.retailerd.co.uk/products/hd-camera-310
12/01/2024,12/01/2024 18:23,SCR-C4D6D0B4D831,RetailerD,RET-PROD-025,HD Camera 310,Cameras,297.77,,,,https://www.retailerd.co.uk/products/hd-camera-310
13/01/2024,13/01/2024 17:38,SCR-D66762A142B4,retailer d,RET-PROD-025,HD Camera 310,Cameras,,,,,https://www.retailerd.co.uk/products/hd-camera-310
14/01/2024,14/01/2024 10:00,SCR-FAEED37FF1EA,Retailer D Ltd,RET-PROD-025,HD Camera 310,Cameras,297.77,,,,https://www.retailerd.co.uk/products/hd-camera-310
15/01/2024,15/01/2024 19:05,SCR-25EA55D1C9DC,Retailer D Ltd,RET-PROD-025,HD Camera 310,Cameras,297.77,,,,https://www.retailerd.co.uk/products/hd-camera-310
16/01/2024,16/01/2024 17:58,SCR-87B334320D44,RetailerD,RET-PROD-025,HD Camera 310,Cameras,297.77,,,,https://www.retailerd.co.uk/products/hd-camera-310
17/01/2024,17/01/2024 06:38,SCR-3BCAFF82C9AB,Retailer D,RET-PROD-025,HD Camera 310,Cameras,297.77,,,,https://www.retailerd.co.uk/products/hd-camera-310
18/01/2024,18/01/2024 15:30,SCR-3F46BAD40AB7,Retailer D Ltd,RET-PROD-025,HD Camera 310,Cameras,297.77,,,,https://www.retailerd.co.uk/products/hd-camera-310
19/01/2024,19/01/2024 20:49,SCR-8FF1ADFC9C2F,Retailer D,RET-PROD-025,HD Camera 310,Cameras,297.77,,,,https://www.retailerd.co.uk/products/hd-camera-310
20/01/2024,20/01/2024 12:26,SCR-0F90C04DABE1,RetailerD,RET-PROD-025,HD Camera 310,Cameras,297.77,,,,https://www.retailerd.co.uk/products/hd-camera-310
21/01/2024,21/01/2024 09:18,SCR-19531B70B7F3,Retailer D Ltd,RET-PROD-025,HD Camera 310,Cameras,297.77,,,,https://www.retailerd.co.uk/products/hd-camera-310
22/01/2024,22/01/2024 07:50,SCR-11E747F15255,Retailer D Ltd,RET-PROD-025,HD Camera 310,Cameras,297.77,,,,https://www.retailerd.co.uk/products/hd-camera-310
23/01/2024,23/01/2024 07:40,SCR-ADAD570F2CF3,RetailerD,RET-PROD-025,HD Camera 310,Cameras,297.77,,,,https://www.retailerd.co.uk/products/hd-camera-310
24/01/2024,24/01/2024 19:56,SCR-B1DDCA0A6AA3,RetailerD,RET-PROD-025,HD Camera 310,Cameras,297.77,,,,https://www.retailerd.co.uk/products/hd-camera-310
25/01/2024,25/01/2024 22:40,SCR-DC1519EB5E8B,RetailerD,RET-PROD-025,HD Camera 310,Cameras,297.77,,,,https://www.retailerd.co.uk/products/hd-camera-310
26/01/2024,26/01/2024 19:04,SCR-9651B4E28D0F,RetailerD,RET-PROD-025,HD Camera 310,Cameras,297.77,,,,https://www.retailerd.co.uk/products/hd-camera-310
27/01/2024,27/01/2024 21:04,SCR-9C8758E6515D,retailer d,RET-PROD-025,HD Camera 310,Cameras,297.77,,,,https://www.retailerd.co.uk/products/hd-camera-310
28/01/2024,28/01/2024 21:51,SCR-9AAF39B644A5,Retailer D,RET-PROD-025,HD Camera 310,Cameras,297.77,,,,https://www.retailerd.co.uk/products/hd-camera-310
29/01/2024,29/01/2024 14:58,SCR-8F4B3EF6298C,Retailer D Ltd,RET-PROD-025,HD Camera 310,Cameras,297.77,,,,https://www.retailerd.co.uk/products/hd-camera-310
30/01/2024,30/01/2024 09:24,SCR-D177E0C61ED8,Retailer D,RET-PROD-025,HD Camera 310,Cameras,488.56,,,,https://www.retailerd.co.uk/products/hd-camera-310
31/01/2024,31/01/2024 22:52,SCR-0E47A4E53274,Retailer D,RET-PROD-025,HD Camera 310,Cameras,488.56,,,,https://www.retailerd.co.uk/products/hd-camera-310
01/02/2024,01/02/2024 09:54,SCR-F45EF9190385,Retailer D,RET-PROD-025,HD Camera 310,,488.56,,,,https://www.retailerd.co.uk/products/hd-camera-310
02/02/2024,02/02/2024 12:27,SCR-86B0BB4E28C7,Retailer D,RET-PROD-025,HD Camera 310,Cameras,488.56,,,,https://www.retailerd.co.uk/products/hd-camera-310
03/02/2024,03/02/2024 21:38,SCR-3DDAC1C6C2F6,retailer d,RET-PROD-025,HD Camera 310,Cameras,253.29,488.56,Was,Bank Holiday Sale,https://www.retailerd.co.uk/products/hd-camera-310
04/02/2024,04/02/2024 17:21,SCR-F5CB085B73BA,retailer d,RET-PROD-025,HD Camera 310,Cameras,253.29,488.56,Was,Bank Holiday Sale,https://www.retailerd.co.uk/products/hd-camera-310
05/02/2024,05/02/2024 11:56,SCR-792C109A07BD,RetailerD,RET-PROD-025,HD Camera 310,Cameras,253.29,488.56,Was,Bank Holiday Sale,https://www.retailerd.co.uk/products/hd-camera-310
06/02/2024,06/02/2024 09:43,SCR-BA1DFC8C0D3A,Retailer D Ltd,RET-PROD-025,HD Camera 310,Cameras,253.29,488.56,Was:,Bank Holiday Sale,https://www.retailerd.co.uk/products/hd-camera-310
07/02/2024,07/02/2024 22:09,SCR-66B6B6489BD3,Retailer D,RET-PROD-025,HD Camera 310,Cameras,253.29,488.56,Was,Bank Holiday Sale,https://www.retailerd.co.uk/products/hd-camera-310
08/02/2024,08/02/2024 11:04,SCR-16A101B2F984,retailer d,RET-PROD-025,HD Camera 310,Cameras,253.29,488.56,,Bank Holiday Sale,https://www.retailerd.co.uk/products/hd-camera-310
09/02/2024,09/02/2024 13:48,SCR-DE70383F32D2,RetailerD,RET-PROD-025,HD Camera 310,,253.29,488.56,Was,Bank Holiday Sale,https://www.retailerd.co.uk/products/hd-camera-310
10/02/2024,10/02/2024 10:34,SCR-25F5C0CC8B9B,RetailerD,RET-PROD-025,HD Camera 310,Cameras,253.29,488.56,Orig.,Bank Holiday Sale,https://www.retailerd.co.uk/products/hd-camera-310
11/02/2024,11/02/2024 15:33,SCR-E910FAA4E0B7,retailer d,RET-PROD-025,HD Camera 310,Cameras,253.29,488.56,Was,Bank Holiday Sale,https://www.retailerd.co.uk/products/hd-camera-310
12/02/2024,12/02/2024 14:16,SCR-3876A855352E,RetailerD,RET-PROD-025,HD Camera 310,Cameras,253.29,488.56,Was,Bank Holiday Sale,https://www.retailerd.co.uk/products/hd-camera-310
13/02/2024,13/02/2024 21:45,SCR-59FE427DA49B,RetailerD,RET-PROD-025,HD Camera 310,Cameras,253.29,488.56,Was,Bank Holiday Sale,https://www.retailerd.co.uk/products/hd-camera-310
14/02/2024,14/02/2024 21:30,SCR-B86A3A988571,Retailer D Ltd,RET-PROD-025,HD Camera 310,Cameras,253.29,488.56,Was,Bank Holiday Sale,https://www.retailerd.co.uk/products/hd-camera-310
15/02/2024,15/02/2024 16:16,SCR-F44D005C63E6,RetailerD,RET-PROD-025,HD Camera 310,Cameras,253.29,488.56,Was,Bank Holiday Sale,https://www.retailerd.co.uk/products/hd-camera-310
16/02/2024,16/02/2024 11:28,SCR-F91B1DBDA823,Retailer D Ltd,RET-PROD-025,HD Camera 310,Cameras,253.29,488.56,Was,Bank Holiday Sale,https://www.retailerd.co.uk/products/hd-camera-310
17/02/2024,17/02/2024 10:21,SCR-607E97FE7BD5,Retailer D,RET-PROD-025,HD Camera 310,Cameras,253.29,488.56,Was:,Bank Holiday Sale,https://www.retailerd.co.uk/products/hd-camera-310
18/02/2024,18/02/2024 13:37,SCR-4EC73094FF6B,Retailer D,RET-PROD-025,HD Camera 310,Cameras,253.29,488.56,Was,Bank Holiday Sale,https://www.retailerd.co.uk/products/hd-camera-310
19/02/2024,19/02/2024 10:42,SCR-4A009A218D6B,RetailerD,RET-PROD-025,HD Camera 310,Cameras,253.29,488.56,Was,Bank Holiday Sale,https://www.retailerd.co.uk/products/hd-camera-310
20/02/2024,20/02/2024 06:51,SCR-1CCF50D1C889,Retailer D Ltd,RET-PROD-025,HD Camera 310,Cameras,253.29,488.56,Was,Bank Holiday Sale,https://www.retailerd.co.uk/products/hd-camera-310
21/02/2024,21/02/2024 17:10,SCR-27FD7EDDDDBC,Retailer D,RET-PROD-025,HD Camera 310,Cameras,253.29,488.56,Was,Bank Holiday Sale,https://www.retailerd.co.uk/products/hd-camera-310
22/02/2024,22/02/2024 09:32,SCR-54EF3B3506AD,Retailer D Ltd,RET-PROD-025,HD Camera 310,Cameras,253.29,488.56,Was,Bank Holiday Sale,https://www.retailerd.co.uk/products/hd-camera-310
23/02/2024,23/02/2024 06:00,SCR-737AF0F0D51F,Retailer D,RET-PROD-025,HD Camera 310,Cameras,253.29,488.56,Orig.,Bank Holiday Sale,https://www.retailerd.co.uk/products/hd-camera-310
24/02/2024,24/02/2024 06:20,SCR-ED5AC13B8F24,retailer d,RET-PROD-025,HD Camera 310,Cameras,253.29,488.56,Was,Bank Holiday Sale,https://www.retailerd.co.uk/products/hd-camera-310
25/02/2024,25/02/2024 22:41,SCR-F12069C37F1F,RetailerD,RET-PROD-025,HD Camera 310,Cameras,253.29,488.56,Was,Bank Holiday Sale,https://www.retailerd.co.uk/products/hd-camera-310
26/02/2024,26/02/2024 09:45,SCR-EEDF3B8BCA54,Retailer D,RET-PROD-025,HD Camera 310,Cameras,297.77,,,,https://www.retailerd.co.uk/products/hd-camera-310
27/02/2024,27/02/2024 13:12,SCR-EA70C50C81FF,Retailer D Ltd,,HD Camera 310,Cameras,297.77,,,,https://www.retailerd.co.uk/products/hd-camera-310
28/02/2024,28/02/2024 19:27,SCR-2BFF1B0098DD,RetailerD,RET-PROD-025,HD Camera 310,Cameras,297.77,,,,https://www.retailerd.co.uk/products/hd-camera-310
29/02/2024,29/02/2024 08:39,SCR-0C96F552F26F,RetailerD,RET-PROD-025,HD Camera 310,Cameras,297.77,,,,https://www.retailerd.co.uk/products/hd-camera-310
01/03/2024,01/03/2024 20:24,SCR-787B70088140,Retailer D Ltd,RET-PROD-025,HD Camera 310,Cameras,297.77,,,,https://www.retailerd.co.uk/products/hd-camera-310
02/03/2024,02/03/2024 07:59,SCR-F883057C0265,Retailer D,RET-PROD-025,HD Camera 310,Cameras,297.77,,,,https://www.retailerd.co.uk/products/hd-camera-310
03/03/2024,03/03/2024 08:17,SCR-630D3FDFDC8C,retailer d,RET-PROD-025,HD Camera 310,Cameras,297.77,,,,https://www.retailerd.co.uk/products/hd-camera-310
04/03/2024,04/03/2024 21:24,SCR-F7FF800222A6,Retailer D Ltd,RET-PROD-025,HD Camera 310,Cameras,297.77,,,,https://www.retailerd.co.uk/products/hd-camera-310
05/03/2024,05/03/2024 07:26,SCR-7D056081B2B0,Retailer D,RET-PROD-025,HD Camera 310,Cameras,297.77,,,,https://www.retailerd.co.uk/products/hd-camera-310
06/03/2024,06/03/2024 12:38,SCR-F7989C45A5BD,Retailer D,RET-PROD-025,HD Camera 310,Cameras,297.77,,,,https://www.retailerd.co.uk/products/hd-camera-310
07/03/2024,07/03/2024 11:23,SCR-D360D662D37B,Retailer D Ltd,RET-PROD-025,HD Camera 310,Cameras,297.77,,,,https://www.retailerd.co.uk/products/hd-camera-310
08/03/2024,08/03/2024 10:41,SCR-E71FAD706595,RetailerD,RET-PROD-025,HD Camera 310,Cameras,297.77,,,,https://www.retailerd.co.uk/products/hd-camera-310
09/03/2024,09/03/2024 11:59,SCR-1E120AE967FE,retailer d,RET-PROD-025,HD Camera 310,Cameras,297.77,,,,https://www.retailerd.co.uk/products/hd-camera-310
10/03/2024,10/03/2024 10:02,SCR-60299BC06D1D,Retailer D Ltd,RET-PROD-025,HD Camera 310,Cameras,297.77,,,,https://www.retailerd.co.uk/products/hd-camera-310
11/03/2024,11/03/2024 08:02,SCR-A3A61076B52F,RetailerD,RET-PROD-025,HD Camera 310,Cameras,297.77,,,,https://www.retailerd.co.uk/products/hd-camera-310
12/03/2024,12/03/2024 08:42,SCR-99C6B8765F81,retailer d,RET-PROD-025,HD Camera 310,cameras,297.77,,,,https://www.retailerd.co.uk/products/hd-camera-310
13/03/2024,13/03/2024 20:43,SCR-45ACB40883EF,Retailer D Ltd,RET-PROD-025,HD Camera 310,Cameras,,,,,https://www.retailerd.co.uk/products/hd-camera-310
14/03/2024,14/03/2024 06:20,SCR-75CC93219226,Retailer D Ltd,RET-PROD-025,HD Camera 310,Cameras,297.77,,,,https://www.retailerd.co.uk/products/hd-camera-310
15/03/2024,15/03/2024 18:46,SCR-DDC17B68F3CF,retailer d,RET-PROD-025,HD Camera 310,cameras,297.77,,,,https://www.retailerd.co.uk/products/hd-camera-310
16/03/2024,16/03/2024 11:01,SCR-130F262DA139,retailer d,RET-PROD-025,HD Camera 310,Cameras,297.77,,,,https://www.retailerd.co.uk/products/hd-camera-310
17/03/2024,17/03/2024 13:25,SCR-6CA61CF6D034,retailer d,RET-PROD-025,HD Camera 310,Cameras,297.77,,,,https://www.retailerd.co.uk/products/hd-camera-310
18/03/2024,18/03/2024 18:00,SCR-1D93E678F3CF,Retailer D Ltd,RET-PROD-025,HD Camera 310,,297.77,,,,https://www.retailerd.co.uk/products/hd-camera-310
19/03/2024,19/03/2024 10:25,SCR-0BD5B2339A15,RetailerD,RET-PROD-025,HD Camera 310,Cameras,297.77,,,,https://www.retailerd.co.uk/products/hd-camera-310
20/03/2024,20/03/2024 20:25,SCR-737AD4EB6B5C,Retailer D Ltd,RET-PROD-025,HD Camera 310,Cameras,297.77,,,,https://www.retailerd.co.uk/products/hd-camera-310
21/03/2024,21/03/2024 17:25,SCR-7F21AD0BF6D4,retailer d,RET-PROD-025,HD Camera 310,Cameras,297.77,,,,https://www.retailerd.co.uk/products/hd-camera-310
22/03/2024,22/03/2024 14:14,SCR-8E3BFF233653,Retailer D,RET-PROD-025,HD Camera 310,Cameras,297.77,,,,https://www.retailerd.co.uk/products/hd-camera-310
23/03/2024,23/03/2024 19:28,SCR-F5E800EA2946,Retailer D Ltd,,HD Camera 310,Cameras,297.77,,,,https://www.retailerd.co.uk/products/hd-camera-310
24/03/2024,24/03/2024 13:45,SCR-C9DF64B11F7F,Retailer D Ltd,RET-PROD-025,HD Camera 310,,297.77,,,,https://www.retailerd.co.uk/products/hd-camera-310
25/03/2024,25/03/2024 12:15,SCR-240195E662D6,Retailer D Ltd,RET-PROD-025,HD Camera 310,CAMERAS,297.77,,,,https://www.retailerd.co.uk/products/hd-camera-310
26/03/2024,26/03/2024 11:48,SCR-C4AA3152306F,Retailer D Ltd,RET-PROD-025,HD Camera 310,Cameras,297.77,,,,https://www.retailerd.co.uk/products/hd-camera-310
27/03/2024,27/03/2024 13:26,SCR-64DAB5950543,RetailerD,RET-PROD-025,HD Camera 310,Cameras,297.77,,,,https://www.retailerd.co.uk/products/hd-camera-310
28/03/2024,28/03/2024 11:28,SCR-B74B52FDC414,Retailer D,RET-PROD-025,HD Camera 310,Cameras,297.77,,,,https://www.retailerd.co.uk/products/hd-camera-310
29/03/2024,29/03/2024 10:15,SCR-ECECC381BEE6,retailer d,RET-PROD-025,HD Camera 310,Cameras,297.77,,,,https://www.retailerd.co.uk/products/hd-camera-310
30/03/2024,30/03/2024 21:26,SCR-A45BF76217F7,retailer d,RET-PROD-025,HD Camera 310,Cameras,297.77,,,,https://www.retailerd.co.uk/products/hd-camera-310
01/01/2024,01/01/2024 14:20,SCR-DDA468D99053,Retailer A,RET-PROD-026,Elite Lens 363,Cameras,1517.07,,,,https://www.retailera.co.uk/products/elite-lens-363
02/01/2024,02/01/2024 13:11,SCR-A089E363A897,RETAILER A,RET-PROD-026,Elite Lens 363,Cameras,1517.07,,,,https://www.retailera.co.uk/products/elite-lens-363
03/01/2024,1704279456,SCR-9D051D7176B0,RetailerA,RET-PROD-026,Elite Lens 363,Cameras,1517.07,,,,https://www.retailera.co.uk/products/elite-lens-363
04/01/2024,04/01/2024 07:46,SCR-C55ABC9E45C2,RetailerA,,Elite Lens 363,Cameras,1517.07,,,,https://www.retailera.co.uk/products/elite-lens-363
05/01/2024,05/01/2024 19:15,SCR-614B3FFE4A22,RetailerA,RET-PROD-026,Elite Lens 363,Cameras,1517.07,,,,https://www.retailera.co.uk/products/elite-lens-363
06/01/2024,06/01/2024 16:46,SCR-6844A2509820,Retailer A,RET-PROD-026,Elite Lens 363,Cameras,1517.07,,,,https://www.retailera.co.uk/products/elite-lens-363
07/01/2024,07/01/2024 11:24,SCR-22BB789CA84C,Retailer A,RET-PROD-026,Elite Lens 363,Cameras,1517.07,,,,https://www.retailera.co.uk/products/elite-lens-363
08/01/2024,08/01/2024 11:38,SCR-DEE50DD670E3,Retailer A,RET-PROD-026,Elite Lens 363,Cameras,1517.07,,,,https://www.retailera.co.uk/products/elite-lens-363
09/01/2024,09/01/2024 21:22,SCR-D8531916EF3F,Ret. A,RET-PROD-026,,Cameras,1517.07,,,,https://www.retailera.co.uk/products/elite-lens-363
10/01/2024,10/01/2024 17:11,SCR-35FC1E5D158A,RetailerA,RET-PROD-026,Elite Lens 363,Cameras,1517.07,,,,https://www.retailera.co.uk/products/elite-lens-363
11/01/2024,11/01/2024 08:17,SCR-86D51F1F17D5,RETAILER A,RET-PROD-026,Elite Lens 363,Cameras,1517.07,,,,https://www.retailera.co.uk/products/elite-lens-363
12/01/2024,12/01/2024 09:01,SCR-706EB78026EC,Retailer-A,RET-PROD-026,Elite Lens 363,Cameras,1517.07,,,,https://www.retailera.co.uk/products/elite-lens-363
13/01/2024,13/01/2024 19:21,SCR-C5A250E13BD5,RETAILER A,RET-PROD-026,Elite Lens 363,Cameras,£1517.07,,,,https://www.retailera.co.uk/products/elite-lens-363
14/01/2024,14/01/2024 07:13,SCR-A9167E9A5A31,Retailer-A,RET-PROD-026,Elite Lens 363,cameras,,,,,https://www.retailera.co.uk/products/elite-lens-363
15/01/2024,15/01/2024 13:34,SCR-6E1AB34A328C,Retailer-A,RET-PROD-026,Elite Lens 363,Cameras,£1517.07,,,,https://www.retailera.co.uk/products/elite-lens-363
16/01/2024,16/01/2024 20:55,SCR-B95F8B133E28,RETAILER A,RET-PROD-026,Elite Lens 363,Cameras,1517.07,,,,https://www.retailera.co.uk/products/elite-lens-363
17/01/2024,17/01/2024 09:14,SCR-05CB1E50529F,Ret. A,RET-PROD-026,Elite Lens 363,,1517.07,,,,https://www.retailera.co.uk/products/elite-lens-363
18/01/2024,18/01/2024 12:11,SCR-D2FABC88E2D9,Retailer A,RET-PROD-026,Elite Lens 363,Cameras,1517.07,,,,https://www.retailera.co.uk/products/elite-lens-363
19/01/2024,19/01/2024 21:12,SCR-BF24E08A65D8,RetailerA,RET-PROD-026,Elite Lens 363,Cameras,1517.07,,,,https://www.retailera.co.uk/products/elite-lens-363
20/01/2024,20/01/2024 13:37,SCR-0A1D2624DBC2,RETAILER A,RET-PROD-026,Elite Lens 363,Cameras,1517.07,,,,https://www.retailera.co.uk/products/elite-lens-363
21/01/2024,21/01/2024 07:54,SCR-81A5814C4C0D,RETAILER A,RET-PROD-026,Elite Lens 363,Cameras,1517.07,,,,https://www.retailera.co.uk/products/elite-lens-363
22/01/2024,22/01/2024 14:51,SCR-B917FD900C7E,retailer a,RET-PROD-026,Elite Lens 363,Cameras,1517.07,,,,https://www.retailera.co.uk/products/elite-lens-363
23/01/2024,23/01/2024 21:49,SCR-EDC040B39DC6,RETAILER A,RET-PROD-026,Elite Lens 363,Cameras,1517.07,,,,https://www.retailera.co.uk/products/elite-lens-363
24/01/2024,24/01/2024 13:40,SCR-0922BE343450,Retailer A,RET-PROD-026,Elite Lens 363,Cameras,1517.07,,,,https://www.retailera.co.uk/products/elite-lens-363
25/01/2024,25/01/2024 17:05,SCR-8DA45A213EBC,Retailer-A,RET-PROD-026,Elite Lens 363,Cameras,1517.07,,,,https://www.retailera.co.uk/products/elite-lens-363
26/01/2024,26/01/2024 09:32,SCR-8B1584C76F57,RetailerA,RET-PROD-026,Elite Lens 363,,1517.07,,,,https://www.retailera.co.uk/products/elite-lens-363
27/01/2024,27/01/2024 16:15,SCR-95A18FAEB397,Retailer A,RET-PROD-026,Elite Lens 363,Cameras,1517.07,,,,https://www.retailera.co.uk/products/elite-lens-363
28/01/2024,28/01/2024 06:01,SCR-5C71B96A8FD0,Retailer-A,RET-PROD-026,Elite Lens 363,Cameras,1517.07,,,,https://www.retailera.co.uk/products/elite-lens-363
29/01/2024,29/01/2024 06:47,SCR-DD50B68CCC7F,Ret. A,RET-PROD-026,Elite Lens 363,Cameras,1517.07,,,,https://www.retailera.co.uk/products/elite-lens-363
30/01/2024,30/01/2024 13:28,SCR-ED0B396AD39E,RETAILER A,RET-PROD-026,Elite Lens 363,Cameras,1517.07,,,,https://www.retailera.co.uk/products/elite-lens-363
31/01/2024,31/01/2024 10:46,SCR-8BD3D727C5F3,RetailerA,RET-PROD-026,Elite Lens 363,Cameras,1517.07,,,,https://www.retailera.co.uk/products/elite-lens-363
01/02/2024,01/02/2024 11:39,SCR-3E934A89412D,Retailer-A,RET-PROD-026,Elite Lens 363,Cameras,1517.07,,,,https://www.retailera.co.uk/products/elite-lens-363
02/02/2024,02/02/2024 21:13,SCR-831543178CE5,Ret. A,RET-PROD-026,Elite Lens 363,Cameras,1517.07,,,,https://www.retailera.co.uk/products/elite-lens-363
03/02/2024,03/02/2024 22:57,SCR-F21D07F7FF34,RETAILER A,RET-PROD-026,Elite Lens 363,Cameras,1517.07,,,,https://www.retailera.co.uk/products/elite-lens-363
04/02/2024,04/02/2024 11:42,SCR-4D74C25BD183,Retailer A,RET-PROD-026,Elite Lens 363,Cameras,1517.07,,,,https://www.retailera.co.uk/products/elite-lens-363
05/02/2024,05/02/2024 08:08,SCR-45662DFA7C3A,RETAILER A,RET-PROD-026,Elite Lens 363,Cameras,1517.07,,,,https://www.retailera.co.uk/products/elite-lens-363
06/02/2024,06/02/2024 14:48,SCR-D84DECF1F808,RETAILER A,RET-PROD-026,Elite Lens 363,Cameras,1517.07,,,,https://www.retailera.co.uk/products/elite-lens-363
07/02/2024,07/02/2024 10:55,SCR-36C1D55A2E46,RetailerA,RET-PROD-026,Elite Lens 363,CAMERAS,1107.28,1517.07,was,Winter Sale,https://www.retailera.co.uk/products/elite-lens-363
08/02/2024,08/02/2024 11:13,SCR-0E5BE09B4A39,Retailer-A,RET-PROD-026,Elite Lens 363,Cameras,1107.28,1517.07,Was:,Winter Sale,https://www.retailera.co.uk/products/elite-lens-363
09/02/2024,09/02/2024 09:26,SCR-DFE839CCF0E4,Ret. A,RET-PROD-026,Elite Lens 363,Cameras,1107.28,1517.07,was,Winter Sale,https://www.retailera.co.uk/products/elite-lens-363
10/02/2024,10/02/2024 20:33,SCR-EFB07C633B3A,RetailerA,RET-PROD-026,Elite Lens 363,Cameras,1107.28,1517.07,Was,Winter Sale,https://www.retailera.co.uk/products/elite-lens-363
11/02/2024,1707656952,SCR-4DAB43D793AF,Retailer-A,RET-PROD-026,Elite Lens 363,Cameras,1107.28,1517.07,Was,Winter Sale,https://www.retailera.co.uk/products/elite-lens-363
12/02/2024,12/02/2024 06:18,SCR-2C29104C7587,RETAILER A,RET-PROD-026,Elite Lens 363,cameras,1107.28,1517.07,Previously,Winter Sale,https://www.retailera.co.uk/products/elite-lens-363
13/02/2024,13/02/2024 19:58,SCR-BF4D0CE9FA43,RETAILER A,RET-PROD-026,Elite Lens 363,Cameras,1107.28,,,Winter Sale,https://www.retailera.co.uk/products/elite-lens-363
14/02/2024,14/02/2024 12:43,SCR-B3C8374D7D5F,Retailer A,RET-PROD-026,Elite Lens 363,Cameras,1107.28,1517.07,Was,Winter Sale,https://www.retailera.co.uk/products/elite-lens-363
15/02/2024,15/02/2024 13:24,SCR-FC1C1C272539,RETAILER A,RET-PROD-026,Elite Lens 363,Cameras,1107.28,1517.07,Previously,Winter Sale,https://www.retailera.co.uk/products/elite-lens-363
16/02/2024,16/02/2024 14:12,SCR-29D2BEFE8B70,retailer a,RET-PROD-026,Elite Lens 363,Cameras,1107.28,1517.07,,Winter Sale,https://www.retailera.co.uk/products/elite-lens-363
17/02/2024,17/02/2024 14:23,SCR-E0E8327B64E8,Ret. A,RET-PROD-026,Elite Lens 363,Cameras,1107.28,1517.07,Was,Winter Sale,https://www.retailera.co.uk/products/elite-lens-363
18/02/2024,18/02/2024 13:01,SCR-51472655AA1F,Retailer-A,RET-PROD-026,Elite Lens 363,Cameras,1107.28,1517.07,,Winter Sale,https://www.retailera.co.uk/products/elite-lens-363
19/02/2024,19/02/2024 10:43,SCR-7337B727002C,retailer a,,Elite Lens 363,Cameras,1107.28,1517.07,Was,Winter Sale,https://www.retailera.co.uk/products/elite-lens-363
20/02/2024,20/02/2024 15:54,SCR-3CC251352B0F,Ret. A,RET-PROD-026,Elite Lens 363,Cameras,1107.28,1517.07,Was,,https://www.retailera.co.uk/products/elite-lens-363
21/02/2024,21/02/2024 18:26,SCR-221426D8B4A2,RETAILER A,RET-PROD-026,Elite Lens 363,Cameras,1107.28,1517.07,Was,,https://www.retailera.co.uk/products/elite-lens-363
22/02/2024,,SCR-6E7FDD25AAD8,RETAILER A,RET-PROD-026,Elite Lens 363,Cameras,1107.28,1517.07,Was,,https://www.retailera.co.uk/products/elite-lens-363
23/02/2024,23/02/2024 12:17,SCR-B3DA3D1354B4,Ret. A,RET-PROD-026,Elite Lens 363,Cameras,1107.28,1517.07,Was,,https://www.retailera.co.uk/products/elite-lens-363
24/02/2024,24/02/2024 09:58,SCR-FF81C0B3E2D7,Ret. A,RET-PROD-026,Elite Lens 363,Cameras,1107.28,1517.07,Was,,https://www.retailera.co.uk/products/elite-lens-363
25/02/2024,25/02/2024 19:47,SCR-E38F21A86C2F,Ret. A,RET-PROD-026,Elite Lens 363,Cameras,1107.28,,,,https://www.retailera.co.uk/products/elite-lens-363
26/02/2024,,SCR-42BEB472924C,retailer a,RET-PROD-026,Elite Lens 363,Cameras,1107.28,1517.07,Orig.,,https://www.retailera.co.uk/products/elite-lens-363
27/02/2024,27/02/2024 17:36,SCR-EECF9D1CD73B,Retailer A,RET-PROD-026,Elite Lens 363,Cameras,1107.28,1517.07,,,https://www.retailera.co.uk/products/elite-lens-363
28/02/2024,28/02/2024 11:40,SCR-2245B9B27D9F,retailer a,RET-PROD-026,Elite Lens 363,Cameras,1107.28,1517.07,Previously,,https://www.retailera.co.uk/products/elite-lens-363
29/02/2024,1709191440,SCR-541733B00A31,Ret. A,RET-PROD-026,Elite Lens 363,CAMERAS,1107.28,,,,https://www.retailera.co.uk/products/elite-lens-363
01/03/2024,01/03/2024 08:49,SCR-B981CA9B97B3,RetailerA,RET-PROD-026,Elite Lens 363,Cameras,1107.28,1517.07,Was,,https://www.retailera.co.uk/products/elite-lens-363
02/03/2024,02/03/2024 20:26,SCR-939C50F8A113,Retailer A,RET-PROD-026,Elite Lens 363,Cameras,1107.28,1517.07,Was,,https://www.retailera.co.uk/products/elite-lens-363
03/03/2024,03/03/2024 10:41,SCR-5B4E4690E1B9,Retailer-A,RET-PROD-026,Elite Lens 363,Cameras,1107.28,1517.07,Was,,https://www.retailera.co.uk/products/elite-lens-363
04/03/2024,04/03/2024 12:00,SCR-071C9CD401A4,retailer a,RET-PROD-026,Elite Lens 363,Cameras,1107.28,1517.07,Was,,https://www.retailera.co.uk/products/elite-lens-363
05/03/2024,05/03/2024 08:07,SCR-7A8B56BEA514,Retailer-A,RET-PROD-026,Elite Lens 363,Cameras,1107.28,1517.07,Was:,,https://www.retailera.co.uk/products/elite-lens-363
06/03/2024,06/03/2024 08:44,SCR-55B47895DB00,RETAILER A,RET-PROD-026,Elite Lens 363,Cameras,1107.28,1517.07,Was,,https://www.retailera.co.uk/products/elite-lens-363
07/03/2024,07/03/2024 09:22,SCR-3AA765161E82,Retailer A,RET-PROD-026,Elite Lens 363,Cameras,1107.28,1517.07,Was,,https://www.retailera.co.uk/products/elite-lens-363
08/03/2024,08/03/2024 19:19,SCR-5463916645EF,Retailer A,RET-PROD-026,Elite Lens 363,Cameras,1107.28,1517.07,Orig.,,https://www.retailera.co.uk/products/elite-lens-363
09/03/2024,09/03/2024 07:07,SCR-DADB4ED18686,Ret. A,,Elite Lens 363,Cameras,1107.28,1517.07,Was,,https://www.retailera.co.uk/products/elite-lens-363
10/03/2024,10/03/2024 13:41,SCR-8D9825C43265,Retailer-A,,Elite Lens 363,Cameras,1107.28,1517.07,Previously,,https://www.retailera.co.uk/products/elite-lens-363
11/03/2024,11/03/2024 06:33,SCR-CB39F7920EA2,Retailer-A,RET-PROD-026,Elite Lens 363,Cameras,1107.28,1517.07,Was,,https://www.retailera.co.uk/products/elite-lens-363
12/03/2024,12/03/2024 14:07,SCR-BCA95B624C12,RetailerA,,Elite Lens 363,Cameras,1107.28,,,,https://www.retailera.co.uk/products/elite-lens-363
13/03/2024,13/03/2024 10:56,SCR-AFD4DC6BA87B,retailer a,RET-PROD-026,Elite Lens 363,Cameras,1107.28,1517.07,Was,,https://www.retailera.co.uk/products/elite-lens-363
14/03/2024,14/03/2024 17:54,SCR-5DEF9EBA4F68,Ret. A,RET-PROD-026,Elite Lens 363,Cameras,1107.28,1517.07,WAS,,https://www.retailera.co.uk/products/elite-lens-363
15/03/2024,15/03/2024 10:23,SCR-6327527BC3F0,Retailer-A,RET-PROD-026,Elite Lens 363,Cameras,1107.28,,,,https://www.retailera.co.uk/products/elite-lens-363
16/03/2024,16/03/2024 13:55,SCR-021C2636116B,retailer a,RET-PROD-026,Elite Lens 363,Cameras,1107.28,,,,https://www.retailera.co.uk/products/elite-lens-363
17/03/2024,17/03/2024 13:31,SCR-47449A035336,RETAILER A,RET-PROD-026,Elite Lens 363,Cameras,1107.28,1517.07,,,https://www.retailera.co.uk/products/elite-lens-363
18/03/2024,1710782075,SCR-3B3749E5D760,Retailer-A,RET-PROD-026,Elite Lens 363,Cameras,1107.28,1517.07,Was,,https://www.retailera.co.uk/products/elite-lens-363
19/03/2024,19/03/2024 14:17,SCR-922795792020,RetailerA,RET-PROD-026,Elite Lens 363,Cameras,1107.28,1517.07,Was,,https://www.retailera.co.uk/products/elite-lens-363
20/03/2024,20/03/2024 09:34,SCR-CB40D13725BD,RetailerA,RET-PROD-026,Elite Lens 363,Cameras,1107.28,1517.07,Was,,https://www.retailera.co.uk/products/elite-lens-363
21/03/2024,21/03/2024 12:53,SCR-8253E3DF25EF,retailer a,,Elite Lens 363,Cameras,1107.28,1517.07,Was,,https://www.retailera.co.uk/products/elite-lens-363
22/03/2024,22/03/2024 08:55,SCR-AA50926CA7C3,Retailer-A,RET-PROD-026,Elite Lens 363,Cameras,1107.28,1517.07,,,https://www.retailera.co.uk/products/elite-lens-363
23/03/2024,23/03/2024 16:21,SCR-90FFD1344AD1,RetailerA,RET-PROD-026,Elite Lens 363,Cameras,1107.28,,,,https://www.retailera.co.uk/products/elite-lens-363
24/03/2024,24/03/2024 20:07,SCR-069BBB474AD4,RetailerA,RET-PROD-026,Elite Lens 363,Cameras,1107.28,,,,https://www.retailera.co.uk/products/elite-lens-363
25/03/2024,25/03/2024 07:06,SCR-47B5239FBBC5,RetailerA,RET-PROD-026,Elite Lens 363,Cameras,1107.28,1517.07,Was,,https://www.retailera.co.uk/products/elite-lens-363
26/03/2024,26/03/2024 12:38,SCR-742143C04C3A,Ret. A,RET-PROD-026,Elite Lens 363,Cameras,1107.28,1517.07,Was,,https://www.retailera.co.uk/products/elite-lens-363
27/03/2024,27/03/2024 09:59,SCR-98C512642F05,retailer a,RET-PROD-026,Elite Lens 363,cameras,1107.28,1517.07,Was,,https://www.retailera.co.uk/products/elite-lens-363
28/03/2024,28/03/2024 13:31,SCR-B520D58500C3,RETAILER A,RET-PROD-026,Elite Lens 363,Cameras,1107.28,1517.07,Was,,https://www.retailera.co.uk/products/elite-lens-363
29/03/2024,29/03/2024 17:12,SCR-05881AC144C6,RetailerA,RET-PROD-026,Elite Lens 363,Cameras,1107.28,1517.07,Was,,https://www.retailera.co.uk/products/elite-lens-363
30/03/2024,30/03/2024 09:59,SCR-FADCF297049B,Retailer A,RET-PROD-026,Elite Lens 363,Cameras,1107.28,1517.07,Was,,https://www.retailera.co.uk/products/elite-lens-363
22/01/2024,22/01/2024 22:56,SCR-236EA17614A4,RetailerD,RET-PROD-027,Classic Soundbar 804,Audio,252.65,,,,https://www.retailerd.co.uk/products/classic-soundbar-804
26/01/2024,26/01/2024 18:37,SCR-A99055F58C61,retailer d,RET-PROD-027,Classic Soundbar 804,Audio,252.65,,,,https://www.retailerd.co.uk/products/classic-soundbar-804
06/02/2024,06/02/2024 20:55,SCR-AE4B2AFC15F4,RetailerD,RET-PROD-027,Classic Soundbar 804,Audio,179.32,,,Black Friday,https://www.retailerd.co.uk/products/classic-soundbar-804
02/03/2024,02/03/2024 16:19,SCR-EC193185CD8C,retailer d,RET-PROD-027,Classic Soundbar 804,,179.32,,,,https://www.retailerd.co.uk/products/classic-soundbar-804
29/03/2024,29/03/2024 08:06,SCR-36C098974DE6,retailer d,RET-PROD-027,Classic Soundbar 804,Audio,179.32,252.65,Was,,https://www.retailerd.co.uk/products/classic-soundbar-804
01/01/2024,01/01/2024 14:47,SCR-EF405233B183,Retailer C,RET-PROD-028,Smart Monitor 831,Computing,558.72,,,,https://www.retailerc.co.uk/products/smart-monitor-831
02/01/2024,02/01/2024 18:56,SCR-A8EE0501E6A8,retailer c,RET-PROD-028,Smart Monitor 831,Computing,279.36,,,,https://www.retailerc.co.uk/products/smart-monitor-831
03/01/2024,03/01/2024 19:24,SCR-B53236A3749A,Retailer  C,RET-PROD-028,Smart Monitor 831,,558.72,,,,https://www.retailerc.co.uk/products/smart-monitor-831
04/01/2024,04/01/2024 20:20,SCR-2F5D16A22B07,Ret C,RET-PROD-028,Smart Monitor 831,Computing,558.72,,,,https://www.retailerc.co.uk/products/smart-monitor-831
05/01/2024,05/01/2024 07:59,SCR-1CEDFF39B452,Retailer  C,RET-PROD-028,Smart Monitor 831,Computing,558.72,,,,https://www.retailerc.co.uk/products/smart-monitor-831
06/01/2024,06/01/2024 06:41,SCR-3E6AC4311C39,retailer c,RET-PROD-028,Smart Monitor 831,Computing,279.36,,,,https://www.retailerc.co.uk/products/smart-monitor-831
07/01/2024,07/01/2024 16:49,SCR-0E4B36960ADC,Ret C,RET-PROD-028,Smart Monitor 831,Computing,558.72,,,,https://www.retailerc.co.uk/products/smart-monitor-831
08/01/2024,08/01/2024 09:33,SCR-7B16075F164D,RETAILER C,RET-PROD-028,Smart Monitor 831,Computing,558.72,,,,https://www.retailerc.co.uk/products/smart-monitor-831
09/01/2024,09/01/2024 17:01,SCR-05901E105DE2,Retailer  C,RET-PROD-028,Smart Monitor 831,Computing,558.72,,,,https://www.retailerc.co.uk/products/smart-monitor-831
10/01/2024,10/01/2024 18:49,SCR-1D401B9AA8D7,Ret C,RET-PROD-028,Smart Monitor 831,Computing,558.72,,,,https://www.retailerc.co.uk/products/smart-monitor-831
11/01/2024,11/01/2024 20:09,SCR-6F935ACE7349,retailer c,RET-PROD-028,Smart Monitor 831,Computing,558.72,,,,https://www.retailerc.co.uk/products/smart-monitor-831
12/01/2024,12/01/2024 15:30,SCR-596A3D5B62E8,Retailer  C,RET-PROD-028,Smart Monitor 831,Computing,558.72,,,,https://www.retailerc.co.uk/products/smart-monitor-831
13/01/2024,13/01/2024 11:10,SCR-8E1EC154AAE0,RETAILER C,RET-PROD-028,Smart Monitor 831,Computing,558.72,,,,https://www.retailerc.co.uk/products/smart-monitor-831
14/01/2024,14/01/2024 18:45,SCR-EF84C47043A5,Ret C,RET-PROD-028,Smart Monitor 831,COMPUTING,558.72,,,,https://www.retailerc.co.uk/products/smart-monitor-831
15/01/2024,15/01/2024 07:07,SCR-D7037CED9723,RETAILER C,RET-PROD-028,Smart Monitor 831,Computing,558.72,,,,https://www.retailerc.co.uk/products/smart-monitor-831
16/01/2024,16/01/2024 09:36,SCR-78031081BADE,RETAILER C,RET-PROD-028,Smart Monitor 831,Computing,558.72,,,,https://www.retailerc.co.uk/products/smart-monitor-831
17/01/2024,17/01/2024 22:03,SCR-06C00DC9F3B7,Ret C,RET-PROD-028,,Computing,495.37,,,,https://www.retailerc.co.uk/products/smart-monitor-831
18/01/2024,18/01/2024 17:37,SCR-1DB0BCFC6022,retailer c,RET-PROD-028,Smart Monitor 831,Computing,495.37,,,,https://www.retailerc.co.uk/products/smart-monitor-831
19/01/2024,19/01/2024 07:25,SCR-EFD796A4913B,Retailer  C,RET-PROD-028,Smart Monitor 831,Computing,495.37,,,,https://www.retailerc.co.uk/products/smart-monitor-831
20/01/2024,20/01/2024 19:33,SCR-60FDBB81BC6E,retailer c,RET-PROD-028,Smart Monitor 831,Computing,495.37,,,,https://www.retailerc.co.uk/products/smart-monitor-831
21/01/2024,21/01/2024 16:26,SCR-003D127A16E3,Retailer C,RET-PROD-028,Smart Monitor 831,Computing,495.37,,,,https://www.retailerc.co.uk/products/smart-monitor-831
22/01/2024,22/01/2024 19:55,SCR-85D49DF3C38E,Retailer  C,RET-PROD-028,Smart Monitor 831,Computing,495.37,,,,https://www.retailerc.co.uk/products/smart-monitor-831
23/01/2024,23/01/2024 09:17,SCR-FAF5C5A3A35C,RETAILER C,RET-PROD-028,Smart Monitor 831,Computing,495.37,,,,https://www.retailerc.co.uk/products/smart-monitor-831
24/01/2024,24/01/2024 17:13,SCR-84EAB81CE3D6,Retailer C,RET-PROD-028,Smart Monitor 831,Computing,495.37,,,,https://www.retailerc.co.uk/products/smart-monitor-831
25/01/2024,25/01/2024 12:52,SCR-9EC1B8BDCC4F,retailer c,RET-PROD-028,Smart Monitor 831,Computing,247.69,,,,https://www.retailerc.co.uk/products/smart-monitor-831
26/01/2024,26/01/2024 14:03,SCR-4EFAC13BEF72,retailer c,RET-PROD-028,Smart Monitor 831,Computing,495.37,,,,https://www.retailerc.co.uk/products/smart-monitor-831
27/01/2024,27/01/2024 20:13,SCR-BC1798EF48C6,Retailer C,RET-PROD-028,Smart Monitor 831,Computing,495.37,,,,https://www.retailerc.co.uk/products/smart-monitor-831
28/01/2024,28/01/2024 18:37,SCR-58A8ECCEE292,RETAILER C,RET-PROD-028,Smart Monitor 831,Computing,495.37,,,,https://www.retailerc.co.uk/products/smart-monitor-831
29/01/2024,29/01/2024 15:19,SCR-0CF32431CFB3,retailer c,RET-PROD-028,Smart Monitor 831,computing,495.37,,,,https://www.retailerc.co.uk/products/smart-monitor-831
30/01/2024,30/01/2024 10:19,SCR-039A0E4D3A00,RETAILER C,RET-PROD-028,Smart Monitor 831,Computing,495.37,,,,https://www.retailerc.co.uk/products/smart-monitor-831
31/01/2024,31/01/2024 07:53,SCR-6121B8D9A22A,RETAILER C,RET-PROD-028,Smart Monitor 831,Computing,495.37,,,,https://www.retailerc.co.uk/products/smart-monitor-831
01/02/2024,01/02/2024 15:53,SCR-69B6F60AAC63,retailer c,RET-PROD-028,Smart Monitor 831,Computing,495.37,,,,https://www.retailerc.co.uk/products/smart-monitor-831
02/02/2024,02/02/2024 06:39,SCR-D700E413A9A7,Retailer  C,RET-PROD-028,Smart Monitor 831,Computing,495.37,,,,https://www.retailerc.co.uk/products/smart-monitor-831
03/02/2024,03/02/2024 22:28,SCR-1FC4C234B0CA,Retailer C,RET-PROD-028,Smart Monitor 831,Computing,495.37,,,,https://www.retailerc.co.uk/products/smart-monitor-831
04/02/2024,04/02/2024 07:03,SCR-CF9E9DD51E95,Retailer  C,RET-PROD-028,Smart Monitor 831,Computing,495.37,,,,https://www.retailerc.co.uk/products/smart-monitor-831
05/02/2024,05/02/2024 13:19,SCR-48FD87D12F79,Retailer C,RET-PROD-028,Smart Monitor 831,Computing,495.37,,,,https://www.retailerc.co.uk/products/smart-monitor-831
06/02/2024,06/02/2024 11:27,SCR-D5CDFA9C0B6D,retailer c,RET-PROD-028,Smart Monitor 831,Computing,495.37,,,,https://www.retailerc.co.uk/products/smart-monitor-831
07/02/2024,07/02/2024 22:59,SCR-85C6866E36DF,Retailer  C,RET-PROD-028,Smart Monitor 831,Computing,495.37,,,,https://www.retailerc.co.uk/products/smart-monitor-831
08/02/2024,08/02/2024 14:07,SCR-8662B39100E3,RETAILER C,RET-PROD-028,Smart Monitor 831,Computing,495.37,,,,https://www.retailerc.co.uk/products/smart-monitor-831
09/02/2024,09/02/2024 16:38,SCR-AC99EB6EDCB4,retailer c,RET-PROD-028,Smart Monitor 831,,495.37,,,,https://www.retailerc.co.uk/products/smart-monitor-831
10/02/2024,1707574877,SCR-91B70824AD4D,Ret C,RET-PROD-028,Smart Monitor 831,Computing,495.37,,,,https://www.retailerc.co.uk/products/smart-monitor-831
11/02/2024,11/02/2024 10:07,SCR-8B10EBD342E9,Ret C,RET-PROD-028,Smart Monitor 831,Computing,495.37,,,,https://www.retailerc.co.uk/products/smart-monitor-831
12/02/2024,12/02/2024 16:42,SCR-5B8B8A69EACD,Retailer  C,RET-PROD-028,Smart Monitor 831,Computing,495.37,,,,https://www.retailerc.co.uk/products/smart-monitor-831
13/02/2024,13/02/2024 18:50,SCR-7E058D04CC5A,Ret C,RET-PROD-028,Smart Monitor 831,Computing,495.37,,,,https://www.retailerc.co.uk/products/smart-monitor-831
14/02/2024,14/02/2024 18:10,SCR-26CBDB12E110,Retailer C,RET-PROD-028,Smart Monitor 831,Computing,495.37,,,,https://www.retailerc.co.uk/products/smart-monitor-831
15/02/2024,15/02/2024 10:11,SCR-67AD889BE539,Retailer C,RET-PROD-028,Smart Monitor 831,Computing,495.37,,,,https://www.retailerc.co.uk/products/smart-monitor-831
16/02/2024,16/02/2024 06:30,SCR-D7245D7A5F83,Retailer C,RET-PROD-028,Smart Monitor 831,Computing,495.37,,,,https://www.retailerc.co.uk/products/smart-monitor-831
17/02/2024,17/02/2024 13:39,SCR-077843B68BD1,retailer c,RET-PROD-028,Smart Monitor 831,Computing,495.37,,,,https://www.retailerc.co.uk/products/smart-monitor-831
18/02/2024,18/02/2024 16:00,SCR-82CE3A39D718,Retailer  C,RET-PROD-028,Smart Monitor 831,Computing,348.44,558.72,Was,Flash Sale,https://www.retailerc.co.uk/products/smart-monitor-831
19/02/2024,19/02/2024 11:03,SCR-D9C5075D1278,Ret C,RET-PROD-028,Smart Monitor 831,Computing,348.44,,,Flash Sale,https://www.retailerc.co.uk/products/smart-monitor-831
20/02/2024,20/02/2024 11:01,SCR-8496AAE455EF,RETAILER C,RET-PROD-028,Smart Monitor 831,Computing,348.44,,,Flash Sale,https://www.retailerc.co.uk/products/smart-monitor-831
21/02/2024,21/02/2024 13:53,SCR-612954A8ED3E,retailer c,RET-PROD-028,Smart Monitor 831,Computing,348.44,558.72,Was,Flash Sale,https://www.retailerc.co.uk/products/smart-monitor-831
22/02/2024,22/02/2024 18:36,SCR-B463EFAEE675,retailer c,RET-PROD-028,Smart Monitor 831,Computing,,558.72,Was,Flash Sale,https://www.retailerc.co.uk/products/smart-monitor-831
23/02/2024,23/02/2024 18:07,SCR-E528D9330B5B,Ret C,RET-PROD-028,Smart Monitor 831,Computing,348.44,,,Flash Sale,https://www.retailerc.co.uk/products/smart-monitor-831
24/02/2024,24/02/2024 08:52,SCR-DC7DE14B1BDC,Ret C,RET-PROD-028,Smart Monitor 831,COMPUTERS,348.44,558.72,Was,Flash Sale,https://www.retailerc.co.uk/products/smart-monitor-831
25/02/2024,25/02/2024 17:26,SCR-15EE4F6545D1,RETAILER C,RET-PROD-028,Smart Monitor 831,Computing,348.44,558.72,Was,Flash Sale,https://www.retailerc.co.uk/products/smart-monitor-831
26/02/2024,26/02/2024 18:45,SCR-84B8C6E8B474,Retailer  C,RET-PROD-028,Smart Monitor 831,Computing,348.44,558.72,Was,Flash Sale,https://www.retailerc.co.uk/products/smart-monitor-831
27/02/2024,27/02/2024 22:15,SCR-97F9DE484AEB,retailer c,RET-PROD-028,Smart Monitor 831,Computing,,558.72,Was,Flash Sale,https://www.retailerc.co.uk/products/smart-monitor-831
28/02/2024,28/02/2024 20:10,SCR-F30355D59A70,Retailer C,RET-PROD-028,Smart Monitor 831,Computing,348.44,558.72,Was,Flash Sale,https://www.retailerc.co.uk/products/smart-monitor-831
29/02/2024,29/02/2024 12:10,SCR-DE6EE41F45C9,retailer c,RET-PROD-028,Smart Monitor 831,Computing,348.44,558.72,Was,Flash Sale,https://www.retailerc.co.uk/products/smart-monitor-831
01/03/2024,01/03/2024 22:03,SCR-E9FE41041AE0,Retailer C,RET-PROD-028,Smart Monitor 831,Computing,348.44,558.72,Was,Flash Sale,https://www.retailerc.co.uk/products/smart-monitor-831
02/03/2024,02/03/2024 08:04,SCR-BC38D284A462,RETAILER C,RET-PROD-028,Smart Monitor 831,Computing,495.37,,,,https://www.retailerc.co.uk/products/smart-monitor-831
03/03/2024,03/03/2024 21:27,SCR-D9626E6F874F,Retailer C,RET-PROD-028,Smart Monitor 831,,495.37,,,,https://www.retailerc.co.uk/products/smart-monitor-831
04/03/2024,04/03/2024 08:57,SCR-C952EABC729A,Retailer  C,RET-PROD-028,Smart Monitor 831,Computing,891.67,,,,https://www.retailerc.co.uk/products/smart-monitor-831
05/03/2024,05/03/2024 11:24,SCR-B05D24B9175A,RETAILER C,RET-PROD-028,Smart Monitor 831,Computing,495.37,,,,https://www.retailerc.co.uk/products/smart-monitor-831
06/03/2024,06/03/2024 10:22,SCR-2E3C6EBAEC23,retailer c,RET-PROD-028,Smart Monitor 831,Computing,495.37,,,,https://www.retailerc.co.uk/products/smart-monitor-831
07/03/2024,07/03/2024 11:17,SCR-A7054AC0EA8D,Retailer C,RET-PROD-028,Smart Monitor 831,Computing,495.37,,,,https://www.retailerc.co.uk/products/smart-monitor-831
08/03/2024,08/03/2024 14:06,SCR-6265F492ACD2,Retailer C,RET-PROD-028,Smart Monitor 831,computing,495.37,,,,https://www.retailerc.co.uk/products/smart-monitor-831
09/03/2024,09/03/2024 20:05,SCR-B1841177ED8E,retailer c,RET-PROD-028,Smart Monitor 831,Computing,495.37,,,,https://www.retailerc.co.uk/products/smart-monitor-831
10/03/2024,10/03/2024 13:28,SCR-C5BE8AC2361D,Retailer C,RET-PROD-028,Smart Monitor 831,Computing,495.37,,,,https://www.retailerc.co.uk/products/smart-monitor-831
11/03/2024,11/03/2024 21:08,SCR-C799BCE586AA,retailer c,RET-PROD-028,Smart Monitor 831,Computing,495.37,,,,https://www.retailerc.co.uk/products/smart-monitor-831
12/03/2024,12/03/2024 12:11,SCR-FFF2CF378C32,Retailer C,RET-PROD-028,Smart Monitor 831,Computing,495.37,,,,https://www.retailerc.co.uk/products/smart-monitor-831
13/03/2024,13/03/2024 22:48,SCR-343163F3C16C,Retailer  C,RET-PROD-028,Smart Monitor 831,Computing,495.37,,,,https://www.retailerc.co.uk/products/smart-monitor-831
14/03/2024,14/03/2024 09:24,SCR-E679566D0F74,RETAILER C,RET-PROD-028,Smart Monitor 831,Computing,495.37,,,,https://www.retailerc.co.uk/products/smart-monitor-831
15/03/2024,15/03/2024 18:42,SCR-7FDE2D157250,retailer c,RET-PROD-028,Smart Monitor 831,Computing,495.37,,,,https://www.retailerc.co.uk/products/smart-monitor-831
16/03/2024,16/03/2024 18:11,SCR-0EE28F9931CF,Ret C,RET-PROD-028,Smart Monitor 831,Computing,495.37,,,,https://www.retailerc.co.uk/products/smart-monitor-831
17/03/2024,17/03/2024 17:26,SCR-08D541C633FD,Retailer C,RET-PROD-028,Smart Monitor 831,Computing,495.37,,,,https://www.retailerc.co.uk/products/smart-monitor-831
18/03/2024,18/03/2024 10:08,SCR-EB00875DA94F,retailer c,RET-PROD-028,Smart Monitor 831,Computing,495.37,,,,https://www.retailerc.co.uk/products/smart-monitor-831
19/03/2024,19/03/2024 07:18,SCR-3EE7636C8E2A,Retailer  C,RET-PROD-028,Smart Monitor 831,Computing,495.37,,,,https://www.retailerc.co.uk/products/smart-monitor-831
20/03/2024,20/03/2024 22:27,SCR-1EBC4697A461,Retailer  C,RET-PROD-028,Smart Monitor 831,Computing,495.37,,,,https://www.retailerc.co.uk/products/smart-monitor-831
21/03/2024,21/03/2024 06:30,SCR-AEBCBFCE720C,Ret C,RET-PROD-028,Smart Monitor 831,Computing,495.37,,,,https://www.retailerc.co.uk/products/smart-monitor-831
22/03/2024,22/03/2024 15:06,SCR-4A7219C43345,Retailer  C,RET-PROD-028,Smart Monitor 831,Computing,495.37,,,,https://www.retailerc.co.uk/products/smart-monitor-831
23/03/2024,23/03/2024 07:28,SCR-6D55BCF34856,RETAILER C,RET-PROD-028,,Computing,495.37,,,,https://www.retailerc.co.uk/products/smart-monitor-831
24/03/2024,24/03/2024 12:15,SCR-EBF22C970C64,Retailer C,RET-PROD-028,Smart Monitor 831,Computing,495.37,,,,https://www.retailerc.co.uk/products/smart-monitor-831
25/03/2024,25/03/2024 13:45,SCR-B3F88B110B66,RETAILER C,RET-PROD-028,Smart Monitor 831,Computing,495.37,,,,https://www.retailerc.co.uk/products/smart-monitor-831
26/03/2024,26/03/2024 22:36,SCR-B33A525FE360,RETAILER C,RET-PROD-028,Smart Monitor 831,Computing,495.37,,,,https://www.retailerc.co.uk/products/smart-monitor-831
27/03/2024,27/03/2024 20:25,SCR-8C830D0EE9C7,retailer c,RET-PROD-028,Smart Monitor 831,Computing,495.37,,,,https://www.retailerc.co.uk/products/smart-monitor-831
28/03/2024,28/03/2024 22:39,SCR-CBD1D4E2F127,Retailer C,RET-PROD-028,Smart Monitor 831,Computing,495.37,,,,https://www.retailerc.co.uk/products/smart-monitor-831
29/03/2024,29/03/2024 12:09,SCR-3913A988B21A,retailer c,RET-PROD-028,Smart Monitor 831,Computing,,,,,https://www.retailerc.co.uk/products/smart-monitor-831
30/03/2024,30/03/2024 20:22,SCR-2B31C1330443,RETAILER C,,Smart Monitor 831,Computing,495.37,,,,https://www.retailerc.co.uk/products/smart-monitor-831
01/01/2024,01/01/2024 20:24,SCR-53F752008372,Ret. A,RET-PROD-029,Ultra Laptop 180,COMPUTING,1391.97,,,,https://www.retailera.co.uk/products/ultra-laptop-180
02/01/2024,02/01/2024 18:55,SCR-5BE00A3BD60F,Ret. A,RET-PROD-029,Ultra Laptop 180,,1391.97,,,,https://www.retailera.co.uk/products/ultra-laptop-180
03/01/2024,03/01/2024 18:44,SCR-D32823935F98,Ret. A,RET-PROD-029,Ultra Laptop 180,Computing,1391.97,,,,https://www.retailera.co.uk/products/ultra-laptop-180
04/01/2024,04/01/2024 18:45,SCR-39F04CE3D7D7,Retailer-A,RET-PROD-029,Ultra Laptop 180,Computing,1391.97,,,,https://www.retailera.co.uk/products/ultra-laptop-180
05/01/2024,05/01/2024 11:58,SCR-DF8BCC2405BA,retailer a,RET-PROD-029,Ultra Laptop 180,Computing,1391.97,,,,https://www.retailera.co.uk/products/ultra-laptop-180
06/01/2024,06/01/2024 12:56,SCR-86295A9563E0,retailer a,RET-PROD-029,Ultra Laptop 180,Computing,1391.97,,,,https://www.retailera.co.uk/products/ultra-laptop-180
07/01/2024,07/01/2024 07:10,SCR-7976CB202CBC,RetailerA,RET-PROD-029,Ultra Laptop 180,Computing,1391.97,,,,https://www.retailera.co.uk/products/ultra-laptop-180
08/01/2024,08/01/2024 15:51,SCR-401A598D656C,Retailer-A,RET-PROD-029,Ultra Laptop 180,Computing,1391.97,,,,https://www.retailera.co.uk/products/ultra-laptop-180
09/01/2024,09/01/2024 16:44,SCR-B450A35F43BA,Retailer-A,RET-PROD-029,Ultra Laptop 180,Computing,1391.97,,,,https://www.retailera.co.uk/products/ultra-laptop-180
10/01/2024,10/01/2024 13:32,SCR-5CDB3AB4B620,Retailer-A,RET-PROD-029,Ultra Laptop 180,COMPUTERS,1391.97,,,,https://www.retailera.co.uk/products/ultra-laptop-180
11/01/2024,11/01/2024 17:56,SCR-286E70243A23,RETAILER A,RET-PROD-029,Ultra Laptop 180,Computing,1391.97,,,,https://www.retailera.co.uk/products/ultra-laptop-180
12/01/2024,,SCR-545D31F6A62C,Ret. A,,Ultra Laptop 180,,1391.97,,,,https://www.retailera.co.uk/products/ultra-laptop-180
13/01/2024,13/01/2024 10:19,SCR-3091F12E1D80,Retailer-A,RET-PROD-029,Ultra Laptop 180,Computing,1391.97,,,,https://www.retailera.co.uk/products/ultra-laptop-180
14/01/2024,14/01/2024 07:44,SCR-C82858E23D0B,Ret. A,RET-PROD-029,Ultra Laptop 180,Computing,1391.97,,,,https://www.retailera.co.uk/products/ultra-laptop-180
15/01/2024,15/01/2024 16:45,SCR-6DC0DD51D7D8,Retailer A,RET-PROD-029,Ultra Laptop 180,computers,1391.97,,,,https://www.retailera.co.uk/products/ultra-laptop-180
16/01/2024,16/01/2024 11:09,SCR-75FAC31B7FB9,Retailer-A,RET-PROD-029,Ultra Laptop 180,Computing,1391.97,,,,https://www.retailera.co.uk/products/ultra-laptop-180
17/01/2024,17/01/2024 16:02,SCR-02CBF2AB47D7,RETAILER A,RET-PROD-029,Ultra Laptop 180,Computing,1391.97,,,,https://www.retailera.co.uk/products/ultra-laptop-180
18/01/2024,1705579031,SCR-5BB6D78A21FC,Retailer-A,RET-PROD-029,Ultra Laptop 180,Computing,1391.97,,,,https://www.retailera.co.uk/products/ultra-laptop-180
19/01/2024,19/01/2024 10:22,SCR-4083ACB38F7A,Ret. A,RET-PROD-029,Ultra Laptop 180,Computing,1391.97,,,,https://www.retailera.co.uk/products/ultra-laptop-180
20/01/2024,20/01/2024 10:58,SCR-E78B351098E4,Ret. A,RET-PROD-029,Ultra Laptop 180,Computing,1391.97,,,,https://www.retailera.co.uk/products/ultra-laptop-180
21/01/2024,21/01/2024 16:41,SCR-B99E720B1B34,retailer a,RET-PROD-029,Ultra Laptop 180,Computing,1391.97,,,,https://www.retailera.co.uk/products/ultra-laptop-180
22/01/2024,22/01/2024 12:32,SCR-10D5BD6A9DA9,Retailer A,RET-PROD-029,Ultra Laptop 180,Computing,1391.97,,,,https://www.retailera.co.uk/products/ultra-laptop-180
23/01/2024,23/01/2024 21:02,SCR-7D8045D0C5F9,Retailer A,RET-PROD-029,Ultra Laptop 180,Computing,1391.97,,,,https://www.retailera.co.uk/products/ultra-laptop-180
24/01/2024,24/01/2024 11:29,SCR-F787F2DC3DF0,RetailerA,RET-PROD-029,Ultra Laptop 180,Computing,1391.97,,,,https://www.retailera.co.uk/products/ultra-laptop-180
25/01/2024,25/01/2024 16:51,SCR-61099E3A0B2B,RetailerA,RET-PROD-029,Ultra Laptop 180,Computing,1391.97,,,,https://www.retailera.co.uk/products/ultra-laptop-180
26/01/2024,26/01/2024 06:20,SCR-BB624B2D57A2,RETAILER A,RET-PROD-029,Ultra Laptop 180,Computing,1391.97,,,,https://www.retailera.co.uk/products/ultra-laptop-180
27/01/2024,27/01/2024 08:55,SCR-BEB5B43281FF,Retailer-A,RET-PROD-029,Ultra Laptop 180,Computing,1391.97,,,,https://www.retailera.co.uk/products/ultra-laptop-180
28/01/2024,28/01/2024 21:46,SCR-D658589D181E,retailer a,RET-PROD-029,Ultra Laptop 180,Computing,1391.97,,,,https://www.retailera.co.uk/products/ultra-laptop-180
29/01/2024,29/01/2024 11:35,SCR-CD1FA480EE1B,Retailer A,RET-PROD-029,Ultra Laptop 180,Computing,1391.97,,,,https://www.retailera.co.uk/products/ultra-laptop-180
30/01/2024,30/01/2024 18:16,SCR-9070C944476F,retailer a,RET-PROD-029,Ultra Laptop 180,Computing,1391.97,,,,https://www.retailera.co.uk/products/ultra-laptop-180
31/01/2024,31/01/2024 08:24,SCR-244A51ADA2C5,RETAILER A,RET-PROD-029,Ultra Laptop 180,Computing,1391.97,,,,https://www.retailera.co.uk/products/ultra-laptop-180
01/02/2024,01/02/2024 19:19,SCR-5CDA589FAFAD,retailer a,RET-PROD-029,Ultra Laptop 180,Computing,1391.97,,,,https://www.retailera.co.uk/products/ultra-laptop-180
02/02/2024,02/02/2024 17:16,SCR-761358F3BFA8,RetailerA,RET-PROD-029,Ultra Laptop 180,Computing,1391.97,,,,https://www.retailera.co.uk/products/ultra-laptop-180
03/02/2024,03/02/2024 10:52,SCR-50EF7BC11C53,retailer a,RET-PROD-029,Ultra Laptop 180,Computing,1391.97,,,,https://www.retailera.co.uk/products/ultra-laptop-180
04/02/2024,04/02/2024 06:36,SCR-A1B67F8273D5,RetailerA,RET-PROD-029,Ultra Laptop 180,Computing,1391.97,,,,https://www.retailera.co.uk/products/ultra-laptop-180
05/02/2024,05/02/2024 15:50,SCR-10D355ACA934,RetailerA,RET-PROD-029,Ultra Laptop 180,Computing,1391.97,,,,https://www.retailera.co.uk/products/ultra-laptop-180
06/02/2024,06/02/2024 07:41,SCR-BBF8FB51C56D,RETAILER A,RET-PROD-029,Ultra Laptop 180,Computing,1391.97,,,,https://www.retailera.co.uk/products/ultra-laptop-180
07/02/2024,07/02/2024 18:07,SCR-0494D4FC54C3,RetailerA,RET-PROD-029,Ultra Laptop 180,Computing,£1409.68,,,,https://www.retailera.co.uk/products/ultra-laptop-180
08/02/2024,08/02/2024 09:28,SCR-7601CD6772F6,RetailerA,RET-PROD-029,Ultra Laptop 180,Computing,1409.68,,,,https://www.retailera.co.uk/products/ultra-laptop-180
09/02/2024,,SCR-BA6D87446AA7,RETAILER A,RET-PROD-029,Ultra Laptop 180,Computing,1409.68,,,,https://www.retailera.co.uk/products/ultra-laptop-180
10/02/2024,10/02/2024 17:46,SCR-012A6E8E9F38,Retailer-A,RET-PROD-029,Ultra Laptop 180,,1409.68,,,,https://www.retailera.co.uk/products/ultra-laptop-180
11/02/2024,11/02/2024 21:37,SCR-21F202880A85,retailer a,RET-PROD-029,Ultra Laptop 180,computing,,,,,https://www.retailera.co.uk/products/ultra-laptop-180
12/02/2024,12/02/2024 13:39,SCR-3237D6220A01,retailer a,RET-PROD-029,Ultra Laptop 180,,1409.68,,,,https://www.retailera.co.uk/products/ultra-laptop-180
13/02/2024,13/02/2024 19:24,SCR-B3689DFDABBB,retailer a,RET-PROD-029,Ultra Laptop 180,Computing,1409.68,,,,https://www.retailera.co.uk/products/ultra-laptop-180
14/02/2024,14/02/2024 07:50,SCR-14AC8A86D057,Retailer A,RET-PROD-029,Ultra Laptop 180,computers,1409.68,,,,https://www.retailera.co.uk/products/ultra-laptop-180
15/02/2024,15/02/2024 21:28,SCR-86CB442D18D5,RetailerA,RET-PROD-029,Ultra Laptop 180,COMPUTERS,1409.68,,,,https://www.retailera.co.uk/products/ultra-laptop-180
16/02/2024,16/02/2024 22:14,SCR-DD1FF4ED1781,RETAILER A,RET-PROD-029,Ultra Laptop 180,Computing,1409.68,,,,https://www.retailera.co.uk/products/ultra-laptop-180
17/02/2024,17/02/2024 19:02,SCR-BB3BB50D9C4E,RETAILER A,RET-PROD-029,Ultra Laptop 180,Computing,1409.68,,,,https://www.retailera.co.uk/products/ultra-laptop-180
18/02/2024,18/02/2024 11:35,SCR-1D12D3E16675,Retailer A,RET-PROD-029,Ultra Laptop 180,Computing,1409.68,,,,https://www.retailera.co.uk/products/ultra-laptop-180
19/02/2024,19/02/2024 22:49,SCR-ED1A69778160,RETAILER A,RET-PROD-029,Ultra Laptop 180,Computing,1409.68,,,,https://www.retailera.co.uk/products/ultra-laptop-180
20/02/2024,20/02/2024 16:04,SCR-15BF389580FC,Retailer-A,RET-PROD-029,Ultra Laptop 180,Computing,1409.68,,,,https://www.retailera.co.uk/products/ultra-laptop-180
21/02/2024,21/02/2024 17:17,SCR-943D349116E9,Retailer-A,RET-PROD-029,Ultra Laptop 180,Computing,1409.68,,,,https://www.retailera.co.uk/products/ultra-laptop-180
22/02/2024,22/02/2024 18:09,SCR-00D8B026C263,RetailerA,RET-PROD-029,Ultra Laptop 180,Computing,1409.68,,,,https://www.retailera.co.uk/products/ultra-laptop-180
23/02/2024,23/02/2024 20:12,SCR-D9630676E843,Retailer-A,RET-PROD-029,Ultra Laptop 180,Computing,1409.68,,,,https://www.retailera.co.uk/products/ultra-laptop-180
24/02/2024,24/02/2024 17:54,SCR-BC70695DB7BC,RetailerA,RET-PROD-029,Ultra Laptop 180,Computing,1409.68,,,,https://www.retailera.co.uk/products/ultra-laptop-180
25/02/2024,25/02/2024 09:16,SCR-89C512E7E678,Ret. A,RET-PROD-029,Ultra Laptop 180,Computing,1409.68,,,,https://www.retailera.co.uk/products/ultra-laptop-180
26/02/2024,26/02/2024 19:39,SCR-AA20C9394070,Retailer A,RET-PROD-029,Ultra Laptop 180,Computing,1409.68,,,,https://www.retailera.co.uk/products/ultra-laptop-180
27/02/2024,27/02/2024 09:24,SCR-49DC1C67B832,retailer a,RET-PROD-029,Ultra Laptop 180,Computing,1409.68,,,,https://www.retailera.co.uk/products/ultra-laptop-180
28/02/2024,28/02/2024 21:12,SCR-2C865951DDDD,retailer a,RET-PROD-029,Ultra Laptop 180,Computing,1409.68,,,,https://www.retailera.co.uk/products/ultra-laptop-180
29/02/2024,29/02/2024 12:49,SCR-5B1F3B88BC59,RETAILER A,RET-PROD-029,Ultra Laptop 180,Computing,1409.68,,,,https://www.retailera.co.uk/products/ultra-laptop-180
01/03/2024,01/03/2024 13:07,SCR-90FD554E796F,Retailer A,RET-PROD-029,Ultra Laptop 180,Computing,1409.68,,,,https://www.retailera.co.uk/products/ultra-laptop-180
02/03/2024,02/03/2024 12:18,SCR-FD950F273014,Retailer-A,RET-PROD-029,Ultra Laptop 180,Computing,1409.68,,,,https://www.retailera.co.uk/products/ultra-laptop-180
03/03/2024,03/03/2024 11:22,SCR-1F9C0CF5F291,retailer a,RET-PROD-029,Ultra Laptop 180,Computing,1409.68,,,,https://www.retailera.co.uk/products/ultra-laptop-180
04/03/2024,04/03/2024 06:31,SCR-53679533AA37,Retailer A,,Ultra Laptop 180,Computing,1409.68,,,,https://www.retailera.co.uk/products/ultra-laptop-180
05/03/2024,05/03/2024 09:37,SCR-279EE73364A5,retailer a,RET-PROD-029,Ultra Laptop 180,Computing,1409.68,,,,https://www.retailera.co.uk/products/ultra-laptop-180
06/03/2024,06/03/2024 08:07,SCR-95A95986926B,RetailerA,,Ultra Laptop 180,Computing,1409.68,,,,https://www.retailera.co.uk/products/ultra-laptop-180
07/03/2024,07/03/2024 18:30,SCR-F050AAD925CE,RETAILER A,RET-PROD-029,Ultra Laptop 180,Computing,1409.68,,,,https://www.retailera.co.uk/products/ultra-laptop-180
08/03/2024,08/03/2024 08:45,SCR-64F907442D0A,Retailer A,RET-PROD-029,Ultra Laptop 180,Computing,1409.68,,,,https://www.retailera.co.uk/products/ultra-laptop-180
09/03/2024,09/03/2024 19:53,SCR-28F291696DD0,Retailer-A,RET-PROD-029,Ultra Laptop 180,Computing,1409.68,,,,https://www.retailera.co.uk/products/ultra-laptop-180
10/03/2024,10/03/2024 19:41,SCR-35A33F7550FC,Retailer A,RET-PROD-029,Ultra Laptop 180,Computing,1409.68,,,,https://www.retailera.co.uk/products/ultra-laptop-180
11/03/2024,11/03/2024 09:42,SCR-51BFD7A02A84,Retailer-A,RET-PROD-029,Ultra Laptop 180,Computing,1409.68,,,,https://www.retailera.co.uk/products/ultra-laptop-180
12/03/2024,12/03/2024 13:20,SCR-AA09CAAFD81C,retailer a,RET-PROD-029,Ultra Laptop 180,Computing,1409.68,,,,https://www.retailera.co.uk/products/ultra-laptop-180
13/03/2024,13/03/2024 22:27,SCR-0C133D6FCC23,Retailer A,RET-PROD-029,Ultra Laptop 180,Computing,1409.68,,,,https://www.retailera.co.uk/products/ultra-laptop-180
14/03/2024,14/03/2024 12:58,SCR-88F313AF338E,Retailer A,RET-PROD-029,Ultra Laptop 180,Computing,1409.68,,,,https://www.retailera.co.uk/products/ultra-laptop-180
15/03/2024,15/03/2024 14:45,SCR-0670CA1C7363,Ret. A,RET-PROD-029,Ultra Laptop 180,COMPUTING,1409.68,,,,https://www.retailera.co.uk/products/ultra-laptop-180
16/03/2024,16/03/2024 06:55,SCR-665C3905471A,Retailer A,RET-PROD-029,Ultra Laptop 180,Computing,1409.68,,,,https://www.retailera.co.uk/products/ultra-laptop-180
17/03/2024,17/03/2024 16:55,SCR-B922390BF90C,Retailer A,RET-PROD-029,Ultra Laptop 180,Computing,1409.68,,,,https://www.retailera.co.uk/products/ultra-laptop-180
18/03/2024,18/03/2024 19:38,SCR-5D39AAC07635,retailer a,,Ultra Laptop 180,computing,1409.68,,,,https://www.retailera.co.uk/products/ultra-laptop-180
19/03/2024,19/03/2024 16:01,SCR-9646DB3F2F54,Retailer A,RET-PROD-029,Ultra Laptop 180,Computing,1409.68,,,,https://www.retailera.co.uk/products/ultra-laptop-180
20/03/2024,20/03/2024 13:48,SCR-A60DA5AD3DEC,Retailer A,RET-PROD-029,Ultra Laptop 180,Computing,1409.68,,,,https://www.retailera.co.uk/products/ultra-laptop-180
21/03/2024,21/03/2024 13:22,SCR-D58B6B38DF9A,retailer a,RET-PROD-029,Ultra Laptop 180,Computing,1409.68,,,,https://www.retailera.co.uk/products/ultra-laptop-180
22/03/2024,22/03/2024 07:30,SCR-6D52C9C0CB9E,retailer a,RET-PROD-029,Ultra Laptop 180,Computing,1409.68,,,,https://www.retailera.co.uk/products/ultra-laptop-180
23/03/2024,23/03/2024 09:02,SCR-C27839F9805D,RETAILER A,RET-PROD-029,Ultra Laptop 180,Computing,1409.68,,,,https://www.retailera.co.uk/products/ultra-laptop-180
24/03/2024,24/03/2024 08:04,SCR-C08A5086986B,RetailerA,RET-PROD-029,Ultra Laptop 180,Computing,1409.68,,,,https://www.retailera.co.uk/products/ultra-laptop-180
25/03/2024,25/03/2024 19:09,SCR-A3E339E3841E,RETAILER A,RET-PROD-029,Ultra Laptop 180,Computing,1409.68,,,,https://www.retailera.co.uk/products/ultra-laptop-180
26/03/2024,26/03/2024 18:16,SCR-1A29B2B6A0BD,Retailer A,RET-PROD-029,Ultra Laptop 180,Computing,1409.68,,,,https://www.retailera.co.uk/products/ultra-laptop-180
27/03/2024,27/03/2024 10:14,SCR-D794CDD821D6,RETAILER A,RET-PROD-029,Ultra Laptop 180,Computing,1409.68,,,,https://www.retailera.co.uk/products/ultra-laptop-180
28/03/2024,28/03/2024 11:44,SCR-D07048D5A814,RETAILER A,RET-PROD-029,Ultra Laptop 180,Computing,1409.68,,,,https://www.retailera.co.uk/products/ultra-laptop-180
29/03/2024,29/03/2024 13:03,SCR-C8695E06B16A,Retailer-A,RET-PROD-029,Ultra Laptop 180,computers,1409.68,,,,https://www.retailera.co.uk/products/ultra-laptop-180
30/03/2024,30/03/2024 15:30,SCR-7046FB9CB3F0,Retailer A,RET-PROD-029,Ultra Laptop 180,Computing,1409.68,,,,https://www.retailera.co.uk/products/ultra-laptop-180
01/01/2024,01/01/2024 09:01,SCR-A5BE0786AB71,Retailer E,RET-PROD-030,Advanced Dishwasher 244,Appliances,285.45,,,,https://www.retailere.co.uk/products/advanced-dishwasher-244
02/01/2024,02/01/2024 09:08,SCR-8B3A5F07016C,RETAILER E,RET-PROD-030,Advanced Dishwasher 244,Appliances,285.45,,,,https://www.retailere.co.uk/products/advanced-dishwasher-244
03/01/2024,03/01/2024 17:37,SCR-11C3F02E524F,Ret. E,RET-PROD-030,Advanced Dishwasher 244,Appliances,285.45,,,,https://www.retailere.co.uk/products/advanced-dishwasher-244
04/01/2024,04/01/2024 07:45,SCR-1CA6C8EB09C6,Retailer E,RET-PROD-030,Advanced Dishwasher 244,Appliances,285.45,,,,https://www.retailere.co.uk/products/advanced-dishwasher-244
05/01/2024,05/01/2024 06:19,SCR-1DB2F2E1FD06,retailer e,RET-PROD-030,Advanced Dishwasher 244,Appliances,285.45,,,,https://www.retailere.co.uk/products/advanced-dishwasher-244
06/01/2024,1704569228,SCR-5C01991CEA91,Retailer E,RET-PROD-030,Advanced Dishwasher 244,Appliances,285.45,,,,https://www.retailere.co.uk/products/advanced-dishwasher-244
07/01/2024,07/01/2024 14:40,SCR-6B406F37D20A,Retailer-E,RET-PROD-030,Advanced Dishwasher 244,Appliances,285.45,,,,https://www.retailere.co.uk/products/advanced-dishwasher-244
08/01/2024,08/01/2024 16:38,SCR-0C7C6AAE6CC1,retailer e,RET-PROD-030,Advanced Dishwasher 244,Appliances,285.45,,,,https://www.retailere.co.uk/products/advanced-dishwasher-244
09/01/2024,09/01/2024 22:47,SCR-FE00BDA97FF1,Ret. E,RET-PROD-030,Advanced Dishwasher 244,Appliances,,,,,https://www.retailere.co.uk/products/advanced-dishwasher-244
10/01/2024,10/01/2024 17:03,SCR-47ABB47E999A,Retailer-E,RET-PROD-030,Advanced Dishwasher 244,Appliances,285.45,,,,https://www.retailere.co.uk/products/advanced-dishwasher-244
11/01/2024,11/01/2024 09:05,SCR-945954020275,Retailer-E,RET-PROD-030,Advanced Dishwasher 244,APPLIANCES,285.45,,,,https://www.retailere.co.uk/products/advanced-dishwasher-244
12/01/2024,12/01/2024 15:39,SCR-B2D8DA222007,RETAILER E,RET-PROD-030,Advanced Dishwasher 244,Appliances,285.45,,,,https://www.retailere.co.uk/products/advanced-dishwasher-244
13/01/2024,13/01/2024 06:05,SCR-152675234C2A,Ret. E,RET-PROD-030,Advanced Dishwasher 244,Appliances,285.45,,,,https://www.retailere.co.uk/products/advanced-dishwasher-244
14/01/2024,14/01/2024 11:56,SCR-73BC633AF3F3,retailer e,RET-PROD-030,Advanced Dishwasher 244,Appliances,285.45,,,,https://www.retailere.co.uk/products/advanced-dishwasher-244
15/01/2024,,SCR-1BE4965BE490,Retailer E,RET-PROD-030,Advanced Dishwasher 244,Appliances,285.45,,,,https://www.retailere.co.uk/products/advanced-dishwasher-244
16/01/2024,16/01/2024 20:49,SCR-41F390DA5E5D,Ret. E,RET-PROD-030,Advanced Dishwasher 244,Appliances,285.45,,,,https://www.retailere.co.uk/products/advanced-dishwasher-244
17/01/2024,17/01/2024 13:37,SCR-3760963D65E4,Ret. E,RET-PROD-030,Advanced Dishwasher 244,Appliances,285.45,,,,https://www.retailere.co.uk/products/advanced-dishwasher-244
18/01/2024,18/01/2024 11:54,SCR-8B3B1CA21182,RETAILER E,RET-PROD-030,Advanced Dishwasher 244,Appliances,285.45,,,,https://www.retailere.co.uk/products/advanced-dishwasher-244
19/01/2024,19/01/2024 10:50,SCR-75009623FE7E,Retailer-E,RET-PROD-030,Advanced Dishwasher 244,Appliances,142.72,,,,https://www.retailere.co.uk/products/advanced-dishwasher-244
20/01/2024,20/01/2024 20:21,SCR-6B336FC93F79,RETAILER E,RET-PROD-030,Advanced Dishwasher 244,Appliances,285.45,,,,https://www.retailere.co.uk/products/advanced-dishwasher-244
21/01/2024,21/01/2024 22:18,SCR-4BD06BA32B39,Retailer-E,RET-PROD-030,Advanced Dishwasher 244,Appliances,285.45,,,,https://www.retailere.co.uk/products/advanced-dishwasher-244
22/01/2024,22/01/2024 06:33,SCR-13BA2131AC60,retailer e,RET-PROD-030,Advanced Dishwasher 244,Appliances,285.45,,,,https://www.retailere.co.uk/products/advanced-dishwasher-244
23/01/2024,23/01/2024 08:38,SCR-3E481A7F7F1C,Retailer-E,RET-PROD-030,Advanced Dishwasher 244,Appliances,285.45,,,,https://www.retailere.co.uk/products/advanced-dishwasher-244
24/01/2024,24/01/2024 07:27,SCR-3E694535A1AB,Ret. E,RET-PROD-030,Advanced Dishwasher 244,Appliances,285.45,,,,https://www.retailere.co.uk/products/advanced-dishwasher-244
25/01/2024,25/01/2024 20:31,SCR-775128F944B0,retailer e,RET-PROD-030,,Appliances,285.45,,,,https://www.retailere.co.uk/products/advanced-dishwasher-244
26/01/2024,26/01/2024 08:28,SCR-019B696A69E0,Retailer E,RET-PROD-030,Advanced Dishwasher 244,Appliances,285.45,,,,https://www.retailere.co.uk/products/advanced-dishwasher-244
27/01/2024,27/01/2024 19:09,SCR-A52D1AB8CC77,Retailer-E,,Advanced Dishwasher 244,Appliances,£285.45,,,,https://www.retailere.co.uk/products/advanced-dishwasher-244
28/01/2024,28/01/2024 07:39,SCR-38077F417775,RETAILER E,RET-PROD-030,Advanced Dishwasher 244,Appliances,285.45,,,,https://www.retailere.co.uk/products/advanced-dishwasher-244
29/01/2024,29/01/2024 13:43,SCR-016EC87900B6,Retailer E,RET-PROD-030,Advanced Dishwasher 244,Appliances,285.45,,,,https://www.retailere.co.uk/products/advanced-dishwasher-244
30/01/2024,30/01/2024 07:12,SCR-C73A90B95469,retailer e,RET-PROD-030,Advanced Dishwasher 244,Appliances,285.45,,,,https://www.retailere.co.uk/products/advanced-dishwasher-244
31/01/2024,31/01/2024 08:28,SCR-86B845AF5DB9,Ret. E,RET-PROD-030,Advanced Dishwasher 244,white goods,285.45,,,,https://www.retailere.co.uk/products/advanced-dishwasher-244
01/02/2024,01/02/2024 08:37,SCR-8AAED26A8831,RETAILER E,RET-PROD-030,Advanced Dishwasher 244,Appliances,285.45,,,,https://www.retailere.co.uk/products/advanced-dishwasher-244
02/02/2024,02/02/2024 13:17,SCR-0128D5D39491,Ret. E,RET-PROD-030,Advanced Dishwasher 244,Appliances,285.45,,,,https://www.retailere.co.uk/products/advanced-dishwasher-244
03/02/2024,03/02/2024 13:27,SCR-3949E46CC1FF,retailer e,RET-PROD-030,Advanced Dishwasher 244,Appliances,,,,,https://www.retailere.co.uk/products/advanced-dishwasher-244
04/02/2024,04/02/2024 10:51,SCR-A914C90FB783,Retailer E,RET-PROD-030,Advanced Dishwasher 244,,285.45,,,,https://www.retailere.co.uk/products/advanced-dishwasher-244
05/02/2024,05/02/2024 11:08,SCR-844E6AAC86F0,Retailer-E,,Advanced Dishwasher 244,Appliances,285.45,,,,https://www.retailere.co.uk/products/advanced-dishwasher-244
06/02/2024,06/02/2024 22:53,SCR-4B8A21F9461B,Retailer E,RET-PROD-030,Advanced Dishwasher 244,WHITE GOODS,285.45,,,,https://www.retailere.co.uk/products/advanced-dishwasher-244
07/02/2024,07/02/2024 11:28,SCR-BE018258842F,Ret. E,RET-PROD-030,Advanced Dishwasher 244,Appliances,285.45,,,,https://www.retailere.co.uk/products/advanced-dishwasher-244
08/02/2024,08/02/2024 14:50,SCR-A943A5F9D0D9,Retailer-E,RET-PROD-030,Advanced Dishwasher 244,Appliances,285.45,,,,https://www.retailere.co.uk/products/advanced-dishwasher-244
09/02/2024,09/02/2024 20:22,SCR-9B983607A566,RETAILER E,RET-PROD-030,Advanced Dishwasher 244,Appliances,285.45,,,,https://www.retailere.co.uk/products/advanced-dishwasher-244
10/02/2024,10/02/2024 11:13,SCR-0E5FA07D2CC8,RETAILER E,RET-PROD-030,Advanced Dishwasher 244,Appliances,285.45,,,,https://www.retailere.co.uk/products/advanced-dishwasher-244
11/02/2024,11/02/2024 12:44,SCR-76C5C237C42F,RETAILER E,,,Appliances,285.45,,,,https://www.retailere.co.uk/products/advanced-dishwasher-244
12/02/2024,12/02/2024 22:39,SCR-A552F3E34EF0,Retailer E,RET-PROD-030,Advanced Dishwasher 244,Appliances,285.45,,,,https://www.retailere.co.uk/products/advanced-dishwasher-244
13/02/2024,13/02/2024 16:26,SCR-DCF8AB950A16,Retailer E,RET-PROD-030,Advanced Dishwasher 244,Appliances,285.45,,,,https://www.retailere.co.uk/products/advanced-dishwasher-244
14/02/2024,14/02/2024 15:34,SCR-FFF3919ACF66,Retailer E,RET-PROD-030,Advanced Dishwasher 244,Appliances,285.45,,,,https://www.retailere.co.uk/products/advanced-dishwasher-244
15/02/2024,15/02/2024 22:42,SCR-53169AA73974,Retailer E,RET-PROD-030,Advanced Dishwasher 244,Appliances,285.45,,,,https://www.retailere.co.uk/products/advanced-dishwasher-244
16/02/2024,16/02/2024 17:08,SCR-A8184810F997,Ret. E,RET-PROD-030,Advanced Dishwasher 244,Appliances,285.45,,,,https://www.retailere.co.uk/products/advanced-dishwasher-244
17/02/2024,17/02/2024 10:58,SCR-BBAB1C070F22,Retailer-E,RET-PROD-030,Advanced Dishwasher 244,Appliances,285.45,,,,https://www.retailere.co.uk/products/advanced-dishwasher-244
18/02/2024,18/02/2024 11:37,SCR-95371702152F,retailer e,RET-PROD-030,Advanced Dishwasher 244,Appliances,285.45,,,,https://www.retailere.co.uk/products/advanced-dishwasher-244
19/02/2024,19/02/2024 17:17,SCR-FF7970D54E1A,retailer e,RET-PROD-030,Advanced Dishwasher 244,Appliances,,,,,https://www.retailere.co.uk/products/advanced-dishwasher-244
20/02/2024,20/02/2024 11:33,SCR-03D5E02557DA,Retailer-E,RET-PROD-030,Advanced Dishwasher 244,Appliances,285.45,,,,https://www.retailere.co.uk/products/advanced-dishwasher-244
21/02/2024,21/02/2024 17:17,SCR-E33B07A0C4CA,retailer e,RET-PROD-030,Advanced Dishwasher 244,Appliances,285.45,,,,https://www.retailere.co.uk/products/advanced-dishwasher-244
22/02/2024,22/02/2024 21:15,SCR-E6BCBD37B787,retailer e,RET-PROD-030,Advanced Dishwasher 244,Appliances,£285.45,,,,https://www.retailere.co.uk/products/advanced-dishwasher-244
23/02/2024,23/02/2024 07:16,SCR-2083E93D2EF4,Ret. E,RET-PROD-030,Advanced Dishwasher 244,Appliances,285.45,,,,https://www.retailere.co.uk/products/advanced-dishwasher-244
24/02/2024,24/02/2024 21:45,SCR-51FE7ABE6C54,Retailer-E,RET-PROD-030,Advanced Dishwasher 244,Appliances,285.45,,,,https://www.retailere.co.uk/products/advanced-dishwasher-244
25/02/2024,1708883529,SCR-925D6D7FE522,Ret. E,RET-PROD-030,Advanced Dishwasher 244,Appliances,285.45,,,,https://www.retailere.co.uk/products/advanced-dishwasher-244
26/02/2024,26/02/2024 09:34,SCR-A0DF21825381,Ret. E,,Advanced Dishwasher 244,Appliances,285.45,,,,https://www.retailere.co.uk/products/advanced-dishwasher-244
27/02/2024,27/02/2024 08:48,SCR-835A6C9150AF,Retailer E,RET-PROD-030,Advanced Dishwasher 244,Appliances,285.45,,,,https://www.retailere.co.uk/products/advanced-dishwasher-244
28/02/2024,28/02/2024 14:20,SCR-948A88FA5EFE,Ret. E,RET-PROD-030,Advanced Dishwasher 244,Appliances,285.45,,,,https://www.retailere.co.uk/products/advanced-dishwasher-244
29/02/2024,29/02/2024 11:00,SCR-48B3158D6AD0,Retailer-E,RET-PROD-030,Advanced Dishwasher 244,Appliances,209.12,285.45,Was,Winter Sale,https://www.retailere.co.uk/products/advanced-dishwasher-244
01/03/2024,01/03/2024 22:35,SCR-B343C6E52C34,Retailer E,RET-PROD-030,Advanced Dishwasher 244,Appliances,209.12,285.45,Was,Winter Sale,https://www.retailere.co.uk/products/advanced-dishwasher-244
02/03/2024,02/03/2024 20:43,SCR-9D6B060BF51F,retailer e,RET-PROD-030,Advanced Dishwasher 244,Appliances,209.12,285.45,Was,Winter Sale,https://www.retailere.co.uk/products/advanced-dishwasher-244
03/03/2024,03/03/2024 17:32,SCR-5F96470D73D5,RETAILER E,RET-PROD-030,Advanced Dishwasher 244,Appliances,209.12,285.45,Was,Winter Sale,https://www.retailere.co.uk/products/advanced-dishwasher-244
04/03/2024,04/03/2024 11:57,SCR-4B70A0104F82,RETAILER E,RET-PROD-030,Advanced Dishwasher 244,Appliances,209.12,285.45,Was,Winter Sale,https://www.retailere.co.uk/products/advanced-dishwasher-244
05/03/2024,05/03/2024 18:26,SCR-82FE5485C7A0,Ret. E,RET-PROD-030,Advanced Dishwasher 244,Appliances,209.12,285.45,,Winter Sale,https://www.retailere.co.uk/products/advanced-dishwasher-244
06/03/2024,06/03/2024 15:04,SCR-85655D033B77,retailer e,RET-PROD-030,Advanced Dishwasher 244,Appliances,209.12,285.45,Was,Winter Sale,https://www.retailere.co.uk/products/advanced-dishwasher-244
07/03/2024,07/03/2024 14:56,SCR-0450E238ADF9,RETAILER E,,Advanced Dishwasher 244,Appliances,209.12,285.45,Was,Winter Sale,https://www.retailere.co.uk/products/advanced-dishwasher-244
08/03/2024,08/03/2024 13:36,SCR-E81B76CA88D1,RETAILER E,RET-PROD-030,Advanced Dishwasher 244,Appliances,209.12,285.45,,Winter Sale,https://www.retailere.co.uk/products/advanced-dishwasher-244
09/03/2024,09/03/2024 15:34,SCR-50331A4E8C15,retailer e,RET-PROD-030,Advanced Dishwasher 244,Appliances,209.12,285.45,Previously,Winter Sale,https://www.retailere.co.uk/products/advanced-dishwasher-244
10/03/2024,10/03/2024 15:14,SCR-B4693D19893E,Retailer-E,RET-PROD-030,Advanced Dishwasher 244,Appliances,209.12,285.45,was,Winter Sale,https://www.retailere.co.uk/products/advanced-dishwasher-244
11/03/2024,11/03/2024 21:02,SCR-A76FED55BC2B,Ret. E,RET-PROD-030,Advanced Dishwasher 244,Appliances,209.12,285.45,Was,Winter Sale,https://www.retailere.co.uk/products/advanced-dishwasher-244
12/03/2024,12/03/2024 15:30,SCR-D27E9BD2B9B9,Retailer E,RET-PROD-030,Advanced Dishwasher 244,Appliances,209.12,285.45,Was,Winter Sale,https://www.retailere.co.uk/products/advanced-dishwasher-244
13/03/2024,13/03/2024 15:24,SCR-EBFA30ADAC00,Retailer-E,RET-PROD-030,Advanced Dishwasher 244,Appliances,209.12,,,Winter Sale,https://www.retailere.co.uk/products/advanced-dishwasher-244
14/03/2024,14/03/2024 21:27,SCR-0E8B010B5180,retailer e,RET-PROD-030,Advanced Dishwasher 244,Appliances,209.12,285.45,Was,Winter Sale,https://www.retailere.co.uk/products/advanced-dishwasher-244
15/03/2024,15/03/2024 15:25,SCR-6B9E6642304F,RETAILER E,RET-PROD-030,Advanced Dishwasher 244,Appliances,209.12,285.45,Was,Winter Sale,https://www.retailere.co.uk/products/advanced-dishwasher-244
16/03/2024,16/03/2024 06:28,SCR-673BA700E2D9,Retailer E,RET-PROD-030,Advanced Dishwasher 244,Appliances,209.12,285.45,,Winter Sale,https://www.retailere.co.uk/products/advanced-dishwasher-244
17/03/2024,17/03/2024 13:17,SCR-DCE3AC92A286,RETAILER E,RET-PROD-030,Advanced Dishwasher 244,Appliances,209.12,285.45,Was,Winter Sale,https://www.retailere.co.uk/products/advanced-dishwasher-244
18/03/2024,18/03/2024 06:27,SCR-8389E224EF8C,Ret. E,RET-PROD-030,Advanced Dishwasher 244,Appliances,209.12,285.45,Was,Winter Sale,https://www.retailere.co.uk/products/advanced-dishwasher-244
19/03/2024,19/03/2024 10:55,SCR-6258EE8CE585,Ret. E,RET-PROD-030,Advanced Dishwasher 244,Appliances,209.12,285.45,Was,Winter Sale,https://www.retailere.co.uk/products/advanced-dishwasher-244
20/03/2024,20/03/2024 16:52,SCR-563D6FD30D89,RETAILER E,RET-PROD-030,Advanced Dishwasher 244,Appliances,209.12,285.45,,Winter Sale,https://www.retailere.co.uk/products/advanced-dishwasher-244
21/03/2024,21/03/2024 13:05,SCR-E4C62B805CB5,Retailer E,RET-PROD-030,Advanced Dishwasher 244,Appliances,209.12,,,Winter Sale,https://www.retailere.co.uk/products/advanced-dishwasher-244
22/03/2024,22/03/2024 16:58,SCR-590D783367AE,Retailer-E,RET-PROD-030,Advanced Dishwasher 244,Appliances,209.12,,,Winter Sale,https://www.retailere.co.uk/products/advanced-dishwasher-244
23/03/2024,23/03/2024 13:16,SCR-CF66A82843CB,Ret. E,RET-PROD-030,Advanced Dishwasher 244,Appliances,209.12,285.45,,Winter Sale,https://www.retailere.co.uk/products/advanced-dishwasher-244
24/03/2024,24/03/2024 16:09,SCR-AD199EE31A37,RETAILER E,RET-PROD-030,Advanced Dishwasher 244,Appliances,209.12,,,,https://www.retailere.co.uk/products/advanced-dishwasher-244
25/03/2024,25/03/2024 06:52,SCR-FD847D7B9D9B,Retailer-E,RET-PROD-030,Advanced Dishwasher 244,Appliances,209.12,,,,https://www.retailere.co.uk/products/advanced-dishwasher-244
26/03/2024,26/03/2024 18:37,SCR-42A354B8C2CD,retailer e,,Advanced Dishwasher 244,Appliances,209.12,,,,https://www.retailere.co.uk/products/advanced-dishwasher-244
27/03/2024,27/03/2024 07:38,SCR-493BBA51C194,Retailer E,RET-PROD-030,Advanced Dishwasher 244,Appliances,209.12,,,,https://www.retailere.co.uk/products/advanced-dishwasher-244
28/03/2024,28/03/2024 13:43,SCR-ED448D4E944E,retailer e,RET-PROD-030,Advanced Dishwasher 244,Appliances,209.12,,,,https://www.retailere.co.uk/products/advanced-dishwasher-244
29/03/2024,29/03/2024 13:09,SCR-C7EAEFA2CF65,Retailer-E,RET-PROD-030,Advanced Dishwasher 244,Appliances,209.12,,,,https://www.retailere.co.uk/products/advanced-dishwasher-244
30/03/2024,30/03/2024 07:25,SCR-08E97DC2BAA7,Retailer-E,RET-PROD-030,Advanced Dishwasher 244,Appliances,209.12,,,,https://www.retailere.co.uk/products/advanced-dishwasher-244
27/02/2024,27/02/2024 17:59,SCR-38EE8F1E7D39,Retailer A,RET-PROD-002,Compact Headphones 184,Audio,342.93,,,,https://www.retailera.co.uk/products/compact-headphones-184
12/02/2024,12/02/2024 06:18,SCR-2C29104C7587,RETAILER A,RET-PROD-026,Elite Lens 363,Cameras,1107.28,1517.07,Was,Winter Sale,https://www.retailera.co.uk/products/elite-lens-363
11/01/2024,11/01/2024 20:07,SCR-4823E2E35D18,retailer d,RET-PROD-024,Advanced Webcam 292,Computing,652.45,860.66,RRP,,https://www.retailerd.co.uk/products/advanced-webcam-292
09/03/2024,09/03/2024 21:31,SCR-FA3148B8C2FA,Retailer C,RET-PROD-007,HD Mirrorless Camera 667,Cameras,1391.01,2522.24,RRP,Winter Sale,https://www.retailerc.co.uk/products/hd-mirrorless-camera-667
21/03/2024,21/03/2024 19:21,SCR-8AFDD2E1EBAB,retailer b,RET-PROD-008,Premium Blender 972,Appliances,454.04,,,,https://www.retailerb.co.uk/products/premium-blender-972
15/03/2024,15/03/2024 12:08,SCR-C02F2D86B3C4,Retailer-A,RET-PROD-001,Wireless Soundbar 494,Audio,199.15,,,,https://www.retailera.co.uk/products/wireless-soundbar-494
24/03/2024,24/03/2024 10:16,SCR-25D324FD40A1,retailer e,RET-PROD-011,Wireless Mirrorless Camera 969,Cameras,956.4,,,,https://www.retailere.co.uk/products/wireless-mirrorless-camera-969
14/01/2024,1705264126,SCR-A0A7AE989DED,Ret. A,RET-PROD-002,Compact Headphones 184,audio,342.93,,,,https://www.retailera.co.uk/products/compact-headphones-184
09/01/2024,09/01/2024 16:44,SCR-B450A35F43BA,Retailer-A,RET-PROD-029,Ultra Laptop 180,Computing,1391.97,,,,https://www.retailera.co.uk/products/ultra-laptop-180
03/01/2024,03/01/2024 21:14,SCR-9ECB45849524,Retailer D Ltd,RET-PROD-005,Compact Kettle 839,Appliances,260.67,,,,https://www.retailerd.co.uk/products/compact-kettle-839
11/03/2024,11/03/2024 08:09,SCR-1704A35B7E89,Retailer  C,RET-PROD-020,Classic TV 225,TV,329.69,661.91,Was,Bank Holiday Sale,https://www.retailerc.co.uk/products/classic-tv-225
11/01/2024,11/01/2024 14:11,SCR-3348FB35B67B,retailer e,RET-PROD-018,Ultra Dishwasher 807,Appliances,355.89,,,,https://www.retailere.co.uk/products/ultra-dishwasher-807
10/01/2024,10/01/2024 13:51,SCR-71E7C5181BA9,retailer b,RET-PROD-008,Premium Blender 972,APPLIANCES,454.04,,,,https://www.retailerb.co.uk/products/premium-blender-972
23/01/2024,23/01/2024 07:40,SCR-ADAD570F2CF3,RetailerD,RET-PROD-025,HD Camera 310,Cameras,297.77,,,,https://www.retailerd.co.uk/products/hd-camera-310
24/01/2024,24/01/2024 19:40,SCR-CFEF914FA2FC,retailer e,RET-PROD-004,Advanced Action Camera 433,Cameras,1576.78,,,,https://www.retailere.co.uk/products/advanced-action-camera-433
19/01/2024,19/01/2024 18:54,SCR-7ABA6EA978D5,Retailer A,RET-PROD-023,Classic Amplifier 373,,68.94,,,,https://www.retailera.co.uk/products/classic-amplifier-373
05/01/2024,05/01/2024 17:54,SCR-D55E58D7291C,Retailer  C,RET-PROD-020,Classic TV 225,TV,329.69,,,,https://www.retailerc.co.uk/products/classic-tv-225
09/01/2024,09/01/2024 18:56,SCR-4BF149AAF59C,Retailer-A,RET-PROD-013,Pro Mouse 527,Computing,615.25,,,,https://www.retailera.co.uk/products/pro-mouse-527
10/02/2024,10/02/2024 09:31,SCR-2F7411608F64,Retailer E,,Wireless Dishwasher 274,Appliances,182.94,270.69,,Flash Sale,https://www.retailere.co.uk/products/wireless-dishwasher-274
27/02/2024,27/02/2024 08:10,SCR-56D4FAABE1DC,retailer d,RET-PROD-005,Compact Kettle 839,Appliances,166.14,,,,https://www.retailerd.co.uk/products/compact-kettle-839
06/03/2024,06/03/2024 10:22,SCR-2E3C6EBAEC23,retailer c,RET-PROD-028,Smart Monitor 831,Computing,495.37,,,,https://www.retailerc.co.uk/products/smart-monitor-831
04/01/2024,04/01/2024 20:18,SCR-90BB60ED4252,retailer a,RET-PROD-013,Pro Mouse 527,Computing,615.25,,,,https://www.retailera.co.uk/products/pro-mouse-527
20/03/2024,20/03/2024 20:25,SCR-737AD4EB6B5C,Retailer D Ltd,RET-PROD-025,HD Camera 310,Cameras,297.77,,,,https://www.retailerd.co.uk/products/hd-camera-310
28/03/2024,28/03/2024 08:49,SCR-67B5AAB43A10,retailer a,RET-PROD-010,Ultra Keyboard 238,Computing,,,,,https://www.retailera.co.uk/products/ultra-keyboard-238
28/02/2024,28/02/2024 21:12,SCR-2C865951DDDD,retailer a,RET-PROD-029,Ultra Laptop 180,Computing,1409.68,,,,https://www.retailera.co.uk/products/ultra-laptop-180
22/01/2024,22/01/2024 20:44,SCR-8B32A1E134B0,RETAILER A,RET-PROD-010,Ultra Keyboard 238,Computing,701.98,1203.81,RRP,,https://www.retailera.co.uk/products/ultra-keyboard-238
24/02/2024,24/02/2024 16:03,SCR-77A3F71296E4,retailer c,RET-PROD-015,Compact TV 380,TV,1493.4,,,,https://www.retailerc.co.uk/products/compact-tv-380
14/03/2024,14/03/2024 06:29,SCR-A02E82B7ADE8,retailer d,RET-PROD-024,Advanced Webcam 292,Computing,652.45,860.66,RRP,,https://www.retailerd.co.uk/products/advanced-webcam-292
11/03/2024,11/03/2024 16:40,SCR-52624E3D8C24,Retailer C,RET-PROD-007,HD Mirrorless Camera 667,Cameras,1391.01,2522.24,RRP,Winter Sale,https://www.retailerc.co.uk/products/hd-mirrorless-camera-667
04/03/2024,04/03/2024 20:01,SCR-C704AE3AC0CE,RetailerA,RET-PROD-001,Wireless Soundbar 494,Audio,199.15,,,,https://www.retailera.co.uk/products/wireless-soundbar-494
29/02/2024,1709244785,SCR-651A5A5FABC7,Retailer E,RET-PROD-009,Wireless Dishwasher 274,Appliances,182.94,270.69,Was,Flash Sale,https://www.retailere.co.uk/products/wireless-dishwasher-274
05/03/2024,05/03/2024 12:30,SCR-34C3D9411912,Retailer E,RET-PROD-018,Ultra Dishwasher 807,Appliances,257.3,,,,https://www.retailere.co.uk/products/ultra-dishwasher-807
09/01/2024,09/01/2024 21:41,SCR-CD4649E73DF9,Retailer D Ltd,RET-PROD-005,Compact Kettle 839,Appliances,260.67,,,,https://www.retailerd.co.uk/products/compact-kettle-839
01/01/2024,01/01/2024 15:47,SCR-CADB9D9BA92C,Retailer E,RET-PROD-011,Wireless Mirrorless Camera 969,Cameras,715.47,,,,https://www.retailere.co.uk/products/wireless-mirrorless-camera-969
20/02/2024,20/02/2024 11:01,SCR-8496AAE455EF,RETAILER C,RET-PROD-028,Smart Monitor 831,Computing,348.44,,,Flash Sale,https://www.retailerc.co.uk/products/smart-monitor-831
15/02/2024,15/02/2024 17:59,SCR-6007D360A56B,RETAILER A,RET-PROD-002,Compact Headphones 184,Audio,342.93,,,,https://www.retailera.co.uk/products/compact-headphones-184
05/03/2024,05/03/2024 16:56,SCR-8AB4C7EFABE6,RetailerA,RET-PROD-013,Pro Mouse 527,Computing,553.85,,,,https://www.retailera.co.uk/products/pro-mouse-527
04/02/2024,04/02/2024 20:53,SCR-3B6B0485D617,RetailerA,RET-PROD-001,Wireless Soundbar 494,Audio,199.15,,,Clearance,https://www.retailera.co.uk/products/wireless-soundbar-494
16/03/2024,16/03/2024 11:18,SCR-259F367F56CA,RetailerA,RET-PROD-001,Wireless Soundbar 494,Audio,199.15,,,,https://www.retailera.co.uk/products/wireless-soundbar-494
14/02/2024,14/02/2024 08:25,SCR-D0F4A944855B,Retailer B,RET-PROD-006,Elite Laptop 598,Computing,430.92,,,,https://www.retailerb.co.uk/products/elite-laptop-598
07/01/2024,07/01/2024 08:06,SCR-55598D9FAF86,retailer e,RET-PROD-004,Advanced Action Camera 433,Cameras,1576.78,,,,https://www.retailere.co.uk/products/advanced-action-camera-433
30/01/2024,30/01/2024 09:24,SCR-D177E0C61ED8,Retailer D,RET-PROD-025,HD Camera 310,Cameras,488.56,,,,https://www.retailerd.co.uk/products/hd-camera-310
02/03/2024,02/03/2024 19:06,SCR-F7D1A7EB8EDE,RETAILER E,RET-PROD-004,Advanced Action Camera 433,Cameras,1576.78,2827.57,Was,Winter Sale,https://www.retailere.co.uk/products/advanced-action-camera-433
04/03/2024,04/03/2024 07:23,SCR-1F1B4C27008B,Retailer B,RET-PROD-016,HD Webcam 448,Computing,710.41,,,,https://www.retailerb.co.uk/products/hd-webcam-448
15/01/2024,15/01/2024 06:25,SCR-297F01E63EAA,Retailer-A,RET-PROD-022,Wireless Soundbar 670,Audio,220.54,,,,https://www.retailera.co.uk/products/wireless-soundbar-670
10/03/2024,10/03/2024 13:16,SCR-DFCB8C6162B1,RETAILER C,RET-PROD-019,Compact Tablet 801,Computing,1041.21,,,,https://www.retailerc.co.uk/products/compact-tablet-801
25/02/2024,25/02/2024 18:32,SCR-1E555E0AFEC0,Retailer C,RET-PROD-020,Classic TV 225,TV,329.69,661.91,Was,Bank Holiday Sale,https://www.retailerc.co.uk/products/classic-tv-225
06/03/2024,06/03/2024 12:24,SCR-73EC2A0C2153,RETAILER E,,Wireless Mirrorless Camera 969,Cameras,904.31,,,,https://www.retailere.co.uk/products/wireless-mirrorless-camera-969
20/01/2024,20/01/2024 10:03,SCR-3A578A2B4E37,Retailer E,RET-PROD-004,Advanced Action Camera 433,Cameras,1576.78,,,,https://www.retailere.co.uk/products/advanced-action-camera-433
02/03/2024,02/03/2024 20:26,SCR-939C50F8A113,Retailer A,RET-PROD-026,Elite Lens 363,CAMERAS,1107.28,1517.07,Was,,https://www.retailera.co.uk/products/elite-lens-363
09/03/2024,09/03/2024 15:15,SCR-01D1EB620769,Retailer B.,RET-PROD-006,Elite Laptop 598,,,,,,https://www.retailerb.co.uk/products/elite-laptop-598
18/01/2024,18/01/2024 17:52,SCR-594E887B5595,retailer b,RET-PROD-006,,Computing,458.11,,,,https://www.retailerb.co.uk/products/elite-laptop-598
30/03/2024,30/03/2024 07:50,SCR-BD4718E0AE58,Retailer A,RET-PROD-001,Wireless Soundbar 494,Audio,199.15,,,,https://www.retailera.co.uk/products/wireless-soundbar-494
15/02/2024,15/02/2024 11:14,SCR-95071E54537A,Ret. E,RET-PROD-004,Advanced Action Camera 433,Cameras,1576.78,2827.57,Was,Winter Sale,https://www.retailere.co.uk/products/advanced-action-camera-433
17/01/2024,17/01/2024 08:19,SCR-125E1EC9418F,RETAILER E,RET-PROD-018,Ultra Dishwasher 807,Appliances,355.89,,,,https://www.retailere.co.uk/products/ultra-dishwasher-807
16/03/2024,16/03/2024 16:39,SCR-55DBADFCE81E,Retailer  C,RET-PROD-020,Classic TV 225,TV,329.69,,,Bank Holiday Sale,https://www.retailerc.co.uk/products/classic-tv-225
14/02/2024,14/02/2024 11:55,SCR-9687ADD4AEAA,RETAILER B,RET-PROD-003,Wireless Dishwasher 806,Appliances,122.38,,,,https://www.retailerb.co.uk/products/wireless-dishwasher-806
25/01/2024,25/01/2024 16:51,SCR-61099E3A0B2B,RetailerA,RET-PROD-029,Ultra Laptop 180,Computing,1391.97,,,,https://www.retailera.co.uk/products/ultra-laptop-180
24/02/2024,24/02/2024 14:01,SCR-4D1E9F8D1E4B,Retailer A,RET-PROD-021,Compact Keyboard 523,Computing,688.51,,,,https://www.retailera.co.uk/products/compact-keyboard-523
02/01/2024,02/01/2024 20:42,SCR-660056B04D72,retailer d,RET-PROD-025,HD Camera 310,cameras,297.77,,,,https://www.retailerd.co.uk/products/hd-camera-310
26/02/2024,26/02/2024 19:55,SCR-35CCAC7E9015,Retailer B.,RET-PROD-016,HD Webcam 448,Computing,710.41,,,,https://www.retailerb.co.uk/products/hd-webcam-448
08/03/2024,08/03/2024 20:48,SCR-4A7E88676487,Retailer  C,RET-PROD-015,Compact TV 380,TV,1264.52,1706.45,Was,Flash Sale,https://www.retailerc.co.uk/products/compact-tv-380
25/01/2024,25/01/2024 19:28,SCR-9C025330AF06,retailer e,RET-PROD-004,Advanced Action Camera 433,Cameras,1576.78,,,,https://www.retailere.co.uk/products/advanced-action-camera-433
23/01/2024,23/01/2024 16:47,SCR-B5B752DE1707,Retailer B.,RET-PROD-008,Premium Blender 972,Appliances,454.04,,,,https://www.retailerb.co.uk/products/premium-blender-972
16/02/2024,16/02/2024 14:12,SCR-29D2BEFE8B70,retailer a,RET-PROD-026,Elite Lens 363,Cameras,1107.28,1517.07,,Winter Sale,https://www.retailera.co.uk/products/elite-lens-363
11/02/2024,11/02/2024 16:14,SCR-447AAA37720E,Retailer-E,RET-PROD-011,Wireless Mirrorless Camera 969,Cameras,904.31,,,,https://www.retailere.co.uk/products/wireless-mirrorless-camera-969
04/01/2024,04/01/2024 18:08,SCR-085623459FC3,RetailerA,RET-PROD-002,Compact Headphones 184,Audio,342.93,,,,https://www.retailera.co.uk/products/compact-headphones-184
19/03/2024,19/03/2024 14:47,SCR-64E0A8A88542,Retailer A,RET-PROD-022,Wireless Soundbar 670,Audio,152.84,,,,https://www.retailera.co.uk/products/wireless-soundbar-670
15/02/2024,15/02/2024 14:42,SCR-DA2C69CE4F01,RETAILER A,,Compact Keyboard 523,Computing,688.51,,,,https://www.retailera.co.uk/products/compact-keyboard-523
30/03/2024,30/03/2024 22:08,SCR-DBAF3D627FDA,Retailer A,RET-PROD-002,Compact Headphones 184,AUDIO,139.04,,,,https://www.retailera.co.uk/products/compact-headphones-184
17/02/2024,17/02/2024 10:51,SCR-AABD4E4A302B,Retailer A,RET-PROD-002,Compact Headphones 184,Audio,342.93,,,,https://www.retailera.co.uk/products/compact-headphones-184
14/02/2024,14/02/2024 17:20,SCR-212289BB96EC,Retailer-E,RET-PROD-004,Advanced Action Camera 433,cameras,1576.78,2827.57,was,Winter Sale,https://www.retailere.co.uk/products/advanced-action-camera-433
17/02/2024,17/02/2024 10:51,SCR-AABD4E4A302B,Retailer A,RET-PROD-002,Compact Headphones 184,Audio,342.93,,,,https://www.retailera.co.uk/products/compact-headphones-184
13/02/2024,13/02/2024 20:50,SCR-1D67B8627086,Ret C,RET-PROD-019,Compact Tablet 801,Computing,1028.51,,,,https://www.retailerc.co.uk/products/compact-tablet-801
29/03/2024,29/03/2024 14:25,SCR-4DB34EDD78FA,retailer e,RET-PROD-004,Advanced Action Camera 433,Cameras,1576.78,2827.57,Was,Winter Sale,https://www.retailere.co.uk/products/advanced-action-camera-433
19/01/2024,19/01/2024 13:47,SCR-89CEFF60A73A,retailer c,RET-PROD-019,Compact Tablet 801,Computing,1028.51,,,,https://www.retailerc.co.uk/products/compact-tablet-801
26/01/2024,26/01/2024 22:45,SCR-AC360600444B,Retailer B.,RET-PROD-006,Elite Laptop 598,Computing,458.11,,,,https://www.retailerb.co.uk/products/elite-laptop-598
16/01/2024,16/01/2024 20:49,SCR-41F390DA5E5D,Ret. E,RET-PROD-030,Advanced Dishwasher 244,Appliances,285.45,,,,https://www.retailere.co.uk/products/advanced-dishwasher-244
10/03/2024,10/03/2024 12:25,SCR-85368094E13B,RETAILER A,RET-PROD-022,Wireless Soundbar 670,Audio,152.84,,,,https://www.retailera.co.uk/products/wireless-soundbar-670
22/01/2024,22/01/2024 08:08,SCR-8A81089CF5AA,Retailer-E,RET-PROD-012,Smart Camera 522,Cameras,1025.37,,,,https://www.retailere.co.uk/products/smart-camera-522
18/03/2024,18/03/2024 14:59,SCR-E9E5E1875417,RETAILER A,RET-PROD-013,Pro Mouse 527,Computing,£553.85,,,,https://www.retailera.co.uk/products/pro-mouse-527
26/03/2024,26/03/2024 15:41,SCR-57B49D6A1FF0,Retailer-A,RET-PROD-002,Compact Headphones 184,Audio,278.08,,,,https://www.retailera.co.uk/products/compact-headphones-184
28/02/2024,28/02/2024 08:39,SCR-83F8FBE610D5,Retailer-A,RET-PROD-002,Compact Headphones 184,Audio,278.08,342.93,Was,Clearance,https://www.retailera.co.uk/products/compact-headphones-184
12/01/2024,12/01/2024 19:49,SCR-4CDD1D115A53,retailer e,RET-PROD-017,Compact Humidifier 225,Home,331.11,,,,https://www.retailere.co.uk/products/compact-humidifier-225
02/03/2024,02/03/2024 09:55,SCR-AA404681ED6B,Retailer-A,RET-PROD-001,Wireless Soundbar 494,Audio,199.15,,,,https://www.retailera.co.uk/products/wireless-soundbar-494
14/01/2024,14/01/2024 18:16,SCR-3099BE521C27,Ret C,RET-PROD-020,Classic TV 225,TV,329.69,,,,https://www.retailerc.co.uk/products/classic-tv-225
12/02/2024,12/02/2024 20:15,SCR-39F4B69A3B83,Retailer-E,,Smart Camera 522,Cameras,562.73,,,,https://www.retailere.co.uk/products/smart-camera-522
17/01/2024,17/01/2024 16:34,SCR-CC1466E607DA,Retailer D,RET-PROD-005,Compact Kettle 839,Appliances,260.67,,,,https://www.retailerd.co.uk/products/compact-kettle-839
07/01/2024,07/01/2024 18:05,SCR-165C9237341E,RETAILER E,RET-PROD-017,Compact Humidifier 225,Home,183.95,,,,https://www.retailere.co.uk/products/compact-humidifier-225
22/02/2024,22/02/2024 17:13,SCR-F10B684781C6,Retailer E,RET-PROD-017,Compact Humidifier 225,Home,137.86,183.95,Was,Winter Sale,https://www.retailere.co.uk/products/compact-humidifier-225
05/02/2024,05/02/2024 15:37,SCR-DFC5C8D10874,RETAILER A,RET-PROD-023,Classic Amplifier 373,,47.49,,,Winter Sale,https://www.retailera.co.uk/products/classic-amplifier-373
24/03/2024,24/03/2024 12:49,SCR-86CBD335C23B,retailer b,RET-PROD-006,Elite Laptop 598,Computing,482.26,,,,https://www.retailerb.co.uk/products/elite-laptop-598
07/02/2024,07/02/2024 18:34,SCR-3CA775D7C80F,RETAILER E,RET-PROD-017,Compact Humidifier 225,Home,183.95,,,,https://www.retailere.co.uk/products/compact-humidifier-225
31/01/2024,31/01/2024 10:46,SCR-8BD3D727C5F3,RetailerA,RET-PROD-026,Elite Lens 363,Cameras,1517.07,,,,https://www.retailera.co.uk/products/elite-lens-363
09/01/2024,09/01/2024 19:25,SCR-D7EF5E7F7F6C,Retailer-E,RET-PROD-009,Wireless Dishwasher 274,Appliances,182.94,270.69,Was,Flash Sale,https://www.retailere.co.uk/products/wireless-dishwasher-274
05/01/2024,05/01/2024 19:15,SCR-614B3FFE4A22,RetailerA,RET-PROD-026,Elite Lens 363,Cameras,1517.07,,,,https://www.retailera.co.uk/products/elite-lens-363
04/03/2024,04/03/2024 20:53,SCR-03091DE52AFA,Retailer-A,RET-PROD-022,Wireless Soundbar 670,ELECTRONICS,152.84,,,,https://www.retailera.co.uk/products/wireless-soundbar-670
20/03/2024,20/03/2024 19:51,SCR-5B8795BE3D8C,Retailer A,RET-PROD-013,Pro Mouse 527,Computing,553.85,,,,https://www.retailera.co.uk/products/pro-mouse-527
01/01/2024,01/01/2024 09:01,SCR-A5BE0786AB71,Retailer E,RET-PROD-030,Advanced Dishwasher 244,Appliances,285.45,,,,https://www.retailere.co.uk/products/advanced-dishwasher-244
10/01/2024,10/01/2024 13:51,SCR-71E7C5181BA9,retailer b,RET-PROD-008,Premium Blender 972,Appliances,454.04,,,,https://www.retailerb.co.uk/products/premium-blender-972
05/02/2024,05/02/2024 11:08,SCR-844E6AAC86F0,Retailer-E,,Advanced Dishwasher 244,Appliances,285.45,,,,https://www.retailere.co.uk/products/advanced-dishwasher-244
07/01/2024,07/01/2024 19:02,SCR-46E179D4727E,RETAILER A,RET-PROD-001,Wireless Soundbar 494,Audio,308.99,,,,https://www.retailera.co.uk/products/wireless-soundbar-494
19/03/2024,19/03/2024 11:20,SCR-CBD7CBC6FF3D,Retailer E,RET-PROD-004,Advanced Action Camera 433,Cameras,1576.78,,,Winter Sale,https://www.retailere.co.uk/products/advanced-action-camera-433
27/01/2024,1706339743,SCR-7D2B907F78B3,Ret. A,RET-PROD-002,Compact Headphones 184,Audio,342.93,,,,https://www.retailera.co.uk/products/compact-headphones-184
03/01/2024,03/01/2024 07:55,SCR-8F990A0E9A31,retailer e,RET-PROD-012,Smart Camera 522,Cameras,562.73,,,,https://www.retailere.co.uk/products/smart-camera-522
10/01/2024,10/01/2024 13:32,SCR-5CDB3AB4B620,Retailer-A,RET-PROD-029,Ultra Laptop 180,Computing,£1391.97,,,,https://www.retailera.co.uk/products/ultra-laptop-180
01/01/2024,01/01/2024 15:59,SCR-DE49007D5A39,Retailer C,RET-PROD-019,Compact Tablet 801,,1028.51,,,,https://www.retailerc.co.uk/products/compact-tablet-801
14/02/2024,14/02/2024 12:47,SCR-9971BD0ACC1E,retailer c,RET-PROD-019,Compact Tablet 801,Computing,1028.51,,,,https://www.retailerc.co.uk/products/compact-tablet-801
13/02/2024,13/02/2024 10:55,SCR-5AC0346E7B91,Retailer B,RET-PROD-016,HD Webcam 448,Computing,710.41,,,,https://www.retailerb.co.uk/products/hd-webcam-448
13/02/2024,13/02/2024 16:04,SCR-3B273045B73D,Ret. E,RET-PROD-012,Smart Camera 522,Cameras,562.73,,,,https://www.retailere.co.uk/products/smart-camera-522
04/02/2024,04/02/2024 16:06,SCR-153A9B1715DB,RETAILER C,RET-PROD-015,Compact TV 380,TV,1493.4,,,,https://www.retailerc.co.uk/products/compact-tv-380
16/03/2024,16/03/2024 10:32,SCR-8035AC57425B,RETAILER B,RET-PROD-008,Premium Blender 972,Appliances,454.04,,,,https://www.retailerb.co.uk/products/premium-blender-972
05/01/2024,05/01/2024 20:56,SCR-CA241F45BED0,retailer c,RET-PROD-007,HD Mirrorless Camera 667,Cameras,1391.01,,,,https://www.retailerc.co.uk/products/hd-mirrorless-camera-667
20/02/2024,20/02/2024 16:04,SCR-15BF389580FC,Retailer-A,RET-PROD-029,Ultra Laptop 180,Computing,1409.68,,,,https://www.retailera.co.uk/products/ultra-laptop-180
08/03/2024,08/03/2024 12:15,SCR-D15D8B160F73,Ret. E,RET-PROD-017,Compact Humidifier 225,Home,£137.86,,,,https://www.retailere.co.uk/products/compact-humidifier-225
01/02/2024,01/02/2024 18:06,SCR-AEFD2A21BBA4,RETAILER A,RET-PROD-013,Pro Mouse 527,Computing,£615.25,,,,https://www.retailera.co.uk/products/pro-mouse-527
20/03/2024,20/03/2024 06:01,SCR-B028AEC5545A,retailer a,RET-PROD-023,Classic Amplifier 373,Audio,47.49,68.94,Was,,https://www.retailera.co.uk/products/classic-amplifier-373
16/01/2024,16/01/2024 13:10,SCR-1D602CEB489D,retailer c,,Compact TV 380,TV,1493.4,,,,https://www.retailerc.co.uk/products/compact-tv-380
24/02/2024,24/02/2024 10:20,SCR-18E5D661C553,retailer e,RET-PROD-012,Smart Camera 522,Cameras,562.73,,,,https://www.retailere.co.uk/products/smart-camera-522
01/01/2024,01/01/2024 11:30,SCR-00E1440E1D1A,Retailer A,RET-PROD-021,Compact Keyboard 523,Computing,,,,,https://www.retailera.co.uk/products/compact-keyboard-523
26/03/2024,26/03/2024 18:43,SCR-B44DC4177BAD,retailer e,RET-PROD-004,Advanced Action Camera 433,Cameras,1576.78,2827.57,Was,Winter Sale,https://www.retailere.co.uk/products/advanced-action-camera-433
30/03/2024,30/03/2024 16:11,SCR-915D72A53122,retailer b,RET-PROD-016,HD Webcam 448,Computing,710.41,,,,https://www.retailerb.co.uk/products/hd-webcam-448
21/03/2024,21/03/2024 12:53,SCR-8253E3DF25EF,retailer a,,Elite Lens 363,Cameras,1107.28,1517.07,Was,,https://www.retailera.co.uk/products/elite-lens-363
23/03/2024,23/03/2024 14:18,SCR-72DA1F48FDCC,retailer c,RET-PROD-014,Compact Smart Display 492,TV,1224.28,,,,https://www.retailerc.co.uk/products/compact-smart-display-492
02/01/2024,02/01/2024 15:10,SCR-0A6A04C92C6F,Retailer-A,RET-PROD-001,Wireless Soundbar 494,Audio,308.99,,,,https://www.retailera.co.uk/products/wireless-soundbar-494
21/03/2024,21/03/2024 08:25,SCR-32F28F28619A,retailer c,RET-PROD-007,HD Mirrorless Camera 667,Cameras,1391.01,2522.24,,Winter Sale,https://www.retailerc.co.uk/products/hd-mirrorless-camera-667
02/03/2024,02/03/2024 20:46,SCR-0A36EB722B79,Retailer A,RET-PROD-002,Compact Headphones 184,Audio,278.08,342.93,Was,Clearance,https://www.retailera.co.uk/products/compact-headphones-184
01/01/2024,01/01/2024 14:32,SCR-825641CE78C6,RetailerB,RET-PROD-016,HD Webcam 448,Computing,710.41,,,,https://www.retailerb.co.uk/products/hd-webcam-448
24/03/2024,24/03/2024 10:16,SCR-25D324FD40A1,retailer e,RET-PROD-011,Wireless Mirrorless Camera 969,cameras,956.4,,,,https://www.retailere.co.uk/products/wireless-mirrorless-camera-969
28/03/2024,28/03/2024 06:02,SCR-64063F5E03D2,Retailer-E,RET-PROD-004,Advanced Action Camera 433,Cameras,1576.78,,,Winter Sale,https://www.retailere.co.uk/products/advanced-action-camera-433
24/02/2024,24/02/2024 14:01,SCR-4D1E9F8D1E4B,Retailer A,RET-PROD-021,Compact Keyboard 523,COMPUTING,688.51,,,,https://www.retailera.co.uk/products/compact-keyboard-523
27/01/2024,27/01/2024 07:28,SCR-29C247CA5F37,Retailer B.,RET-PROD-006,Elite Laptop 598,Computing,,,,,https://www.retailerb.co.uk/products/elite-laptop-598
23/01/2024,23/01/2024 20:02,SCR-C11143595B99,retailer e,RET-PROD-011,Wireless Mirrorless Camera 969,Cameras,715.47,,,,https://www.retailere.co.uk/products/wireless-mirrorless-camera-969
26/02/2024,26/02/2024 09:34,SCR-A0DF21825381,Ret. E,,Advanced Dishwasher 244,Appliances,285.45,,,,https://www.retailere.co.uk/products/advanced-dishwasher-244
30/03/2024,30/03/2024 22:08,SCR-DBAF3D627FDA,Retailer A,RET-PROD-002,Compact Headphones 184,Audio,278.08,,,,https://www.retailera.co.uk/products/compact-headphones-184
08/02/2024,08/02/2024 13:58,SCR-C26C4A754377,RETAILER B,RET-PROD-008,Premium Blender 972,Appliances,368.74,,,Spring Sale,https://www.retailerb.co.uk/products/premium-blender-972
18/02/2024,18/02/2024 12:55,SCR-E5180A82D677,Ret. A,RET-PROD-010,Ultra Keyboard 238,Computing,701.98,1203.81,RRP,,https://www.retailera.co.uk/products/ultra-keyboard-238
24/01/2024,24/01/2024 07:10,SCR-8B9FB1DD8F6C,Retailer B.,RET-PROD-016,HD Webcam 448,Computing,1092.1,,,,https://www.retailerb.co.uk/products/hd-webcam-448
01/02/2024,01/02/2024 13:48,SCR-DC65CDCFD63B,Retailer B,RET-PROD-008,Premium Blender 972,Appliances,454.04,,,,https://www.retailerb.co.uk/products/premium-blender-972
10/01/2024,10/01/2024 17:03,SCR-47ABB47E999A,Retailer-E,RET-PROD-030,Advanced Dishwasher 244,Appliances,285.45,,,,https://www.retailere.co.uk/products/advanced-dishwasher-244
15/01/2024,15/01/2024 10:29,SCR-C41DE19EA309,Retailer A,RET-PROD-001,Wireless Soundbar 494,Audio,199.15,308.99,WAS,Clearance,https://www.retailera.co.uk/products/wireless-soundbar-494
09/02/2024,09/02/2024 18:31,SCR-BA6D87446AA7,RETAILER A,RET-PROD-029,Ultra Laptop 180,Computing,1409.68,,,,https://www.retailera.co.uk/products/ultra-laptop-180
04/01/2024,04/01/2024 09:08,SCR-14336F2CECE6,Ret. E,RET-PROD-017,Compact Humidifier 225,Home,183.95,,,,https://www.retailere.co.uk/products/compact-humidifier-225
14/01/2024,14/01/2024 20:28,SCR-A0A7AE989DED,Ret. A,RET-PROD-002,Compact Headphones 184,Audio,342.93,,,,https://www.retailera.co.uk/products/compact-headphones-184
14/02/2024,14/02/2024 17:20,SCR-212289BB96EC,Retailer-E,RET-PROD-004,Advanced Action Camera 433,Cameras,1576.78,2827.57,Was,Winter Sale,https://www.retailere.co.uk/products/advanced-action-camera-433
09/01/2024,09/01/2024 06:18,SCR-3C87DAD2FF1F,RETAILER E,RET-PROD-004,Advanced Action Camera 433,Cameras,1576.78,,,,https://www.retailere.co.uk/products/advanced-action-camera-433
26/02/2024,26/02/2024 18:48,SCR-A2E00304512D,Retailer E,RET-PROD-009,Wireless Dishwasher 274,Appliances,182.94,270.69,Was,Flash Sale,https://www.retailere.co.uk/products/wireless-dishwasher-274
30/03/2024,30/03/2024 15:01,SCR-A2E07E8A35F7,Ret. A,RET-PROD-010,Ultra Keyboard 238,Computing,701.98,1203.81,RRP,,https://www.retailera.co.uk/products/ultra-keyboard-238
22/01/2024,22/01/2024 21:28,SCR-F3671F141E8F,RETAILER C,RET-PROD-020,Classic TV 225,TV,329.69,,,,https://www.retailerc.co.uk/products/classic-tv-225
31/01/2024,31/01/2024 15:28,SCR-272062335B0E,RETAILER A,RET-PROD-010,Ultra Keyboard 238,Computing,701.98,1203.81,RRP,,https://www.retailera.co.uk/products/ultra-keyboard-238
08/03/2024,08/03/2024 14:42,SCR-BB0F87B498B4,Retailer-A,RET-PROD-022,Wireless Soundbar 670,Audio,152.84,,,,https://www.retailera.co.uk/products/wireless-soundbar-670
14/03/2024,14/03/2024 10:31,SCR-20B5A8619B89,RETAILER E,RET-PROD-009,Wireless Dishwasher 274,Appliances,£182.94,,,,https://www.retailere.co.uk/products/wireless-dishwasher-274
22/03/2024,22/03/2024 07:42,SCR-DBA089575EA8,Retailer B.,RET-PROD-008,Premium Blender 972,Appliances,454.04,,,,https://www.retailerb.co.uk/products/premium-blender-972
24/01/2024,24/01/2024 17:08,SCR-2C59BC2B92AC,Ret. E,RET-PROD-009,Wireless Dishwasher 274,Appliances,182.94,,,Flash Sale,https://www.retailere.co.uk/products/wireless-dishwasher-274
19/03/2024,19/03/2024 07:21,SCR-522F21B6BC8C,Retailer A,RET-PROD-010,Ultra Keyboard 238,Computing,701.98,1203.81,RRP,,https://www.retailera.co.uk/products/ultra-keyboard-238
12/01/2024,12/01/2024 09:01,SCR-706EB78026EC,Retailer-A,RET-PROD-026,Elite Lens 363,Cameras,1517.07,,,,https://www.retailera.co.uk/products/elite-lens-363
06/02/2024,06/02/2024 13:16,SCR-F22F26462083,RETAILER B,RET-PROD-008,Premium Blender 972,Appliances,855.58,,,,https://www.retailerb.co.uk/products/premium-blender-972
18/01/2024,18/01/2024 14:43,SCR-C3D7E7F85C35,Retailer-E,RET-PROD-009,Wireless Dishwasher 274,Appliances,182.94,270.69,Was,Flash Sale,https://www.retailere.co.uk/products/wireless-dishwasher-274
04/03/2024,04/03/2024 06:31,SCR-53679533AA37,Retailer A,,Ultra Laptop 180,Computing,1409.68,,,,https://www.retailera.co.uk/products/ultra-laptop-180
25/02/2024,25/02/2024 18:32,SCR-1E555E0AFEC0,Retailer C,RET-PROD-020,Classic TV 225,TV,329.69,661.91,Was,Bank Holiday Sale,https://www.retailerc.co.uk/products/classic-tv-225
05/03/2024,05/03/2024 06:08,SCR-6979F89D7247,Retailer B,RET-PROD-006,Elite Laptop 598,Computing,482.26,,,,https://www.retailerb.co.uk/products/elite-laptop-598
14/02/2024,14/02/2024 08:25,SCR-D0F4A944855B,Retailer B,RET-PROD-006,Elite Laptop 598,Computing,430.92,,,,https://www.retailerb.co.uk/products/elite-laptop-598
18/03/2024,18/03/2024 08:47,SCR-2A8E812C00C9,retailer d,RET-PROD-005,Compact Kettle 839,Appliances,166.14,,,,https://www.retailerd.co.uk/products/compact-kettle-839
01/02/2024,01/02/2024 15:38,SCR-9D7C442D9A7F,Ret C,RET-PROD-014,Compact Smart Display 492,TV,1224.28,,,Black Friday,https://www.retailerc.co.uk/products/compact-smart-display-492
07/03/2024,07/03/2024 14:04,SCR-E1A5D437548E,Retailer-A,RET-PROD-021,Compact Keyboard 523,Computing,£688.51,,,,https://www.retailera.co.uk/products/compact-keyboard-523
02/03/2024,02/03/2024 07:26,SCR-6BD5F0E3356E,Retailer B,RET-PROD-006,Elite Laptop 598,Computing,482.26,,,,https://www.retailerb.co.uk/products/elite-laptop-598
23/02/2024,23/02/2024 09:52,SCR-777477C3523C,Retailer A,RET-PROD-023,Classic Amplifier 373,Audio,47.49,68.94,Was,,https://www.retailera.co.uk/products/classic-amplifier-373
04/03/2024,04/03/2024 16:04,SCR-1F5A6DD5A34B,Retailer D Ltd,RET-PROD-005,Compact Kettle 839,,166.14,,,,https://www.retailerd.co.uk/products/compact-kettle-839
10/02/2024,10/02/2024 19:54,SCR-E8E43E6AB867,retailer d,,Advanced Webcam 292,Computing,652.45,860.66,,,https://www.retailerd.co.uk/products/advanced-webcam-292
24/03/2024,24/03/2024 14:07,SCR-D99AA066766B,Retailer  C,RET-PROD-014,Compact Smart Display 492,tv,1224.28,,,,https://www.retailerc.co.uk/products/compact-smart-display-492
19/01/2024,19/01/2024 07:30,SCR-8FA6850D5940,RETAILER C,RET-PROD-020,Classic TV 225,TV,329.69,,,,https://www.retailerc.co.uk/products/classic-tv-225
28/03/2024,28/03/2024 22:40,SCR-90399AF68EC2,Retailer B.,RET-PROD-008,Premium Blender 972,Appliances,454.04,,,,https://www.retailerb.co.uk/products/premium-blender-972
02/02/2024,02/02/2024 20:54,SCR-322552AB9186,retailer c,RET-PROD-019,Compact Tablet 801,Computing,1028.51,,,,https://www.retailerc.co.uk/products/compact-tablet-801
29/02/2024,29/02/2024 09:51,SCR-D21EA64B8ACA,RETAILER A,RET-PROD-021,Compact Keyboard 523,Computing,688.51,,,,https://www.retailera.co.uk/products/compact-keyboard-523
15/02/2024,15/02/2024 18:42,SCR-D6CF6C4EDD8B,RETAILER C,RET-PROD-020,Classic TV 225,TV,329.69,661.91,,Bank Holiday Sale,https://www.retailerc.co.uk/products/classic-tv-225
22/03/2024,22/03/2024 10:29,SCR-A4E4520B03B4,RETAILER E,RET-PROD-012,Smart Camera 522,Cameras,562.73,,,,https://www.retailere.co.uk/products/smart-camera-522
18/01/2024,18/01/2024 14:54,SCR-4CCD4D4D786C,Retailer D Ltd,RET-PROD-024,Advanced Webcam 292,Computing,652.45,860.66,RRP,,https://www.retailerd.co.uk/products/advanced-webcam-292
26/03/2024,26/03/2024 06:24,SCR-3CCC69088A1B,Retailer A,RET-PROD-022,Wireless Soundbar 670,Audio,152.84,,,,https://www.retailera.co.uk/products/wireless-soundbar-670
12/03/2024,12/03/2024 16:54,SCR-C2C47DC4CDCD,retailer a,RET-PROD-010,Ultra Keyboard 238,Computing,701.98,1203.81,RRP,,https://www.retailera.co.uk/products/ultra-keyboard-238
01/01/2024,01/01/2024 15:38,SCR-67538F7E2904,RETAILER A,RET-PROD-023,Classic Amplifier 373,Audio,68.94,,,,https://www.retailera.co.uk/products/classic-amplifier-373
19/02/2024,19/02/2024 11:03,SCR-D9C5075D1278,Ret C,RET-PROD-028,Smart Monitor 831,Computing,348.44,,,Flash Sale,https://www.retailerc.co.uk/products/smart-monitor-831
15/02/2024,15/02/2024 16:16,SCR-F44D005C63E6,RetailerD,RET-PROD-025,HD Camera 310,Cameras,253.29,488.56,Was,Bank Holiday Sale,https://www.retailerd.co.uk/products/hd-camera-310
30/03/2024,30/03/2024 12:09,SCR-911ED31A336F,retailer a,RET-PROD-022,Wireless Soundbar 670,Audio,152.84,,,,https://www.retailera.co.uk/products/wireless-soundbar-670
30/03/2024,30/03/2024 19:27,SCR-4A3606ED39E4,Ret. A,,Classic Amplifier 373,Audio,47.49,68.94,Was,,https://www.retailera.co.uk/products/classic-amplifier-373
13/01/2024,13/01/2024 17:38,SCR-D66762A142B4,retailer d,RET-PROD-025,HD Camera 310,Cameras,297.77,,,,https://www.retailerd.co.uk/products/hd-camera-310
01/03/2024,01/03/2024 13:36,SCR-13AE85A778AE,RETAILER E,RET-PROD-009,Wireless Dishwasher 274,Appliances,182.94,,,Flash Sale,https://www.retailere.co.uk/products/wireless-dishwasher-274
26/02/2024,26/02/2024 16:20,SCR-20071EF99B19,Retailer A,RET-PROD-022,Wireless Soundbar 670,Audio,152.84,,,,https://www.retailera.co.uk/products/wireless-soundbar-670
29/03/2024,29/03/2024 11:33,SCR-E413B63196D2,RETAILER B,RET-PROD-006,Elite Laptop 598,Computing,482.26,,,,https://www.retailerb.co.uk/products/elite-laptop-598
08/03/2024,08/03/2024 12:06,SCR-CB72AD86BCC5,Ret. E,RET-PROD-011,Wireless Mirrorless Camera 969,Cameras,904.31,,,,https://www.retailere.co.uk/products/wireless-mirrorless-camera-969
04/01/2024,04/01/2024 18:45,SCR-39F04CE3D7D7,Retailer-A,RET-PROD-029,Ultra Laptop 180,Computing,1391.97,,,,https://www.retailera.co.uk/products/ultra-laptop-180
14/02/2024,14/02/2024 21:06,SCR-37EC06A9962C,Retailer E,RET-PROD-009,Wireless Dishwasher 274,Appliances,182.94,,,Flash Sale,https://www.retailere.co.uk/products/wireless-dishwasher-274
28/01/2024,28/01/2024 06:01,SCR-5C71B96A8FD0,Retailer-A,RET-PROD-026,Elite Lens 363,Cameras,1517.07,,,,https://www.retailera.co.uk/products/elite-lens-363
01/03/2024,01/03/2024 06:28,SCR-8A282910B4EE,Retailer A,RET-PROD-013,Pro Mouse 527,Computing,553.85,,,,https://www.retailera.co.uk/products/pro-mouse-527
27/01/2024,27/01/2024 19:23,SCR-B1B6B854F65F,Retailer  C,RET-PROD-007,HD Mirrorless Camera 667,Cameras,1391.01,,,,https://www.retailerc.co.uk/products/hd-mirrorless-camera-667
